id,raw,avg,var,maxminusmin,lastminusfirst,label
1,85314,85332,4832,218,-127, NO_EVENT
2,85278,85279,1219,105,-36, NO_EVENT
3,85304,85240,2026,125,26, NO_EVENT
4,75920,81530,24413177,10727,-9384, NO_EVENT
5,74459,75216,428514,1751,-1461, NO_EVENT
6,74338,74886,219188,1259,-977, NO_EVENT
7,74464,74821,250796,1331,126, NO_EVENT
8,74818,74887,193546,1321,354, NO_EVENT
9,75472,74907,163652,970,654, NO_EVENT
10,74609,74463,12872,368,63, NO_EVENT
11,75923,74704,183166,1526,1314, NO_EVENT
12,74904,75421,389164,1803,-1019, NO_EVENT
13,75083,74717,102592,913,179, NO_EVENT
14,74734,74961,152065,1226,-999, NO_EVENT
15,76781,74923,557846,2448,2448, NO_EVENT
16,74508,75281,363291,2273,-2273, NO_EVENT
17,74628,74882,161289,1143,120, NO_EVENT
18,74623,74933,75910,751,-713, NO_EVENT
19,77922,75681,1624682,3374,3289, NO_EVENT
20,74699,75263,1049547,3307,-3223, NO_EVENT
21,74419,74705,77569,697,-280, NO_EVENT
22,74367,75015,378567,1572,-283, NO_EVENT
23,75871,75031,135730,1183,1183, NO_EVENT
24,75026,75038,218910,1248,-845, NO_EVENT
25,74745,74631,77707,744,-281, NO_EVENT
26,74411,74787,138236,1111,-334, NO_EVENT
27,75270,75120,343073,1720,568, NO_EVENT
28,75378,75001,93526,816,108, NO_EVENT
29,74139,74936,183217,1580,-1239, NO_EVENT
30,74948,74732,170589,1323,809, NO_EVENT
31,74510,75384,618175,2120,-2120, NO_EVENT
32,74391,74752,66023,906,-119, NO_EVENT
33,74858,75025,322985,1406,467, NO_EVENT
34,74452,75258,205589,1304,-406, NO_EVENT
35,75136,75572,857140,2773,189, NO_EVENT
36,74999,74887,133174,1098,-137, NO_EVENT
37,74585,74832,50698,662,-414, NO_EVENT
38,75868,74887,315731,1674,1283, NO_EVENT
39,74233,75500,648117,2321,-933, NO_EVENT
40,75005,74784,101019,853,772, NO_EVENT
41,74405,75459,305451,1656,-600, NO_EVENT
42,74471,74628,86935,820,66, NO_EVENT
43,74857,74785,39955,593,40, NO_EVENT
44,74376,74701,201898,1348,-162, NO_EVENT
45,74647,74801,47167,760,271, NO_EVENT
46,74832,75184,243511,1471,185, NO_EVENT
47,74528,74972,278728,1571,-304, NO_EVENT
48,74660,74813,92947,802,286, NO_EVENT
49,74881,74692,79718,859,221, NO_EVENT
50,74946,75665,305377,1687,65, NO_EVENT
51,74425,74811,154924,1084,-521, NO_EVENT
52,74978,74868,122046,890,560, NO_EVENT
53,74245,74761,186708,1171,-733, NO_EVENT
54,75025,74825,154102,1196,780, NO_EVENT
55,74630,74853,52292,580,-395, NO_EVENT
56,74496,74721,31441,499,-7, NO_EVENT
57,74647,74875,68707,925,151, NO_EVENT
58,74698,74960,686824,2503,51, NO_EVENT
59,74545,74753,39297,520,-153, NO_EVENT
60,75087,74753,50935,672,542, NO_EVENT
61,77830,75538,794397,3016,2740, NO_EVENT
62,74986,75270,617159,3074,-2844, NO_EVENT
63,74401,74731,113961,895,-585, NO_EVENT
64,74439,74795,114717,1035,38, NO_EVENT
65,74776,75777,2328888,4612,320, NO_EVENT
66,74399,74776,203196,1179,-377, NO_EVENT
67,75136,74749,85600,737,737, NO_EVENT
68,75293,75536,722075,2793,157, NO_EVENT
69,75033,75422,408576,1881,-30, NO_EVENT
70,74632,74856,88835,896,-401, NO_EVENT
71,74932,74710,32822,568,300, NO_EVENT
72,74865,75429,224848,1469,-67, NO_EVENT
73,74733,75007,53218,667,-438, NO_EVENT
74,75009,74878,28646,515,276, NO_EVENT
75,74436,75254,560130,2124,-573, NO_EVENT
76,74761,75005,309809,1577,325, NO_EVENT
77,74274,74968,168619,1183,-633, NO_EVENT
78,74293,74792,314671,1625,19, NO_EVENT
79,75665,75319,564953,2309,1372, NO_EVENT
80,74553,75194,622760,2374,-1112, NO_EVENT
81,75137,75179,103604,988,181, NO_EVENT
82,74939,75006,124684,1153,-198, NO_EVENT
83,75015,75389,163067,1036,76, NO_EVENT
84,75087,75272,325523,1582,72, NO_EVENT
85,74726,75035,90230,930,-223, NO_EVENT
86,75172,75020,176704,1083,446, NO_EVENT
87,75138,75423,792468,2703,-34, NO_EVENT
88,74689,75299,251151,1382,-449, NO_EVENT
89,74444,75116,110965,1217,-653, NO_EVENT
90,74915,75173,167594,1459,471, NO_EVENT
91,74373,74806,111502,984,-542, NO_EVENT
92,74824,74809,167803,1179,451, NO_EVENT
93,74939,74877,49549,705,389, NO_EVENT
94,75378,75242,371079,1718,439, NO_EVENT
95,75044,75242,452983,1925,-334, NO_EVENT
96,74840,74813,38747,610,-204, NO_EVENT
97,75968,75025,178015,1389,701, NO_EVENT
98,75055,75744,159860,1403,-913, NO_EVENT
99,74750,74966,37070,496,-305, NO_EVENT
100,76053,75433,202878,1303,1303, NO_EVENT
101,76433,75483,431785,1847,887, NO_EVENT
102,75390,74964,177919,1926,-1043, NO_EVENT
103,75583,75289,219014,1520,193, NO_EVENT
104,75819,75287,269040,1334,236, NO_EVENT
105,74277,76397,1275905,3558,-2887, NO_EVENT
106,74906,75379,838677,2852,629, NO_EVENT
107,74695,75360,551297,1926,-211, NO_EVENT
108,75137,75525,433873,1831,-547, NO_EVENT
109,76626,75516,374594,1874,1489, NO_EVENT
110,74438,75928,712343,2949,-2188, NO_EVENT
111,77754,76406,1204463,3316,3316, NO_EVENT
112,76615,76393,939948,2917,1522, NO_EVENT
113,75693,76619,888675,2655,-922, NO_EVENT
114,75680,76329,419052,1653,-13, NO_EVENT
115,76151,76261,301329,1677,471, NO_EVENT
116,77278,76982,133077,1354,1127, NO_EVENT
117,77713,77645,162369,1114,-339, NO_EVENT
118,80425,78681,351253,2712,2712, NO_EVENT
119,80247,80042,163068,1163,-178, NO_EVENT
120,82160,81403,264234,1913,1913, NO_EVENT
121,82071,81940,35332,485,299, NO_EVENT
122,82465,82350,20368,452,394, NO_EVENT
123,82843,82595,10741,378,378, NO_EVENT
124,84638,83174,448897,1958,1795, NO_EVENT
125,168552,119651,48528923,83914,83914, TOUCHED
126,219760,213249,100767173,51208,51208, TOUCHED
127,218684,219118,156496,1076,-1076, TOUCHED
128,220100,219924,76539,1416,1416, TOUCHED
129,218062,219086,968572,2038,-2038, TOUCHED
130,182601,216616,100728900,37379,-36661, TOUCHED
131,85945,101421,46647313,96656,-96656, UNTOUCHED
132,84420,85249,443331,1769,-1525, NO_EVENT
133,83008,83831,204839,1412,-1412, NO_EVENT
134,83281,83041,27731,451,273, NO_EVENT
135,83683,83421,39817,593,402, NO_EVENT
136,86409,84437,430303,2935,2935, NO_EVENT
137,88431,87120,1252813,2735,2022, NO_EVENT
138,218658,146226,128547863,126942,126942, TOUCHED
139,220031,219758,586617,1720,1373, TOUCHED
140,219868,219917,4983,163,-163, TOUCHED
141,218708,219518,211349,1160,-1160, TOUCHED
142,219132,219470,332258,1341,424, TOUCHED
143,90885,169011,66656819,129114,-128247, UNTOUCHED
144,86960,88415,1986486,4260,-3925, NO_EVENT
145,84778,86061,309325,2182,-2182, NO_EVENT
146,84136,84822,142184,1145,-642, NO_EVENT
147,83905,84156,14882,422,-231, NO_EVENT
148,84623,84453,74950,978,718, NO_EVENT
149,85855,85252,439867,1836,1232, NO_EVENT
150,89106,87780,1066538,3251,3251, NO_EVENT
151,117288,103382,153619658,28182,28182, TOUCHED
152,219386,215041,54629006,102098,102098, TOUCHED
153,216768,217930,615196,1974,-1974, TOUCHED
154,218651,216623,221929,2342,1883, TOUCHED
155,218248,217908,512163,1479,-403, TOUCHED
156,161651,204004,51718776,56597,-56597, TOUCHED
157,90289,95056,12484577,10402,-10402, UNTOUCHED
158,87215,88548,423176,3074,-3074, NO_EVENT
159,86089,86494,193444,1126,-1126, NO_EVENT
160,84693,85325,358637,1561,-1396, NO_EVENT
161,84712,85162,167558,1220,19, NO_EVENT
162,85203,85078,16351,299,267, NO_EVENT
163,86589,86236,215788,1303,406, NO_EVENT
164,89816,88510,977643,2963,2963, NO_EVENT
165,191473,106231,136213546,99723,99723, TOUCHED
166,219878,209000,1227304,28405,28405, TOUCHED
167,219965,219755,24944,371,87, TOUCHED
168,219743,219810,11285,230,-222, TOUCHED
169,219570,220036,143910,856,-173, TOUCHED
170,218964,220019,498077,1704,-606, TOUCHED
171,96131,161802,76257804,122833,-122833, TOUCHED
172,89277,92411,5187760,6854,-6854, UNTOUCHED
173,87979,88489,108370,937,-937, NO_EVENT
174,85847,86893,333963,1553,-1553, NO_EVENT
175,87051,86766,374364,1793,-643, NO_EVENT
176,86253,86471,310418,1586,3, NO_EVENT
177,87336,86923,206040,1145,145, NO_EVENT
178,91455,89077,1738322,3949,3949, NO_EVENT
179,219095,133082,128255960,125290,125290, TOUCHED
180,219873,220253,712657,1928,778, TOUCHED
181,219488,220380,527203,1634,-385, TOUCHED
182,220243,220282,229147,1180,755, TOUCHED
183,101703,152600,22875232,118540,-118540, TOUCHED
184,91907,96051,10056813,9796,-9796, UNTOUCHED
185,88122,89438,1693816,3438,-3438, NO_EVENT
186,86842,87737,280860,1537,-1537, NO_EVENT
187,86020,86198,550166,1977,-1442, NO_EVENT
188,85071,85302,82030,815,141, NO_EVENT
189,84864,84951,117367,1124,-554, NO_EVENT
190,86014,85311,122953,1150,1150, NO_EVENT
191,88490,86829,594739,2476,2476, NO_EVENT
192,133352,104108,60470786,44862,44862, TOUCHED
193,220952,206542,161507367,87600,87600, TOUCHED
194,221026,220760,64571,529,74, TOUCHED
195,220706,220705,15212,395,-320, TOUCHED
196,220452,220204,107749,834,-254, TOUCHED
197,93646,128405,99488487,126806,-126806, UNTOUCHED
198,87895,89955,3918213,5751,-5751, NO_EVENT
199,84938,86519,775298,2957,-2957, NO_EVENT
200,83430,84101,438307,1801,-1508, NO_EVENT
201,82742,82941,99233,881,-688, NO_EVENT
202,82745,82775,23611,438,3, NO_EVENT
203,82617,82717,10926,305,-77, NO_EVENT
204,82548,82681,20548,415,-69, NO_EVENT
205,83042,82670,21233,494,494, NO_EVENT
206,83203,83071,78245,815,161, NO_EVENT
207,83589,83204,53156,659,283, NO_EVENT
208,85961,84324,399061,2250,2246, NO_EVENT
209,91317,87955,4237188,5356,5356, NO_EVENT
210,291600,211486,6460478,200283,200283, TOUCHED
211,342237,333355,92492286,52367,50637, TOUCHED
212,95966,206680,88463218,246271,-246271, UNTOUCHED
213,88908,90739,2659420,4096,-4096, NO_EVENT
214,86295,87344,622803,2613,-2613, NO_EVENT
215,86412,86408,6603,227,117, NO_EVENT
216,84905,85499,155255,1507,-1507, NO_EVENT
217,85449,85355,32423,527,77, NO_EVENT
218,85728,85585,46593,594,250, NO_EVENT
219,86536,86155,45551,808,808, NO_EVENT
220,89290,87509,555294,2754,2754, NO_EVENT
221,93331,90550,2294720,4041,4041, NO_EVENT
222,363545,149373,133551777,270214,270214, TOUCHED
223,363498,363531,446,47,-47, TOUCHED
224,92062,180226,73452689,271436,-271436, UNTOUCHED
225,86230,88981,2216181,5832,-5832, NO_EVENT
226,84744,85548,489902,1967,-1486, NO_EVENT
227,83866,84560,169850,1358,-878, NO_EVENT
228,83664,83918,36684,478,-171, NO_EVENT
229,83484,83573,25161,523,-384, NO_EVENT
230,83334,83422,32982,506,-150, NO_EVENT
231,84123,83715,85529,789,789, NO_EVENT
232,84222,84081,39818,555,99, NO_EVENT
233,85747,85208,154684,1525,1525, NO_EVENT
234,88794,87017,1119938,2995,2643, NO_EVENT
235,96400,93848,8564519,6524,6524, TOUCHED
236,338031,289704,64557067,241631,241631, TOUCHED
237,363980,364737,143489,947,-947, TOUCHED
238,108235,216616,4989873,255745,-255745, TOUCHED
239,91187,96390,19418119,17048,-17048, UNTOUCHED
240,89037,89602,355153,2171,-2150, NO_EVENT
241,86834,87842,453544,2203,-2203, NO_EVENT
242,86616,86919,241124,1289,-218, NO_EVENT
243,86708,86566,45683,545,92, NO_EVENT
244,85917,86627,184703,1402,-791, NO_EVENT
245,86483,86315,112552,922,566, NO_EVENT
246,86975,86721,39338,510,492, NO_EVENT
247,89219,87769,444642,2315,2244, NO_EVENT
248,125964,96666,164743244,36745,36745, TOUCHED
249,362341,211059,160286248,236377,236377, TOUCHED
250,363409,362939,281049,1068,1068, TOUCHED
251,229442,331680,36804202,134782,-133967, TOUCHED
252,90912,97687,36100856,17162,-17162, UNTOUCHED
253,86464,88795,1319574,4448,-4448, NO_EVENT
254,84862,85846,288084,1604,-1602, NO_EVENT
255,84072,84495,273690,1281,-790, NO_EVENT
256,83665,83757,25206,407,-1, NO_EVENT
257,83320,83459,15677,348,-136, NO_EVENT
258,83174,83261,29361,528,-146, NO_EVENT
259,83494,83359,49203,627,320, NO_EVENT
260,86117,84726,621689,2623,2623, NO_EVENT
261,127658,114777,9026156,41541,41541, TOUCHED
262,303256,303452,18174,289,-289, TOUCHED
263,305094,304432,778347,1838,1838, TOUCHED
264,302537,305425,3335322,4098,-2557, TOUCHED
265,97943,221753,145798095,204594,-204594, TOUCHED
266,87132,90651,7043649,10811,-10811, UNTOUCHED
267,85592,86387,604594,2128,-1540, NO_EVENT
268,84611,85120,119619,981,-981, NO_EVENT
269,83819,84054,46217,792,-792, NO_EVENT
270,83983,83801,33247,461,263, NO_EVENT
271,84420,84048,32446,640,437, NO_EVENT
272,85845,85114,254805,1425,1425, NO_EVENT
273,89979,87951,2145125,4134,4134, NO_EVENT
274,302420,188475,96897869,167566,167566, TOUCHED
275,303303,302985,179640,883,883, TOUCHED
276,288871,299098,49243388,15079,-14432, TOUCHED
277,91201,130156,33622174,197670,-197670, UNTOUCHED
278,87946,89534,1011837,3255,-3255, NO_EVENT
279,86124,87056,481558,1828,-1822, NO_EVENT
280,85233,85728,60932,891,-891, NO_EVENT
281,84707,84932,40841,574,-526, NO_EVENT
282,84722,84916,21547,401,15, NO_EVENT
283,85864,85012,283070,1516,1142, NO_EVENT
284,86457,85918,147752,946,593, NO_EVENT
285,91512,88606,2216857,5055,5055, NO_EVENT
286,317200,139342,7191168,225688,225688, TOUCHED
287,323230,320094,9075680,6030,6030, TOUCHED
288,320220,323219,379154,3163,-3010, TOUCHED
289,320807,320407,74978,587,587, TOUCHED
290,101892,272596,15851440,218915,-218915, TOUCHED
291,90136,94697,16711537,11756,-11756, UNTOUCHED
292,86694,88185,792252,2577,-2577, NO_EVENT
293,86161,86665,120403,1045,-533, NO_EVENT
294,84951,85289,42003,619,-619, NO_EVENT
295,84727,84766,35450,523,-54, NO_EVENT
296,85842,84873,91150,1346,1115, NO_EVENT
297,88613,86606,523237,2771,2771, NO_EVENT
298,143225,96462,127969486,54612,54612, TOUCHED
299,223247,192759,90162943,82947,80022, TOUCHED
300,222618,223155,39604,629,-629, TOUCHED
301,220178,221971,557027,2440,-2440, TOUCHED
302,99057,198810,60011770,121121,-121121, TOUCHED
303,88851,92357,12452338,10206,-10206, UNTOUCHED
304,85642,87103,1209699,3099,-2982, NO_EVENT
305,84240,85067,344017,1740,-1402, NO_EVENT
306,83709,83960,22186,531,-531, NO_EVENT
307,83598,83666,91161,843,-111, NO_EVENT
308,84481,84257,61521,883,883, NO_EVENT
309,87417,86115,607151,2936,2936, NO_EVENT
310,114120,96096,127078208,26703,26703, TOUCHED
311,215063,193128,16942804,100943,100943, TOUCHED
312,217566,215996,1385790,2503,2503, TOUCHED
313,215601,216348,450378,1965,-1965, TOUCHED
314,217197,216794,199029,1596,1596, TOUCHED
315,96410,169647,114237737,120787,-120787, TOUCHED
316,87944,90879,7311847,8466,-8466, UNTOUCHED
317,85150,86387,870985,2794,-2794, NO_EVENT
318,84110,84379,177169,1361,-1040, NO_EVENT
319,83002,83501,107287,1108,-1108, NO_EVENT
320,83365,83272,44935,560,363, NO_EVENT
321,85514,84423,219458,1638,1638, NO_EVENT
322,101177,89973,32735648,15663,15663, TOUCHED
323,214539,179533,161701030,113362,113362, TOUCHED
324,217453,213738,7178818,6281,2914, TOUCHED
325,214571,216237,1360182,2882,-2882, TOUCHED
326,218480,216614,2168082,3909,3909, TOUCHED
327,89220,114255,54374442,77605,-77605, UNTOUCHED
328,84807,86724,1891264,4413,-4413, NO_EVENT
329,82721,83483,691943,2086,-2086, NO_EVENT
330,82564,82693,37086,542,-157, NO_EVENT
331,82514,82609,28058,439,-202, NO_EVENT
332,82361,82580,12539,337,-153, NO_EVENT
333,82575,82639,12676,440,214, NO_EVENT
334,84297,83147,362254,1722,1722, NO_EVENT
335,213624,141031,123071600,126851,126851, TOUCHED
336,216436,215359,1229090,2812,2812, TOUCHED
337,213538,215372,1352948,2898,-2898, TOUCHED
338,103740,203242,12602382,110330,-109798, TOUCHED
339,85933,91540,26843595,17807,-17807, UNTOUCHED
340,82737,84480,1065995,3196,-3196, NO_EVENT
341,82403,82724,58970,710,-334, NO_EVENT
342,82610,82652,9307,400,207, NO_EVENT
343,82387,82480,8717,274,-60, NO_EVENT
344,82289,82449,7736,247,-98, NO_EVENT
345,82152,82399,43713,591,-137, NO_EVENT
346,82691,82563,25434,558,539, NO_EVENT
347,134207,89489,101455838,51605,51605, TOUCHED
348,213804,186394,158417642,82192,79597, TOUCHED
349,216773,216126,2595492,3602,2969, TOUCHED
350,89917,166389,25017268,126856,-126856, UNTOUCHED
351,83491,86325,4000576,6426,-6426, NO_EVENT
352,82460,82797,79025,1031,-1031, NO_EVENT
353,82489,82569,10857,278,29, NO_EVENT
354,82171,82389,30683,505,-318, NO_EVENT
355,82210,82181,6191,225,-108, NO_EVENT
356,81781,82039,106064,906,-429, NO_EVENT
357,81820,81782,119871,1142,39, NO_EVENT
358,82513,81805,114921,1285,1285, NO_EVENT
359,82475,82387,26972,467,-38, NO_EVENT
360,109154,95671,167960894,26679,26679, TOUCHED
361,213971,215315,596706,2137,-663, TOUCHED
362,85852,123648,91131926,128119,-128119, UNTOUCHED
363,82707,83447,1121408,3205,-3145, NO_EVENT
364,82410,82569,10511,350,-350, NO_EVENT
365,82406,82386,7694,258,-4, NO_EVENT
366,82178,82366,27835,475,-228, NO_EVENT
367,82421,82331,17301,381,134, NO_EVENT
368,82397,82406,4195,197,-24, NO_EVENT
369,82508,82433,3278,168,111, NO_EVENT
370,82468,82622,12428,295,-40, NO_EVENT
371,83162,82772,15550,541,520, NO_EVENT
372,95272,85266,5522607,12110,12110, NO_EVENT
373,217575,161358,169073844,122303,122303, TOUCHED
374,216820,216524,884642,2000,-755, TOUCHED
375,196616,212344,62042617,20204,-20204, TOUCHED
376,91440,124806,32924698,105176,-105176, UNTOUCHED
377,86236,87507,2085049,3694,-3292, NO_EVENT
378,83338,84480,440428,1728,-1728, NO_EVENT
379,82667,82975,65871,681,-681, NO_EVENT
380,82864,82735,6109,247,197, NO_EVENT
381,82674,82697,5730,266,-190, NO_EVENT
382,82708,82620,17600,370,34, NO_EVENT
383,82497,82537,15526,407,-78, NO_EVENT
384,82793,82604,6621,296,296, NO_EVENT
385,97679,84995,22551316,15018,14886, TOUCHED
386,206227,170462,66985609,116076,108548, TOUCHED
387,211051,211960,16332348,9533,4824, TOUCHED
388,110867,206067,36234218,101108,-100184, TOUCHED
389,82982,90626,82926330,27885,-27885, UNTOUCHED
390,82713,82730,17653,378,-269, NO_EVENT
391,82531,82572,17227,365,-182, NO_EVENT
392,82264,82445,25085,470,-267, NO_EVENT
393,82241,82330,4876,195,-151, NO_EVENT
394,82209,82293,6505,232,-32, NO_EVENT
395,81873,81967,20065,448,-336, NO_EVENT
396,81254,81301,166176,1345,-35, NO_EVENT
397,78117,79575,1398015,3137,-3137, NO_EVENT
398,77234,77627,971987,3146,-883, NO_EVENT
399,76591,77057,499184,2240,-643, NO_EVENT
400,75979,76524,137416,925,-833, NO_EVENT
401,74719,75005,187412,1359,-1260, NO_EVENT
402,74977,74655,17446,501,258, NO_EVENT
403,74340,74725,51367,637,-637, NO_EVENT
404,74715,74781,88244,922,137, NO_EVENT
405,74612,74811,54466,606,-103, NO_EVENT
406,74550,74733,13123,349,-62, NO_EVENT
407,74848,74526,126772,1015,298, NO_EVENT
408,74438,74636,16683,408,-106, NO_EVENT
409,74243,74377,61532,680,-110, NO_EVENT
410,74382,74354,33586,454,139, NO_EVENT
411,74294,74342,26006,510,-88, NO_EVENT
412,74333,74357,17987,398,39, NO_EVENT
413,74323,74381,3339,163,-113, NO_EVENT
414,73878,74192,15388,416,-321, NO_EVENT
415,74091,74283,25385,629,213, NO_EVENT
416,74072,74403,112885,1046,-19, NO_EVENT
417,74119,74446,66274,823,47, NO_EVENT
418,74148,74341,21000,354,29, NO_EVENT
419,74635,74320,52102,613,562, NO_EVENT
420,74357,74414,130282,1161,-278, NO_EVENT
421,74606,74365,43233,644,249, NO_EVENT
422,74134,74231,28853,541,-472, NO_EVENT
423,74382,74330,16613,416,248, NO_EVENT
424,74290,74297,27398,479,100, NO_EVENT
425,74044,74265,47269,599,-246, NO_EVENT
426,74422,74308,135628,1081,378, NO_EVENT
427,74146,74365,44234,559,-276, NO_EVENT
428,74133,74317,30293,482,-13, NO_EVENT
429,74152,74319,9007,296,-296, NO_EVENT
430,74252,74225,1886,138,96, NO_EVENT
431,73991,74336,44208,622,-261, NO_EVENT
432,74097,74258,54782,684,106, NO_EVENT
433,73995,74298,82537,906,-102, NO_EVENT
434,74122,74234,13260,361,-323, NO_EVENT
435,74277,74206,13026,291,-7, NO_EVENT
436,73973,74280,41302,665,-304, NO_EVENT
437,74446,74273,24627,529,473, NO_EVENT
438,74771,74491,26624,594,325, NO_EVENT
439,73962,74356,63523,809,-809, NO_EVENT
440,74424,74332,14168,336,173, NO_EVENT
441,74422,74396,27272,563,-2, NO_EVENT
442,74428,74270,31479,549,6, NO_EVENT
443,74186,74222,19028,335,-242, NO_EVENT
444,74048,74175,35197,502,-138, NO_EVENT
445,74035,74316,87726,815,71, NO_EVENT
446,73881,74090,51742,657,-299, NO_EVENT
447,74992,74611,160382,1327,1111, NO_EVENT
448,74386,75213,1004535,2706,-606, NO_EVENT
449,75760,75811,1735162,3845,1374, NO_EVENT
450,76131,75834,65112,697,360, NO_EVENT
451,79909,78294,1121344,3778,3778, NO_EVENT
452,81302,80570,352025,1667,1667, NO_EVENT
453,81980,81854,60766,813,678, NO_EVENT
454,82237,82105,33989,439,257, NO_EVENT
455,82638,82443,10448,336,227, NO_EVENT
456,84115,82967,162532,1477,1477, NO_EVENT
457,221899,117006,15773527,137784,137784, TOUCHED
458,222922,222726,332572,1297,1023, TOUCHED
459,222067,222723,108418,855,-855, TOUCHED
460,221368,221980,95800,802,-699, TOUCHED
461,221867,222286,494849,1574,499, TOUCHED
462,90106,125996,37856902,131761,-131761, UNTOUCHED
463,85741,86559,1142709,2794,-2482, NO_EVENT
464,84396,84822,181993,1153,-860, NO_EVENT
465,83503,83786,232723,1285,-893, NO_EVENT
466,83166,83337,10448,337,-337, NO_EVENT
467,84427,83679,282005,1415,1261, NO_EVENT
468,86001,85258,822461,2156,1574, NO_EVENT
469,210814,99769,47788404,123723,123723, TOUCHED
470,221575,217968,34248874,12103,10761, TOUCHED
471,222178,222475,661285,1725,603, TOUCHED
472,208356,220384,27745601,14771,-13822, TOUCHED
473,87393,109135,33789405,120963,-120963, UNTOUCHED
474,84345,85714,913799,3048,-3048, NO_EVENT
475,83209,83796,344119,1564,-1136, NO_EVENT
476,82807,82939,41420,550,-402, NO_EVENT
477,82586,82730,6454,223,-169, NO_EVENT
478,84223,83286,88147,1380,1380, NO_EVENT
479,87542,85638,1061551,3319,3319, NO_EVENT
480,220730,143445,102615461,133188,133188, TOUCHED
481,221604,221336,99059,874,874, TOUCHED
482,222363,221837,130118,779,759, TOUCHED
483,223246,222679,151353,883,883, TOUCHED
484,93906,159745,51119646,129340,-129340, UNTOUCHED
485,84939,87962,7439892,8967,-8967, NO_EVENT
486,82402,83336,528561,2537,-2537, NO_EVENT
487,82576,82648,22198,522,174, NO_EVENT
488,82528,82602,9672,316,-111, NO_EVENT
489,82640,82635,5916,209,112, NO_EVENT
490,82554,82622,9319,288,-86, NO_EVENT
491,83712,83019,132516,1158,1158, NO_EVENT
492,149646,88943,155386340,65327,65327, TOUCHED
493,221976,190918,136005001,73930,72330, TOUCHED
494,222497,222259,63002,521,521, TOUCHED
495,98055,202142,19365654,124571,-124442, TOUCHED
496,87378,91509,14923198,10677,-10677, UNTOUCHED
497,83421,85572,739128,3124,-3124, NO_EVENT
498,82702,83274,54956,847,-719, NO_EVENT
499,82762,82818,51768,594,60, NO_EVENT
500,82724,82793,11150,256,-38, NO_EVENT
501,82709,82779,15019,364,-15, NO_EVENT
502,82642,82768,20674,377,14, NO_EVENT
503,82824,82788,23160,434,182, NO_EVENT
504,82980,82967,8584,245,156, NO_EVENT
505,86205,84880,586663,3225,3225, NO_EVENT
506,222487,142161,15911768,136282,136282, TOUCHED
507,221249,222806,384972,2109,-1238, TOUCHED
508,185791,215897,959538,36189,-35458, TOUCHED
509,86063,100853,1226386,99728,-99728, UNTOUCHED
510,83001,84728,826514,3062,-3062, NO_EVENT
511,82552,82841,60233,659,-449, NO_EVENT
512,82510,82690,26922,473,-356, NO_EVENT
513,82517,82584,6678,227,7, NO_EVENT
514,82462,82574,8068,285,-55, NO_EVENT
515,82563,82651,25060,449,101, NO_EVENT
516,85773,83190,432826,3054,3054, NO_EVENT
517,221933,107677,18137810,136160,136160, TOUCHED
518,221500,222290,244435,1287,-433, TOUCHED
519,221008,222089,558436,1844,-492, TOUCHED
520,89378,121609,23926983,131630,-131630, UNTOUCHED
521,85048,86278,1273461,3061,-3061, NO_EVENT
522,83071,83596,179441,1267,-1267, NO_EVENT
523,82691,82921,8813,380,-380, NO_EVENT
524,82682,82824,16104,306,-9, NO_EVENT
525,82678,82862,14732,332,-4, NO_EVENT
526,83773,83165,67722,925,858, NO_EVENT
527,84641,84114,124551,956,868, NO_EVENT
528,87655,86000,712924,3014,3014, NO_EVENT
529,169864,97191,121857659,82209,82209, TOUCHED
530,222296,199715,13036982,53452,52432, TOUCHED
531,221599,222525,155971,1292,-697, TOUCHED
532,220900,222211,595078,2092,-699, TOUCHED
533,106824,188547,155051572,114076,-114076, TOUCHED
534,92261,97673,23337918,14563,-14563, UNTOUCHED
535,87883,89127,1778527,3315,-3315, NO_EVENT
536,85792,86812,460491,2091,-2091, NO_EVENT
537,86081,85781,228928,1266,-13, NO_EVENT
538,83916,84678,199531,1391,-1391, NO_EVENT
539,84194,84363,20240,343,-305, NO_EVENT
540,84816,84482,46044,622,622, NO_EVENT
541,87797,86099,627678,2981,2981, NO_EVENT
542,196257,115764,158103475,108460,108460, TOUCHED
543,222784,214956,136089045,26527,26527, TOUCHED
544,221869,222401,109886,915,-915, TOUCHED
545,222662,222183,81653,793,793, TOUCHED
546,92838,129577,54835549,129824,-129824, UNTOUCHED
547,86201,87454,1759500,3549,-3047, NO_EVENT
548,82749,84012,554418,2421,-2421, NO_EVENT
549,82494,82757,9429,368,-255, NO_EVENT
550,82296,82568,16762,447,-198, NO_EVENT
551,82253,82419,47899,593,-43, NO_EVENT
552,82565,82617,833,98,-39, NO_EVENT
553,82613,82672,5412,219,48, NO_EVENT
554,83840,83252,142612,1227,1227, NO_EVENT
555,180292,99034,45560288,96452,96452, TOUCHED
556,106088,161350,162312917,106960,-74204, TOUCHED
557,87603,92080,26721114,18485,-18485, UNTOUCHED
558,85281,86175,478171,2322,-2322, NO_EVENT
559,85199,85144,130673,1038,-82, NO_EVENT
560,83127,84285,412488,2072,-2072, NO_EVENT
561,82994,83399,126122,1039,-1039, NO_EVENT
562,82761,82918,26461,396,-103, NO_EVENT
563,82911,82796,61080,749,150, NO_EVENT
564,82937,82933,10657,293,26, NO_EVENT
565,85239,84170,429783,2302,2302, NO_EVENT
566,203471,102151,28789700,117732,117732, TOUCHED
567,220839,213893,61357861,17368,17368, TOUCHED
568,215813,220459,4273742,5911,-5026, TOUCHED
569,100579,164080,20682086,115234,-115234, TOUCHED
570,83852,86812,3950157,5983,-5983, UNTOUCHED
571,82942,83238,173564,1212,-910, NO_EVENT
572,82896,82818,27776,473,-46, NO_EVENT
573,82863,82870,12974,368,-33, NO_EVENT
574,83213,83006,10780,368,368, NO_EVENT
575,85058,84001,315693,1845,1845, NO_EVENT
576,87755,85700,615707,2897,2697, NO_EVENT
577,222219,120027,115909766,134464,134464, TOUCHED
578,222465,222512,71146,546,246, TOUCHED
579,218156,222247,1471791,4574,-4309, TOUCHED
580,93756,134046,166565427,124400,-124400, UNTOUCHED
581,86859,89394,4354479,6897,-6897, NO_EVENT
582,84730,86001,414504,2129,-2129, NO_EVENT
583,84565,84914,210065,1271,-165, NO_EVENT
584,83431,83961,109717,1134,-1134, NO_EVENT
585,83370,83399,12197,324,-61, NO_EVENT
586,82676,82916,21801,462,-221, NO_EVENT
587,82990,82850,23826,409,314, NO_EVENT
588,82755,82773,24429,455,-235, NO_EVENT
589,82577,82659,20754,402,-178, NO_EVENT
590,78480,81396,1652633,3920,-3883, NO_EVENT
591,76724,76746,1459441,3165,-1756, NO_EVENT
592,77026,75945,690905,2063,986, NO_EVENT
593,73983,74999,280793,3043,-3043, NO_EVENT
594,74043,74285,75363,834,60, NO_EVENT
595,73853,74080,9656,379,-190, NO_EVENT
596,73967,74098,91638,891,114, NO_EVENT
597,74114,74230,65719,776,92, NO_EVENT
598,74774,74206,74696,930,715, NO_EVENT
599,74156,74227,36930,836,-618, NO_EVENT
600,74133,74238,27504,492,-23, NO_EVENT
601,73943,74142,41404,616,-190, NO_EVENT
602,74133,74154,40884,643,190, NO_EVENT
603,74056,74103,13090,325,-14, NO_EVENT
604,74431,74292,38881,569,375, NO_EVENT
605,74092,74224,21568,393,-339, NO_EVENT
606,74210,74280,28906,526,118, NO_EVENT
607,74471,74343,47693,607,261, NO_EVENT
608,74270,74320,59061,691,194, NO_EVENT
609,74277,74277,27885,457,7, NO_EVENT
610,74077,74203,53440,632,-200, NO_EVENT
611,74307,74464,48303,718,230, NO_EVENT
612,74351,74321,45696,668,44, NO_EVENT
613,74037,74221,51451,668,-70, NO_EVENT
614,74322,74191,33799,483,159, NO_EVENT
615,74048,74224,30582,494,-274, NO_EVENT
616,74009,74325,62519,793,-39, NO_EVENT
617,73971,74147,61031,686,-38, NO_EVENT
618,74442,74235,30897,518,471, NO_EVENT
619,74231,74261,53193,701,51, NO_EVENT
620,73843,74207,41107,644,-388, NO_EVENT
621,74143,74214,34413,701,300, NO_EVENT
622,74617,74226,55096,586,474, NO_EVENT
623,74144,74347,73335,720,-473, NO_EVENT
624,73953,74087,14701,301,-140, NO_EVENT
625,74211,74224,17945,429,219, NO_EVENT
626,73906,74172,61088,717,-305, NO_EVENT
627,73877,74093,17418,479,-29, NO_EVENT
628,74027,74124,23809,455,150, NO_EVENT
629,74266,74112,40660,637,239, NO_EVENT
630,74103,74198,47566,603,-1, NO_EVENT
631,74345,74188,10389,334,242, NO_EVENT
632,73811,74157,26450,569,-534, NO_EVENT
633,74108,74120,35278,644,297, NO_EVENT
634,74052,74252,53688,679,-56, NO_EVENT
635,73899,74101,27524,506,-107, NO_EVENT
636,74172,74234,65697,781,-111, NO_EVENT
637,74199,74220,21565,500,27, NO_EVENT
638,74334,74147,55411,737,135, NO_EVENT
639,73922,74169,23926,437,-412, NO_EVENT
640,73900,74137,44574,566,-22, NO_EVENT
641,74173,74236,56257,756,-81, NO_EVENT
642,74059,74080,10530,314,-55, NO_EVENT
643,74255,74238,34071,579,196, NO_EVENT
644,74401,74293,43921,697,146, NO_EVENT
645,74195,74170,77410,855,-206, NO_EVENT
646,74072,74163,3901,165,-150, NO_EVENT
647,73838,74222,90268,981,-447, NO_EVENT
648,73930,74141,25227,615,92, NO_EVENT
649,74401,74128,39737,531,471, NO_EVENT
650,74143,74295,17099,393,-258, NO_EVENT
651,74451,74216,36255,469,308, NO_EVENT
652,73945,74187,32751,556,-192, NO_EVENT
653,74084,74202,14958,306,34, NO_EVENT
654,74017,74209,16499,419,-67, NO_EVENT
655,74086,74131,5629,198,69, NO_EVENT
656,74021,74266,85088,900,-65, NO_EVENT
657,73959,74057,23539,458,-62, NO_EVENT
658,73857,74249,90465,1020,-436, NO_EVENT
659,74061,74235,82975,780,204, NO_EVENT
660,74174,74152,12640,353,113, NO_EVENT
661,73919,74221,67740,783,-255, NO_EVENT
662,74082,74238,34917,571,163, NO_EVENT
663,74246,74197,31035,551,168, NO_EVENT
664,74096,74080,9211,250,-92, NO_EVENT
665,74430,74181,15664,392,334, NO_EVENT
666,74088,74158,17883,400,-342, NO_EVENT
667,74019,74164,18844,382,-69, NO_EVENT
668,74247,74228,15868,419,228, NO_EVENT
669,74291,74187,30998,496,6, NO_EVENT
670,74069,74251,120484,1144,-222, NO_EVENT
671,74116,74332,62289,752,47, NO_EVENT
672,74041,74127,5760,215,-75, NO_EVENT
673,74134,74108,13708,320,93, NO_EVENT
674,74110,74259,80777,860,107, NO_EVENT
675,73862,74080,19245,443,-201, NO_EVENT
676,73758,74166,42467,624,-104, NO_EVENT
677,74454,74265,80664,834,696, NO_EVENT
678,74043,74173,39081,572,-411, NO_EVENT
679,74113,74287,36406,478,70, NO_EVENT
680,74286,74175,20879,435,129, NO_EVENT
681,74254,74305,25779,481,-32, NO_EVENT
682,74310,74104,41082,584,56, NO_EVENT
683,73905,74244,87738,949,-405, NO_EVENT
684,74196,74166,22908,415,291, NO_EVENT
685,74135,74249,26830,464,83, NO_EVENT
686,74427,74144,29478,501,501, NO_EVENT
687,74149,74095,18407,535,-278, NO_EVENT
688,74048,74242,17755,434,-101, NO_EVENT
689,73961,74117,43091,627,-87, NO_EVENT
690,74133,74188,21015,502,172, NO_EVENT
691,74073,74213,7436,260,-184, NO_EVENT
692,73956,74217,68512,832,-117, NO_EVENT
693,74186,74144,22038,485,230, NO_EVENT
694,74106,74266,91947,897,-80, NO_EVENT
695,74385,74282,42615,549,279, NO_EVENT
696,74171,74287,49246,630,-200, NO_EVENT
697,74092,74196,7485,249,-152, NO_EVENT
698,74123,74201,39285,578,31, NO_EVENT
699,74028,74344,56031,660,-95, NO_EVENT
700,74061,74259,74729,836,33, NO_EVENT
701,74231,74196,11954,343,234, NO_EVENT
702,74132,74254,60848,790,-67, NO_EVENT
703,74086,74383,45261,570,-46, NO_EVENT
704,74087,74255,67203,772,1, NO_EVENT
705,74230,74214,31149,536,143, NO_EVENT
706,74124,74304,58128,692,-106, NO_EVENT
707,74116,74302,53476,608,-337, NO_EVENT
708,73997,74094,30699,488,-119, NO_EVENT
709,74279,74250,32333,507,282, NO_EVENT
710,74540,74211,38791,578,261, NO_EVENT
711,73972,74260,107416,854,-568, NO_EVENT
712,74087,74171,37337,598,13, NO_EVENT
713,74375,74162,17640,379,347, NO_EVENT
714,74096,74349,18339,421,-279, NO_EVENT
715,74254,74260,41169,566,158, NO_EVENT
716,74028,74215,43782,601,-226, NO_EVENT
717,74411,74173,21994,413,383, NO_EVENT
718,73998,74408,65516,854,-322, NO_EVENT
719,73867,74278,80932,969,-131, NO_EVENT
720,74088,74249,26364,635,221, NO_EVENT
721,74615,74361,26013,554,527, NO_EVENT
722,74304,74396,24716,494,-311, NO_EVENT
723,74079,74271,35025,538,-59, NO_EVENT
724,74513,74442,38898,707,434, NO_EVENT
725,74621,74463,34508,572,108, NO_EVENT
726,74146,74383,56764,578,-475, NO_EVENT
727,74545,74439,53223,650,399, NO_EVENT
728,74159,74575,47524,729,-729, NO_EVENT
729,74566,74615,95825,924,407, NO_EVENT
730,74971,74685,118937,1000,405, NO_EVENT
731,74729,74813,132260,1169,-242, NO_EVENT
732,76128,75408,285555,1399,1399, NO_EVENT
733,74904,76152,870761,2625,-1870, NO_EVENT
734,74681,75981,585560,2210,-223, NO_EVENT
735,77658,76303,616595,2977,2977, NO_EVENT
736,76411,76708,174733,1177,-563, NO_EVENT
737,76915,76565,126352,991,504, NO_EVENT
738,76810,77093,252013,1375,-105, NO_EVENT
739,78640,77855,228692,1830,1830, NO_EVENT
740,78406,78949,326691,1591,-234, NO_EVENT
741,79989,79620,653349,2496,1583, NO_EVENT
742,81081,80552,335583,1569,1092, NO_EVENT
743,81926,81830,54839,900,845, NO_EVENT
744,82430,82296,21592,447,391, NO_EVENT
745,82404,82480,17645,389,-26, NO_EVENT
746,82515,82699,44040,690,111, NO_EVENT
747,82589,82774,22921,512,74, NO_EVENT
748,82919,82766,12917,311,210, NO_EVENT
749,82535,82794,19067,438,-384, NO_EVENT
750,82526,82784,33950,491,-9, NO_EVENT
751,82671,82657,19074,404,145, NO_EVENT
752,82638,82725,21728,472,-48, NO_EVENT
753,82559,82689,16523,338,-79, NO_EVENT
754,82532,82665,5858,235,-27, NO_EVENT
755,82575,82664,24516,431,43, NO_EVENT
756,83998,82847,70859,1331,1254, NO_EVENT
757,88932,86383,2796428,4934,4934, NO_EVENT
758,179095,148616,119259706,101902,84809, TOUCHED
759,210978,174863,3188241,64611,31883, TOUCHED
760,219491,218976,8968418,9570,8513, TOUCHED
761,219000,219682,373158,1299,-491, TOUCHED
762,220275,220808,686076,2598,1275, TOUCHED
763,220289,220739,222042,955,14, TOUCHED
764,220319,220991,420884,1326,30, TOUCHED
765,219542,220266,500548,1444,-777, TOUCHED
766,221477,220912,294377,1086,1086, TOUCHED
767,221300,221415,12301,222,-222, TOUCHED
768,220891,220877,196,28,28, TOUCHED
769,220657,220953,201090,907,145, TOUCHED
770,219734,220696,44659,1082,-923, TOUCHED
771,219586,220554,770931,1881,-148, TOUCHED
772,219191,220096,363883,1524,-395, TOUCHED
773,220300,220524,1299041,2393,1109, TOUCHED
774,219810,220576,186361,1188,-490, TOUCHED
775,220693,220586,427351,1397,883, TOUCHED
776,219746,220583,135264,1035,-947, TOUCHED
777,220567,220688,589637,1689,821, TOUCHED
778,221575,220797,118565,1008,1008, TOUCHED
779,220978,221261,51543,597,-597, TOUCHED
780,90163,203563,96961392,130815,-130815, UNTOUCHED
781,82966,86030,6043660,7197,-7197, NO_EVENT
782,82627,83213,120594,1042,-339, NO_EVENT
783,82551,82413,43525,570,-76, NO_EVENT
784,82164,82153,3222,153,-15, NO_EVENT
785,82051,82224,17447,349,-113, NO_EVENT
786,82561,82399,19057,510,510, NO_EVENT
787,83296,83250,150012,1418,735, NO_EVENT
788,85599,83963,449700,2363,1850, NO_EVENT
789,91267,89244,4130908,5668,5668, NO_EVENT
790,219236,201496,169109942,36957,36957, TOUCHED
791,218773,219437,631253,1598,107, TOUCHED
792,92483,161261,166586568,126290,-126290, UNTOUCHED
793,87458,88741,1410162,2946,-2862, NO_EVENT
794,84834,85403,257163,1402,-1402, NO_EVENT
795,83800,84147,137531,965,-329, NO_EVENT
796,84188,84139,35669,564,388, NO_EVENT
797,84854,84653,90819,921,666, NO_EVENT
798,86730,86114,465848,2085,1876, NO_EVENT
799,91761,89015,1629267,5031,5031, NO_EVENT
800,210334,136429,153797773,118573,118573, TOUCHED
801,218521,218376,9485684,9933,8187, TOUCHED
802,218717,219316,371431,1379,196, TOUCHED
803,154579,213899,135243582,65473,-64138, TOUCHED
804,88487,100324,66121749,66092,-66092, UNTOUCHED
805,85640,87196,1067222,2847,-2847, NO_EVENT
806,83810,84642,371313,1830,-1830, NO_EVENT
807,83298,83591,45696,566,-512, NO_EVENT
808,83413,83467,75667,782,115, NO_EVENT
809,84760,83823,244815,1359,1347, NO_EVENT
810,86993,85440,761815,2425,2425, NO_EVENT
811,91129,88642,2532912,4255,4255, NO_EVENT
812,219690,171287,145601510,128561,128561, TOUCHED
813,218801,219471,214073,1026,-889, TOUCHED
814,217156,216848,1017828,2835,-1645, TOUCHED
815,90532,165662,152068650,129163,-126624, UNTOUCHED
816,84239,87374,3402863,6293,-6293, NO_EVENT
817,83293,83835,361167,1630,-946, NO_EVENT
818,84033,83649,51307,740,740, NO_EVENT
819,83527,83499,78853,753,-132, NO_EVENT
820,83542,83429,84376,778,15, NO_EVENT
821,84710,83638,215978,1530,1168, NO_EVENT
822,191057,136472,1728108,106347,106347, TOUCHED
823,219556,219530,624,50,50, TOUCHED
824,198313,217176,30976234,20702,-20323, TOUCHED
825,89279,118049,36209122,109034,-109034, UNTOUCHED
826,85255,86277,646817,2248,-2248, NO_EVENT
827,83900,83983,66418,709,-435, NO_EVENT
828,83266,83653,47455,642,-634, NO_EVENT
829,84988,84124,244282,1722,1722, NO_EVENT
830,84851,84954,226449,1419,-137, NO_EVENT
831,87797,86540,530621,2946,2946, NO_EVENT
832,102549,96056,39406067,14752,14752, TOUCHED
833,218585,218937,114398,677,-677, TOUCHED
834,131653,197522,167797776,87088,-87088, TOUCHED
835,89173,96583,61926086,20681,-20681, UNTOUCHED
836,84534,86811,1698076,4639,-4639, NO_EVENT
837,83316,83822,342611,1554,-1218, NO_EVENT
838,83904,83564,43027,628,420, NO_EVENT
839,83452,83467,150756,1267,-713, NO_EVENT
840,83498,83423,116716,1004,46, NO_EVENT
841,83699,83564,40964,548,201, NO_EVENT
842,84586,83815,161021,1223,887, NO_EVENT
843,203756,125062,166363917,117305,117305, TOUCHED
844,218851,217027,33802853,16232,15095, TOUCHED
845,90368,145521,99729285,128483,-128483, UNTOUCHED
846,84314,86669,2710486,4754,-4754, NO_EVENT
847,83406,83531,72949,694,98, NO_EVENT
848,82019,82893,137334,1387,-1387, NO_EVENT
849,81842,82228,54198,639,-177, NO_EVENT
850,81703,81883,98448,832,-139, NO_EVENT
851,81441,81645,59964,734,-243, NO_EVENT
852,82155,81944,53553,740,714, NO_EVENT
853,111516,85358,60021540,29377,29361, TOUCHED
854,218424,176307,50050393,108256,106908, TOUCHED
855,219125,219737,1239966,2364,701, TOUCHED
856,87478,161044,163568910,131647,-131647, UNTOUCHED
857,82608,84526,2748167,4870,-4870, NO_EVENT
858,81479,82311,168743,1341,-1129, NO_EVENT
859,81738,81642,54038,538,259, NO_EVENT
860,80351,80637,120319,1044,-309, NO_EVENT
861,81721,81205,169536,1370,1370, NO_EVENT
862,82528,82201,57927,807,807, NO_EVENT
863,85426,83331,533299,3224,3224, NO_EVENT
864,219082,131783,156183044,133656,133656, TOUCHED
865,218897,219617,481252,1440,-185, TOUCHED
866,89995,179492,108492253,129552,-128902, UNTOUCHED
867,83326,86614,5777180,6669,-6669, NO_EVENT
868,82782,83286,220631,1102,-544, NO_EVENT
869,82308,82341,45701,710,-474, NO_EVENT
870,79755,81288,376279,2553,-2553, NO_EVENT
871,77978,78921,840439,2470,-1777, NO_EVENT
872,77139,77443,276066,1576,-839, NO_EVENT
873,80614,78929,895120,3475,3475, NO_EVENT
874,83510,81990,815037,2896,2896, NO_EVENT
875,141173,111875,105455009,57332,57332, TOUCHED
876,219446,218979,235818,972,972, TOUCHED
877,151370,204989,31983288,67915,-66430, TOUCHED
878,87059,97685,165539069,64311,-64311, UNTOUCHED
879,83335,84354,1656528,3794,-3724, NO_EVENT
880,82347,82639,138322,988,-988, NO_EVENT
881,82274,82202,13979,321,177, NO_EVENT
882,83266,82661,65604,992,992, NO_EVENT
883,83649,83499,18988,383,383, NO_EVENT
884,87924,85636,2764417,4275,4275, NO_EVENT
885,215742,127826,17531519,127818,127818, TOUCHED
886,218515,216259,1272800,2850,2773, TOUCHED
887,117937,171409,67134977,100578,-100578, TOUCHED
888,90311,103953,58366138,27626,-27626, UNTOUCHED
889,83737,87158,4754257,6574,-6574, NO_EVENT
890,83179,83428,52679,646,-558, NO_EVENT
891,82675,82858,72790,725,-504, NO_EVENT
892,82699,82512,21673,408,24, NO_EVENT
893,82360,82355,20858,387,263, NO_EVENT
894,82316,82403,40118,544,-44, NO_EVENT
895,83304,83063,78113,1008,988, NO_EVENT
896,85526,83861,749625,2439,2222, NO_EVENT
897,217428,148522,62354029,130102,130102, TOUCHED
898,217157,218174,678502,1872,-271, TOUCHED
899,91049,167526,55233622,126108,-126108, UNTOUCHED
900,84942,87500,2516669,4765,-4765, NO_EVENT
901,83347,83668,153402,910,-783, NO_EVENT
902,83354,83404,212372,1317,7, NO_EVENT
903,83013,83303,137688,1118,-341, NO_EVENT
904,83357,83392,38892,629,344, NO_EVENT
905,83871,83521,47005,676,514, NO_EVENT
906,86355,85441,1187209,2341,2254, NO_EVENT
907,218852,105062,140251672,131587,131587, TOUCHED
908,217881,218907,109201,1248,-971, TOUCHED
909,207260,217424,14724004,12326,-10621, TOUCHED
910,96086,115948,141191734,111174,-111174, TOUCHED
911,88991,90851,2337776,3905,-3905, UNTOUCHED
912,86760,87726,379653,2231,-2231, NO_EVENT
913,85770,86030,272934,1420,-990, NO_EVENT
914,84220,84725,182231,1550,-1550, NO_EVENT
915,84068,83963,155943,1161,-10, NO_EVENT
916,83611,83262,101991,881,-98, NO_EVENT
917,84049,83589,35985,747,438, NO_EVENT
918,88650,85861,2148476,4601,4601, NO_EVENT
919,205615,141763,112294135,116965,116965, TOUCHED
920,215480,216341,6436129,12481,9865, TOUCHED
921,217062,214928,2716883,3845,3845, TOUCHED
922,108653,172968,61415609,108409,-108409, TOUCHED
923,91769,97457,28554435,16884,-16884, UNTOUCHED
924,85928,88192,1871819,4129,-4129, NO_EVENT
925,83235,84451,431397,2092,-2005, NO_EVENT
926,83379,83415,21150,437,144, NO_EVENT
927,83376,83424,30603,519,-3, NO_EVENT
928,86743,84932,1465147,3367,3367, NO_EVENT
929,198824,142189,41091196,112081,112081, TOUCHED
930,216499,217658,1637466,2567,-2491, TOUCHED
931,152019,203738,153354966,64856,-64480, TOUCHED
932,90454,106085,139465709,61565,-61565, UNTOUCHED
933,84716,87817,3166934,5738,-5738, NO_EVENT
934,83367,83830,192914,1362,-1349, NO_EVENT
935,83560,83691,44482,617,193, NO_EVENT
936,85845,84254,703098,2422,2285, NO_EVENT
937,172962,119345,72449900,87117,87117, TOUCHED
938,215606,209627,12226179,42644,42644, TOUCHED
939,100901,159377,80872259,114705,-114705, TOUCHED
940,89409,94051,11234898,11492,-11492, UNTOUCHED
941,86594,88032,1279587,2968,-2815, NO_EVENT
942,84960,85779,222377,1634,-1634, NO_EVENT
943,86951,85934,432330,1991,1991, NO_EVENT
944,89717,88119,971947,2766,2766, NO_EVENT
945,162595,96880,16655887,72878,72878, TOUCHED
946,206956,188467,11073114,46703,44361, TOUCHED
947,208822,210626,10772402,7025,1866, TOUCHED
948,207920,208652,171165,1000,-902, TOUCHED
949,102113,133493,23194184,105807,-105807, TOUCHED
950,91050,94708,8546868,11063,-11063, UNTOUCHED
951,89351,90210,447906,1715,-1699, NO_EVENT
952,90579,89739,300926,1509,1228, NO_EVENT
953,94573,92419,1356704,3625,3625, NO_EVENT
954,171472,105939,43055938,76899,76899, TOUCHED
955,209446,194568,12089494,38683,37974, TOUCHED
956,208184,207327,3387227,4127,-1262, TOUCHED
957,199614,203270,10072778,8570,-8570, TOUCHED
958,153782,179115,55091340,45832,-45832, TOUCHED
959,96215,109359,170770265,57567,-57567, TOUCHED
960,92103,93051,576458,2306,-2306, UNTOUCHED
961,91794,91759,89860,803,-309, NO_EVENT
962,92306,91841,51908,865,512, NO_EVENT
963,93359,92684,156375,1053,1053, NO_EVENT
964,95851,94350,729228,2474,2474, NO_EVENT
965,103182,99283,5877938,7331,7331, TOUCHED
966,202228,141525,160729989,99046,99046, TOUCHED
967,190291,199458,32970038,13238,-11937, TOUCHED
968,209459,203489,40703522,19168,19168, TOUCHED
969,199765,199708,20198498,14316,-9694, TOUCHED
970,193597,197810,4394904,6168,-6168, TOUCHED
971,190115,192118,2025375,3482,-3482, TOUCHED
972,195197,193967,2460322,5082,5082, TOUCHED
973,189453,188685,313140,1427,1427, TOUCHED
974,185887,187594,1784716,3566,-3566, TOUCHED
975,94821,147754,1782914,91066,-91066, UNTOUCHED
976,85936,88936,5087735,8885,-8885, NO_EVENT
977,84257,85130,592220,1852,-1679, NO_EVENT
978,83581,83723,185857,1256,-676, NO_EVENT
979,83091,83320,52872,634,-490, NO_EVENT
980,82440,82738,78666,861,-417, NO_EVENT
981,81700,82121,115217,967,-740, NO_EVENT
982,78928,80200,731016,2772,-2772, NO_EVENT
983,77611,78585,1250088,3066,-1229, NO_EVENT
984,75043,75631,642874,2743,-2568, NO_EVENT
985,74258,74459,193058,1143,-785, NO_EVENT
986,73826,74020,34500,447,-432, NO_EVENT
987,73833,73924,34344,539,-199, NO_EVENT
988,74079,73856,24127,417,246, NO_EVENT
989,73892,73856,23813,452,-187, NO_EVENT
990,73859,74019,41725,592,-33, NO_EVENT
991,74313,74067,23938,454,454, NO_EVENT
992,75409,74675,125939,1096,1096, NO_EVENT
993,78542,76926,2305524,3922,2923, NO_EVENT
994,81062,79703,1220322,2846,2520, NO_EVENT
995,83210,82476,380190,1744,1720, NO_EVENT
996,89753,85530,4065292,6543,6543, NO_EVENT
997,151407,107870,89756382,61654,61654, TOUCHED
998,164733,169360,69754445,26243,13326, TOUCHED
999,177277,174165,34775296,13545,12544, TOUCHED
1000,185557,187092,16712270,13811,8280, TOUCHED
1001,187858,187544,2411359,3472,2301, TOUCHED
1002,191552,189854,1936979,3694,3694, TOUCHED
1003,188808,193177,7035182,7272,-2744, TOUCHED
1004,187692,186298,5420313,5094,-1116, TOUCHED
1005,183303,186899,9394256,6796,-4389, TOUCHED
1006,102395,136882,87194466,73548,-73548, TOUCHED
1007,94211,96966,3032314,5304,-5304, UNTOUCHED
1008,92191,93120,416162,2020,-2020, NO_EVENT
1009,91558,91721,102360,884,-633, NO_EVENT
1010,90861,91035,176143,1278,405, NO_EVENT
1011,91609,91266,34344,748,748, NO_EVENT
1012,92539,91947,163808,1164,930, NO_EVENT
1013,96240,94361,1456885,3701,3701, TOUCHED
1014,153817,122017,161877348,57577,57577, TOUCHED
1015,200614,196759,77680560,46797,46797, TOUCHED
1016,198770,199232,1318968,2470,-1844, TOUCHED
1017,201823,201632,3492947,4437,3053, TOUCHED
1018,211055,207605,10501018,9232,9232, TOUCHED
1019,206616,207916,2253307,4439,-4439, TOUCHED
1020,138910,196282,119664730,71140,-67706, TOUCHED
1021,93271,101732,132021978,45639,-45639, UNTOUCHED
1022,89692,90740,1827915,3659,-3579, NO_EVENT
1023,86509,87570,911780,2436,-2392, NO_EVENT
1024,84467,85544,376894,1862,-1862, NO_EVENT
1025,83742,84296,232206,1382,-725, NO_EVENT
1026,83251,83553,34038,520,-491, NO_EVENT
1027,83414,83359,72443,763,163, NO_EVENT
1028,83577,83478,26856,472,163, NO_EVENT
1029,83232,83385,23723,423,-241, NO_EVENT
1030,83152,83299,73751,726,-80, NO_EVENT
1031,83076,83381,141302,1126,-76, NO_EVENT
1032,83320,83224,27200,486,244, NO_EVENT
1033,82360,82558,50871,960,-960, NO_EVENT
1034,80917,81894,128765,1317,-1317, NO_EVENT
1035,78983,79995,863430,2207,-1934, NO_EVENT
1036,75506,77267,1697044,3702,-3477, NO_EVENT
1037,74092,74465,392478,1725,-1414, NO_EVENT
1038,73652,73923,37701,477,-440, NO_EVENT
1039,73747,73760,25984,502,95, NO_EVENT
1040,73726,73811,17866,391,-323, NO_EVENT
1041,73770,73691,5356,202,8, NO_EVENT
1042,73543,73669,20540,451,-227, NO_EVENT
1043,73697,73676,9963,318,154, NO_EVENT
1044,73403,73646,24742,539,-294, NO_EVENT
1045,73654,73642,29661,581,251, NO_EVENT
1046,73670,73641,21195,450,16, NO_EVENT
1047,73779,73731,44263,638,138, NO_EVENT
1048,73661,73576,3953,163,159, NO_EVENT
1049,73551,73700,7153,280,-110, NO_EVENT
1050,73620,73727,11440,357,69, NO_EVENT
1051,73808,73772,25921,472,188, NO_EVENT
1052,73530,73811,18164,480,-278, NO_EVENT
1053,74186,73830,55886,656,656, NO_EVENT
1054,78384,76359,3213853,5227,4224, NO_EVENT
1055,82278,81081,1269522,3894,3894, NO_EVENT
1056,84456,83418,315748,1685,1685, NO_EVENT
1057,137329,93494,1912747,51403,51403, TOUCHED
1058,211216,180821,58778297,73887,73887, TOUCHED
1059,207199,210233,2328851,4017,-4017, TOUCHED
1060,215143,210430,8360473,7944,7944, TOUCHED
1061,212196,213155,1101691,2947,-2947, TOUCHED
1062,212350,213392,1289226,2377,154, TOUCHED
1063,109369,179853,8625176,102981,-102981, TOUCHED
1064,90327,95945,21059162,12709,-12709, UNTOUCHED
1065,85823,87777,1850299,4504,-4504, NO_EVENT
1066,83536,84006,631728,2729,-2287, NO_EVENT
1067,82681,83196,70677,767,-767, NO_EVENT
1068,81519,82149,115342,1057,-839, NO_EVENT
1069,80681,80959,569410,2075,-838, NO_EVENT
1070,77615,78805,603494,3066,-3066, NO_EVENT
1071,77807,78034,1063252,2841,192, NO_EVENT
1072,76830,77287,263593,1546,32, NO_EVENT
1073,76937,77537,605486,1933,107, NO_EVENT
1074,78696,78299,268563,1454,555, NO_EVENT
1075,82272,81302,753877,3576,3576, NO_EVENT
1076,214681,126118,157443004,132409,132409, TOUCHED
1077,213313,214680,997217,2279,-1368, TOUCHED
1078,215863,215628,1048433,2912,2550, TOUCHED
1079,213765,215003,1022204,2098,-2098, TOUCHED
1080,215968,216600,1857530,4071,2203, TOUCHED
1081,216684,216458,49061,716,716, TOUCHED
1082,198447,214715,11242132,18237,-18237, TOUCHED
1083,86729,120085,170815385,111718,-111718, UNTOUCHED
1084,83851,83892,321845,1628,-1100, NO_EVENT
1085,82547,82997,78617,857,-857, NO_EVENT
1086,82277,82365,58964,714,-270, NO_EVENT
1087,82422,82462,10572,322,145, NO_EVENT
1088,83572,82896,144235,977,914, NO_EVENT
1089,83563,83394,77241,681,443, NO_EVENT
1090,127982,92849,65850099,44419,44419, TOUCHED
1091,211577,179299,87152246,83595,83595, TOUCHED
1092,213354,213726,1597215,3294,1777, TOUCHED
1093,211239,211978,534557,2115,-2115, TOUCHED
1094,211818,213120,2119046,3388,579, TOUCHED
1095,211250,211437,34272,568,-568, TOUCHED
1096,212183,214775,825711,3454,-1946, TOUCHED
1097,213512,213618,1761144,2769,1329, TOUCHED
1098,214077,213433,110054,950,565, TOUCHED
1099,214310,214707,323359,1216,233, TOUCHED
1100,86483,136616,22066564,127827,-127827, UNTOUCHED
1101,83037,84169,936384,3446,-3446, NO_EVENT
1102,83330,83563,150612,1193,-317, NO_EVENT
1103,82262,82920,75501,1068,-1068, NO_EVENT
1104,82991,82877,106610,1204,729, NO_EVENT
1105,82808,83165,35550,510,-183, NO_EVENT
1106,83863,83497,179166,1204,511, NO_EVENT
1107,86560,84366,849128,3366,3366, NO_EVENT
1108,91803,89005,3647316,5243,5243, NO_EVENT
1109,217294,141000,130960503,122539,122539, TOUCHED
1110,217106,214957,5488312,4774,-188, TOUCHED
1111,217016,216870,38921,438,-90, TOUCHED
1112,215966,216196,168193,1050,-1050, TOUCHED
1113,215633,215867,31233,378,-333, TOUCHED
1114,214925,215020,51260,708,-708, TOUCHED
1115,216878,216953,402460,2398,1953, TOUCHED
1116,110726,195007,60225254,106530,-106152, TOUCHED
1117,89661,91945,4412309,5468,-5468, UNTOUCHED
1118,85904,86874,863642,3757,-3757, NO_EVENT
1119,84568,84920,114343,1398,-1336, NO_EVENT
1120,83274,83739,29852,703,-526, NO_EVENT
1121,83939,83579,45824,665,665, NO_EVENT
1122,83848,83744,145672,1112,-91, NO_EVENT
1123,84606,83951,72057,941,758, NO_EVENT
1124,86164,85175,438186,1737,1558, NO_EVENT
1125,122434,90690,88615478,36270,36270, TOUCHED
1126,217394,179539,112443894,95209,94960, TOUCHED
1127,216873,217506,83824,886,-521, TOUCHED
1128,216012,215728,919899,2097,-861, TOUCHED
1129,214967,214884,705082,1914,-1045, TOUCHED
1130,216742,215132,870333,2318,1775, TOUCHED
1131,160225,193867,67407932,56517,-56517, TOUCHED
1132,216329,212607,67386712,57701,56104, TOUCHED
1133,217111,216111,978359,2017,782, TOUCHED
1134,202705,215687,11320624,15639,-11407, TOUCHED
1135,89851,108870,133414176,112854,-112854, UNTOUCHED
1136,87107,87928,420256,1751,-1751, NO_EVENT
1137,84599,85599,478923,1873,-1501, NO_EVENT
1138,83539,84044,215599,1174,-1060, NO_EVENT
1139,83644,83566,53353,768,105, NO_EVENT
1140,83616,83535,35083,570,-28, NO_EVENT
1141,85304,84216,284180,1688,1688, NO_EVENT
1142,86017,85416,315889,1419,1025, NO_EVENT
1143,91442,88358,2822971,5396,5396, NO_EVENT
1144,217932,172969,71110007,126490,126490, TOUCHED
1145,215571,216349,825082,2361,-2361, TOUCHED
1146,214318,213566,1840434,3340,-1253, TOUCHED
1147,210151,211211,2005826,4167,-4167, TOUCHED
1148,216123,215216,2414384,5972,5972, TOUCHED
1149,212751,213807,1108967,3372,-3372, TOUCHED
1150,214228,215098,331572,1466,-348, TOUCHED
1151,148745,200886,164382092,65483,-65483, TOUCHED
1152,89937,98821,47520500,19363,-19363, UNTOUCHED
1153,84873,87367,2700359,5064,-5064, NO_EVENT
1154,84218,83708,281955,1767,-655, NO_EVENT
1155,83044,83200,76508,1298,-1174, NO_EVENT
1156,82579,82613,9775,288,57, NO_EVENT
1157,82477,82560,25796,485,-102, NO_EVENT
1158,83366,82780,107864,889,889, NO_EVENT
1159,83423,83170,175650,1140,57, NO_EVENT
1160,83206,83495,95742,864,-36, NO_EVENT
1161,88244,84828,1733326,5038,5038, NO_EVENT
1162,217910,151459,28836127,129666,129666, TOUCHED
1163,217245,217007,412166,1479,-665, TOUCHED
1164,216494,216284,481437,1626,-751, TOUCHED
1165,216028,216252,28152,466,-466, TOUCHED
1166,215044,216248,858049,2099,-984, TOUCHED
1167,215709,216577,1295364,2695,665, TOUCHED
1168,100037,168964,35045842,115672,-115672, TOUCHED
1169,91181,94554,10002612,8856,-8856, UNTOUCHED
1170,87182,88792,1215697,3073,-2543, NO_EVENT
1171,85858,85850,314077,1536,-516, NO_EVENT
1172,83980,84774,159625,1256,-1256, NO_EVENT
1173,84798,84451,85487,818,818, NO_EVENT
1174,86355,85617,275428,1573,1557, NO_EVENT
1175,89562,87779,641180,3207,3207, NO_EVENT
1176,107139,97495,62678872,17577,17577, TOUCHED
1177,213857,206207,167032622,108568,106718, TOUCHED
1178,215871,215100,560680,2014,2014, TOUCHED
1179,212949,213918,2710107,3336,658, TOUCHED
1180,214923,214334,1532218,2558,1974, TOUCHED
1181,215064,216470,2488662,3189,141, TOUCHED
1182,215886,214961,211867,1310,822, TOUCHED
1183,202405,212260,30817299,13481,-13481, TOUCHED
1184,95114,100181,16736276,11599,-11599, UNTOUCHED
1185,90344,92886,1602217,4770,-4770, NO_EVENT
1186,89312,89737,114211,1032,-1032, NO_EVENT
1187,87189,87641,480816,1997,-692, NO_EVENT
1188,85894,86316,183211,1224,-1224, NO_EVENT
1189,85621,85724,163756,1320,43, NO_EVENT
1190,85014,85531,89162,939,-607, NO_EVENT
1191,87244,86356,435917,2230,2230, NO_EVENT
1192,90155,88492,1139606,2911,2911, NO_EVENT
1193,214468,160411,141906851,110901,110901, TOUCHED
1194,215667,215118,283900,1199,1199, TOUCHED
1195,216135,215096,577654,1813,468, TOUCHED
1196,216116,214367,3355825,3674,-19, TOUCHED
1197,216385,215871,156630,913,269, TOUCHED
1198,217009,215413,1902395,3012,624, TOUCHED
1199,215375,215675,568012,1825,-1634, TOUCHED
1200,91127,104147,21310014,46874,-46874, UNTOUCHED
1201,88367,89256,658631,2892,-2760, NO_EVENT
1202,86130,86953,451566,2237,-2237, NO_EVENT
1203,86356,86141,12570,347,226, NO_EVENT
1204,86782,86421,164886,998,426, NO_EVENT
1205,91664,88919,1994711,4882,4882, NO_EVENT
1206,197477,140144,7512282,105813,105813, TOUCHED
1207,213923,213782,11356925,17524,16446, TOUCHED
1208,214988,215174,813114,1839,725, TOUCHED
1209,214058,215322,305199,1781,-930, TOUCHED
1210,214676,212966,1684627,3046,618, TOUCHED
1211,214025,215317,814236,2204,-651, TOUCHED
1212,91134,144463,64489965,122891,-122891, UNTOUCHED
1213,86058,88085,2799727,5076,-5076, NO_EVENT
1214,83494,84548,508748,2564,-2564, NO_EVENT
1215,83302,83486,54881,600,-192, NO_EVENT
1216,83498,83436,146361,949,446, NO_EVENT
1217,83184,83615,117348,1056,-314, NO_EVENT
1218,83366,83362,64645,730,182, NO_EVENT
1219,83350,83508,227746,1281,-16, NO_EVENT
1220,83490,83347,16562,303,140, NO_EVENT
1221,82833,83123,53701,678,-229, NO_EVENT
1222,83590,83081,45136,757,757, NO_EVENT
1223,88695,84141,2084196,5629,5105, NO_EVENT
1224,217178,159130,105169778,128483,128483, TOUCHED
1225,214574,215913,880518,2604,-2604, TOUCHED
1226,215538,214717,272760,1227,964, TOUCHED
1227,213857,214125,502592,1822,-1681, TOUCHED
1228,215416,215662,840366,2592,1559, TOUCHED
1229,214743,215623,611443,1666,-673, TOUCHED
1230,85724,132472,35150652,129019,-129019, UNTOUCHED
1231,83704,84519,806614,2401,-2020, NO_EVENT
1232,83606,83441,21811,460,-98, NO_EVENT
1233,82585,82840,41401,1021,-1021, NO_EVENT
1234,82284,82416,37317,519,28, NO_EVENT
1235,82434,82392,30803,518,150, NO_EVENT
1236,83850,82922,194567,1416,1416, NO_EVENT
1237,141704,87836,123995590,58131,57854, TOUCHED
1238,212117,182558,109469914,73379,70413, TOUCHED
1239,214228,214334,3656684,4093,2111, TOUCHED
1240,216383,214551,639557,2200,2155, TOUCHED
1241,213859,214524,1638540,2821,-2524, TOUCHED
1242,218142,213641,7587528,6878,4283, TOUCHED
1243,214216,215561,2227229,3926,-3926, TOUCHED
1244,96470,151743,75313967,117746,-117746, TOUCHED
1245,88102,91508,6529492,8368,-8368, UNTOUCHED
1246,84107,85936,1122384,3995,-3995, NO_EVENT
1247,83246,83516,130660,925,-861, NO_EVENT
1248,83516,83504,31082,490,270, NO_EVENT
1249,82386,82779,103893,934,-866, NO_EVENT
1250,82655,82367,12459,408,269, NO_EVENT
1251,83254,82858,61943,605,599, NO_EVENT
1252,85625,83992,666031,2371,2371, NO_EVENT
1253,215374,139039,72800231,129749,129749, TOUCHED
1254,216939,215359,537407,2116,1565, TOUCHED
1255,216570,216474,121936,779,-369, TOUCHED
1256,217774,216873,206105,1204,1204, TOUCHED
1257,217488,217132,291551,1193,-286, TOUCHED
1258,85684,113988,38629499,131804,-131804, UNTOUCHED
1259,82941,83890,633048,2743,-2743, NO_EVENT
1260,82421,82603,46902,583,-520, NO_EVENT
1261,81710,82217,11154,568,-523, NO_EVENT
1262,80254,81641,291312,1866,-1456, NO_EVENT
1263,80645,80512,277962,1464,391, NO_EVENT
1264,78229,79251,446648,2190,-1238, NO_EVENT
1265,79811,79022,350713,1582,1582, NO_EVENT
1266,80134,80081,125226,976,197, NO_EVENT
1267,82282,81193,342021,2148,2148, NO_EVENT
1268,86464,84511,2151727,4182,4182, NO_EVENT
1269,316716,206317,8169212,230252,230252, TOUCHED
1270,331892,324607,57485619,15176,15176, TOUCHED
1271,310317,333158,48804756,25976,-21575, TOUCHED
1272,94528,137058,80012980,215789,-215789, UNTOUCHED
1273,86247,89426,6684861,8281,-8281, NO_EVENT
1274,84752,84795,312714,2169,-1495, NO_EVENT
1275,84611,84414,27230,549,-141, NO_EVENT
1276,84582,84565,9664,291,199, NO_EVENT
1277,85306,84792,69301,799,695, NO_EVENT
1278,86493,85719,162528,1187,1187, NO_EVENT
1279,92509,89359,4291220,6016,6016, NO_EVENT
1280,299646,120837,56190811,203089,203089, TOUCHED
1281,326440,309291,165408408,26794,26794, TOUCHED
1282,342212,335903,59701436,15772,15772, TOUCHED
1283,352589,346006,5778682,10377,10377, TOUCHED
1284,363373,355608,23445002,10784,10784, TOUCHED
1285,358716,361137,5413237,4657,-4657, TOUCHED
1286,95131,230934,89599325,263585,-263585, UNTOUCHED
1287,89281,91879,3883070,5850,-5850, NO_EVENT
1288,86266,87392,995565,2975,-2975, NO_EVENT
1289,84974,85141,97990,936,-116, NO_EVENT
1290,84789,84853,59089,551,-224, NO_EVENT
1291,85467,85104,111621,803,678, NO_EVENT
1292,89872,87260,1353222,4405,4405, NO_EVENT
1293,185026,133309,41623789,95154,95154, TOUCHED
1294,351779,291747,50080520,166753,166753, TOUCHED
1295,364121,359379,11457933,12342,12342, TOUCHED
1296,365936,364556,600867,1815,1815, TOUCHED
1297,365494,365741,48137,442,-442, TOUCHED
1298,99207,169651,116977833,266287,-266287, TOUCHED
1299,91758,94517,3226491,7449,-7449, UNTOUCHED
1300,88783,90094,649917,2975,-2975, NO_EVENT
1301,87114,87389,713116,2301,-1669, NO_EVENT
1302,85438,86093,369835,1792,-1676, NO_EVENT
1303,86041,85918,41438,678,603, NO_EVENT
1304,86577,86180,108977,934,536, NO_EVENT
1305,92206,88664,2217354,5629,5629, NO_EVENT
1306,215726,151195,143200041,123520,123520, TOUCHED
1307,217862,218162,2382136,3830,2136, TOUCHED
1308,217750,217843,4291,148,-112, TOUCHED
1309,146789,212291,31151779,72040,-70961, TOUCHED
1310,90486,116587,91581851,56303,-56303, UNTOUCHED
1311,85426,87556,2450437,5060,-5060, NO_EVENT
1312,83261,83733,515036,2359,-2165, NO_EVENT
1313,83117,83319,26570,442,-144, NO_EVENT
1314,83167,83238,54090,626,-3, NO_EVENT
1315,82439,82972,65976,817,-809, NO_EVENT
1316,83057,82757,36596,618,618, NO_EVENT
1317,83202,83111,78288,864,145, NO_EVENT
1318,88275,84877,3213474,5073,5073, NO_EVENT
1319,203381,147864,100659676,115106,115106, TOUCHED
1320,215596,208924,21814675,12215,12215, TOUCHED
1321,213952,214239,1083256,2278,-1644, TOUCHED
1322,202142,208788,19141364,11810,-11810, TOUCHED
1323,96589,119368,129309587,105553,-105553, TOUCHED
1324,86746,89337,4778294,6151,-6151, UNTOUCHED
1325,82835,84167,1042036,2727,-2387, NO_EVENT
1326,83417,83279,189139,1119,582, NO_EVENT
1327,82443,82573,153659,1254,-974, NO_EVENT
1328,81789,82040,71144,654,-654, NO_EVENT
1329,80775,80885,521400,2180,-403, NO_EVENT
1330,79360,79960,200148,1415,-1415, NO_EVENT
1331,81563,80701,512702,2203,2203, NO_EVENT
1332,83080,82145,123055,1368,1368, NO_EVENT
1333,182786,91870,32096966,99706,99706, TOUCHED
1334,218647,203825,123402638,35861,35861, TOUCHED
1335,217168,218229,198993,1479,-1479, TOUCHED
1336,216869,216308,648878,1692,-299, TOUCHED
1337,104266,166872,126439640,112603,-112603, TOUCHED
1338,82370,84756,5422149,6572,-6572, UNTOUCHED
1339,81348,81710,475357,1796,-1022, NO_EVENT
1340,77139,78938,1660708,4209,-4209, NO_EVENT
1341,78974,77683,652057,2362,1583, NO_EVENT
1342,75677,76895,1295244,3519,-3297, NO_EVENT
1343,76342,75942,108132,799,665, NO_EVENT
1344,75570,75872,664710,2078,-929, NO_EVENT
1345,76372,76938,1829329,3744,802, NO_EVENT
1346,77384,77348,830595,2643,1012, NO_EVENT
1347,82060,79376,1830911,4873,4873, NO_EVENT
1348,152755,105144,36053582,70695,70695, TOUCHED
1349,110287,183699,27698342,108877,-42468, TOUCHED
1350,86244,101361,99294948,24043,-24043, UNTOUCHED
1351,83239,84531,1731175,3036,-3005, NO_EVENT
1352,82506,83123,292136,1334,-733, NO_EVENT
1353,82315,82170,68554,723,-191, NO_EVENT
1354,78819,80926,564505,2951,-2951, NO_EVENT
1355,78005,78706,481683,1849,-814, NO_EVENT
1356,76647,77774,469504,2365,-1358, NO_EVENT
1357,77994,77510,437498,1722,1347, NO_EVENT
1358,77419,77878,954904,2931,-1158, NO_EVENT
1359,78393,77219,230195,1805,974, NO_EVENT
1360,80591,79655,1338639,2822,2198, NO_EVENT
1361,84075,82547,938073,3484,3484, NO_EVENT
1362,217793,165904,10158034,133718,133718, TOUCHED
1363,217689,218190,223825,992,-104, TOUCHED
1364,217368,218152,485638,1500,-321, TOUCHED
1365,101464,188430,6535329,117799,-115904, TOUCHED
1366,84851,88763,6928874,7748,-7748, UNTOUCHED
1367,83416,83407,39498,553,-323, NO_EVENT
1368,82023,82469,61595,751,-751, NO_EVENT
1369,81670,81730,95036,843,-353, NO_EVENT
1370,77846,79735,1318381,3824,-3824, NO_EVENT
1371,79388,77646,706898,2939,1542, NO_EVENT
1372,75340,76887,533118,4048,-4048, NO_EVENT
1373,74754,75344,109604,1023,-586, NO_EVENT
1374,74260,74436,138846,1055,-721, NO_EVENT
1375,74134,74085,63449,636,-206, NO_EVENT
1376,73894,74015,68297,811,-240, NO_EVENT
1377,73894,73854,12792,355,0, NO_EVENT
1378,73479,73820,20717,565,-415, NO_EVENT
1379,73644,73759,35878,651,165, NO_EVENT
1380,73757,73743,20916,441,113, NO_EVENT
1381,73788,73811,45500,637,148, NO_EVENT
1382,73774,73762,5445,195,-14, NO_EVENT
1383,73692,73784,2968,152,-82, NO_EVENT
1384,73758,73824,23607,485,66, NO_EVENT
1385,73690,73785,10601,349,-68, NO_EVENT
1386,73794,73832,13341,318,104, NO_EVENT
1387,73776,73771,31564,518,124, NO_EVENT
1388,73802,73801,16897,409,-73, NO_EVENT
1389,73732,73750,20938,486,-70, NO_EVENT
1390,73629,73725,13241,355,-103, NO_EVENT
1391,73484,73663,22682,452,-145, NO_EVENT
1392,73625,73658,14220,345,141, NO_EVENT
1393,73727,73680,26163,493,102, NO_EVENT
1394,73615,73669,7395,257,22, NO_EVENT
1395,73587,73613,19077,477,-81, NO_EVENT
1396,73583,73653,9629,276,-4, NO_EVENT
1397,73567,73636,20171,454,-16, NO_EVENT
1398,73600,73630,18003,456,33, NO_EVENT
1399,73488,73672,18070,481,-112, NO_EVENT
1400,73541,73650,12475,305,53, NO_EVENT
1401,73523,73597,22266,416,-34, NO_EVENT
1402,73528,73648,38060,577,-165, NO_EVENT
1403,73560,73635,9506,306,32, NO_EVENT
1404,73773,73662,12233,307,213, NO_EVENT
1405,73549,73616,15218,390,-224, NO_EVENT
1406,73568,73639,7533,231,19, NO_EVENT
1407,73628,73679,8417,273,60, NO_EVENT
1408,73635,73622,27923,552,46, NO_EVENT
1409,73584,73623,22795,449,-18, NO_EVENT
1410,73766,73628,31382,497,182, NO_EVENT
1411,73674,73670,5051,227,-92, NO_EVENT
1412,73675,73662,7341,281,1, NO_EVENT
1413,73617,73680,5777,231,-58, NO_EVENT
1414,73631,73644,9191,301,14, NO_EVENT
1415,73558,73646,22615,447,-139, NO_EVENT
1416,73600,73615,29690,555,-14, NO_EVENT
1417,73599,73596,2717,147,44, NO_EVENT
1418,73700,73584,24564,459,101, NO_EVENT
1419,73673,73659,18029,397,-27, NO_EVENT
1420,73607,73669,9287,318,-66, NO_EVENT
1421,73703,73661,16007,379,96, NO_EVENT
1422,73654,73637,32505,595,-49, NO_EVENT
1423,73562,73639,37528,549,194, NO_EVENT
1424,73671,73557,9733,269,211, NO_EVENT
1425,73619,73571,21323,440,-52, NO_EVENT
1426,73592,73605,18781,440,-27, NO_EVENT
1427,73512,73646,5192,233,-80, NO_EVENT
1428,73413,73609,20090,453,-99, NO_EVENT
1429,73645,73630,32075,570,232, NO_EVENT
1430,73645,73640,9147,318,126, NO_EVENT
1431,73647,73619,17613,419,69, NO_EVENT
1432,73586,73667,1764,157,-61, NO_EVENT
1433,73703,73656,5828,250,117, NO_EVENT
1434,73631,73605,23344,432,-72, NO_EVENT
1435,73593,73643,8042,273,-38, NO_EVENT
1436,73614,73597,6041,242,21, NO_EVENT
1437,73635,73679,4761,205,7, NO_EVENT
1438,73562,73647,13752,336,-3, NO_EVENT
1439,73758,73604,5981,229,196, NO_EVENT
1440,73681,73746,14990,389,-77, NO_EVENT
1441,73717,73669,6576,271,36, NO_EVENT
1442,73638,73595,8075,287,-79, NO_EVENT
1443,73656,73698,5989,202,18, NO_EVENT
1444,73585,73594,20948,453,-28, NO_EVENT
1445,73579,73633,15823,390,-66, NO_EVENT
1446,73722,73593,3632,193,143, NO_EVENT
1447,73628,73633,7234,261,-94, NO_EVENT
1448,73574,73646,14743,417,-54, NO_EVENT
1449,73592,73628,12635,341,18, NO_EVENT
1450,73567,73653,16759,384,-25, NO_EVENT
1451,73603,73552,18860,453,242, NO_EVENT
1452,73510,73569,25472,467,65, NO_EVENT
1453,73596,73578,7170,259,86, NO_EVENT
1454,73610,73595,10606,325,14, NO_EVENT
1455,73610,73577,42480,656,0, NO_EVENT
1456,73523,73636,12399,360,-87, NO_EVENT
1457,73410,73544,23328,488,-113, NO_EVENT
1458,73535,73606,23902,514,125, NO_EVENT
1459,73541,73560,13490,353,39, NO_EVENT
1460,73547,73610,13604,355,-191, NO_EVENT
1461,73618,73595,14134,379,71, NO_EVENT
1462,73591,73600,5519,205,-27, NO_EVENT
1463,73532,73594,5952,221,-59, NO_EVENT
1464,73559,73597,17976,427,27, NO_EVENT
1465,73575,73540,24032,475,16, NO_EVENT
1466,73611,73592,24584,483,192, NO_EVENT
1467,73550,73595,30493,568,199, NO_EVENT
1468,73474,73616,18849,439,-76, NO_EVENT
1469,73499,73615,23315,471,25, NO_EVENT
1470,73530,73532,12270,384,31, NO_EVENT
1471,73622,73559,12627,392,92, NO_EVENT
1472,73622,73594,18150,422,0, NO_EVENT
1473,73613,73656,4768,196,-116, NO_EVENT
1474,73489,73536,20050,406,-141, NO_EVENT
1475,73595,73540,5740,217,106, NO_EVENT
1476,73616,73521,15289,346,21, NO_EVENT
1477,73515,73584,18463,388,-101, NO_EVENT
1478,73633,73609,18592,391,118, NO_EVENT
1479,73407,73592,19705,382,-226, NO_EVENT
1480,73539,73562,15155,386,132, NO_EVENT
1481,73617,73644,19870,392,87, NO_EVENT
1482,73561,73534,6268,232,22, NO_EVENT
1483,73480,73605,7332,269,-81, NO_EVENT
1484,73629,73580,14784,367,149, NO_EVENT
1485,73563,73652,14622,360,-66, NO_EVENT
1486,73463,73600,6106,249,-100, NO_EVENT
1487,73557,73542,8923,286,94, NO_EVENT
1488,73701,73627,16029,351,180, NO_EVENT
1489,73631,73677,69165,789,24, NO_EVENT
1490,73564,73643,8779,251,-67, NO_EVENT
1491,73666,73571,4963,193,102, NO_EVENT
1492,73574,73583,13631,362,-92, NO_EVENT
1493,73507,73613,22639,445,-67, NO_EVENT
1494,73625,73624,18420,419,118, NO_EVENT
1495,73608,73650,17930,383,35, NO_EVENT
1496,73650,73619,15962,396,48, NO_EVENT
1497,73641,73615,17160,421,-9, NO_EVENT
1498,73557,73691,24993,492,-84, NO_EVENT
1499,73560,73638,17198,385,3, NO_EVENT
1500,73614,73588,3410,167,54, NO_EVENT
1501,73637,73597,19889,406,23, NO_EVENT
1502,73563,73639,9444,239,-217, NO_EVENT
1503,73858,73613,28647,419,333, NO_EVENT
1504,73682,73647,12181,325,-176, NO_EVENT
1505,73651,73671,39895,570,-31, NO_EVENT
1506,73575,73625,15307,382,-76, NO_EVENT
1507,73529,73549,26508,548,-46, NO_EVENT
1508,73652,73585,30974,607,123, NO_EVENT
1509,73691,73639,27825,567,41, NO_EVENT
1510,73614,73709,15655,383,-169, NO_EVENT
1511,73740,73614,14511,334,8, NO_EVENT
1512,73682,73666,1491,119,-58, NO_EVENT
1513,73642,73588,42770,637,-40, NO_EVENT
1514,73547,73626,9811,313,-95, NO_EVENT
1515,73806,73611,22848,480,259, NO_EVENT
1516,73649,73727,14114,301,-157, NO_EVENT
1517,73598,73592,26686,465,64, NO_EVENT
1518,73701,73598,3999,210,142, NO_EVENT
1519,73628,73678,8886,288,-73, NO_EVENT
1520,73586,73719,15898,404,-42, NO_EVENT
1521,73744,73694,19558,385,158, NO_EVENT
1522,73604,73659,3130,186,-140, NO_EVENT
1523,73677,73707,45673,645,73, NO_EVENT
1524,73633,73643,14195,355,29, NO_EVENT
1525,73599,73681,6378,231,-81, NO_EVENT
1526,73673,73708,28202,519,74, NO_EVENT
1527,73596,73684,21893,460,-77, NO_EVENT
1528,73745,73728,16091,378,149, NO_EVENT
1529,73540,73733,5348,295,-205, NO_EVENT
1530,73756,73733,16168,359,216, NO_EVENT
1531,73548,73673,26231,434,-10, NO_EVENT
1532,73651,73718,10314,278,-229, NO_EVENT
1533,73790,73721,10423,263,139, NO_EVENT
1534,73755,73687,10942,315,-35, NO_EVENT
1535,73653,73702,21442,483,-102, NO_EVENT
1536,73675,73752,5298,227,22, NO_EVENT
1537,73625,73747,34580,573,-50, NO_EVENT
1538,73833,73782,4469,198,70, NO_EVENT
1539,73838,73827,10037,329,5, NO_EVENT
1540,73798,73764,3914,205,-40, NO_EVENT
1541,73849,73839,51554,701,51, NO_EVENT
1542,73888,73861,10480,349,39, NO_EVENT
1543,74113,73997,22172,415,225, NO_EVENT
1544,74302,74293,46998,612,212, NO_EVENT
1545,75484,75053,129519,922,699, NO_EVENT
1546,78290,76542,703288,2806,2806, NO_EVENT
1547,79974,78674,894655,2577,1684, NO_EVENT
1548,79986,79412,1176957,3458,12, NO_EVENT
1549,82555,81460,543666,2569,2569, NO_EVENT
1550,154969,95701,161496307,72414,72414, TOUCHED
1551,145589,148203,16303876,10933,-9380, TOUCHED
1552,151093,148979,7539567,6725,5504, TOUCHED
1553,146410,149678,9135161,6936,-4683, TOUCHED
1554,154592,150380,11999963,8182,8182, TOUCHED
1555,144175,152452,14446015,12096,-10417, TOUCHED
1556,155415,148326,54493576,16788,11240, TOUCHED
1557,84616,108705,71479514,70799,-70799, UNTOUCHED
1558,83386,83308,109796,833,-343, NO_EVENT
1559,82704,83023,97458,764,-682, NO_EVENT
1560,82883,82670,38339,580,179, NO_EVENT
1561,82719,82758,22472,419,-164, NO_EVENT
1562,83289,82975,15477,505,505, NO_EVENT
1563,82773,83149,88386,844,-516, NO_EVENT
1564,87121,84272,2017091,4348,4348, NO_EVENT
1565,148844,119073,27588423,61723,61723, TOUCHED
1566,134913,143374,88684205,21195,-13931, TOUCHED
1567,152542,147226,58728290,19262,17629, TOUCHED
1568,135389,139375,53638893,16507,1906, TOUCHED
1569,89666,112243,34638079,56345,-56345, UNTOUCHED
1570,84844,87122,2526481,4822,-4822, NO_EVENT
1571,82900,83683,431047,1944,-1944, NO_EVENT
1572,83130,83169,44764,637,230, NO_EVENT
1573,82373,82701,92155,770,-770, NO_EVENT
1574,81904,82148,44255,527,-469, NO_EVENT
1575,81796,81711,144057,1091,-108, NO_EVENT
1576,81907,81689,200319,1368,111, NO_EVENT
1577,132243,90832,155137177,50336,50336, TOUCHED
1578,148760,144354,39686564,16824,16517, TOUCHED
1579,150401,152320,8751843,7363,1641, TOUCHED
1580,158259,155924,22030745,11219,7858, TOUCHED
1581,88878,131716,167521385,69381,-69381, UNTOUCHED
1582,82736,84699,5001042,6142,-6142, NO_EVENT
1583,82064,82172,136616,1191,-672, NO_EVENT
1584,80966,81269,217820,1443,-1098, NO_EVENT
1585,81385,80249,560218,2308,1451, NO_EVENT
1586,80696,80560,299532,1596,-689, NO_EVENT
1587,82128,81378,322021,1432,1432, NO_EVENT
1588,108192,87614,105966992,26248,26248, TOUCHED
1589,151822,137911,168540248,43630,43630, TOUCHED
1590,102600,124877,34681598,49222,-49222, TOUCHED
1591,82956,87038,29218035,19644,-19644, UNTOUCHED
1592,82019,82431,45475,937,-937, NO_EVENT
1593,82214,81970,128933,1007,195, NO_EVENT
1594,81736,81923,37128,535,-478, NO_EVENT
1595,82185,82179,31530,693,449, NO_EVENT
1596,81994,82151,12114,327,-109, NO_EVENT
1597,82363,82206,32415,489,369, NO_EVENT
1598,83031,82463,89546,939,668, NO_EVENT
1599,83451,83275,26437,460,420, NO_EVENT
1600,85230,83856,886439,2364,2343, NO_EVENT
1601,139572,96944,47907195,54342,54342, TOUCHED
1602,146712,141307,29476505,12541,7140, TOUCHED
1603,94096,116958,76650004,52616,-52616, UNTOUCHED
1604,87077,90051,3140186,7019,-7019, NO_EVENT
1605,85343,86150,703579,2206,-1734, NO_EVENT
1606,83399,84018,352067,1944,-1944, NO_EVENT
1607,83178,83408,70773,727,-221, NO_EVENT
1608,82634,82991,178550,1211,-93, NO_EVENT
1609,82324,82409,31680,523,-310, NO_EVENT
1610,81479,82089,86895,885,-845, NO_EVENT
1611,81703,81603,145439,1044,224, NO_EVENT
1612,81609,81552,110078,1067,-94, NO_EVENT
1613,88430,83108,4120810,6821,6821, NO_EVENT
1614,157821,135151,42398028,69391,69391, TOUCHED
1615,145766,151191,60459925,16404,-12055, TOUCHED
1616,108822,137977,149979294,49589,-36944, TOUCHED
1617,81957,83170,2542370,4630,-4135, UNTOUCHED
1618,79753,80246,976695,2802,-2204, NO_EVENT
1619,79634,79406,216514,1365,-119, NO_EVENT
1620,78494,79047,378335,1730,-1451, NO_EVENT
1621,80174,79573,211966,1680,1680, NO_EVENT
1622,80274,80462,320517,1501,-201, NO_EVENT
1623,82257,81631,297805,1983,1983, NO_EVENT
1624,82103,82169,9632,286,-154, NO_EVENT
1625,82556,82510,36084,532,206, NO_EVENT
1626,84054,83120,145526,1498,1498, NO_EVENT
1627,87159,84726,1067084,3410,3105, NO_EVENT
1628,94649,90766,7248316,7490,7490, NO_EVENT
1629,156117,139389,143160375,61468,61468, TOUCHED
1630,92096,114187,100550678,44554,-44554, UNTOUCHED
1631,85888,88520,4370343,6208,-6208, NO_EVENT
1632,84035,83717,1117240,3208,-1853, NO_EVENT
1633,82993,83306,88863,1042,-1042, NO_EVENT
1634,82486,82575,19324,549,-507, NO_EVENT
1635,82393,82463,13456,356,84, NO_EVENT
1636,82637,82457,10938,332,244, NO_EVENT
1637,82872,82742,9861,275,235, NO_EVENT
1638,83015,83112,83843,836,143, NO_EVENT
1639,83715,83364,14206,467,220, NO_EVENT
1640,85573,84628,414461,1858,1858, NO_EVENT
1641,92429,89163,5201887,6856,6856, NO_EVENT
1642,126427,131797,30553044,54995,33998, TOUCHED
1643,129708,138073,68145467,18104,-14263, TOUCHED
1644,110389,133789,31586836,43184,-19319, TOUCHED
1645,102807,113939,28802841,16030,-7582, TOUCHED
1646,90521,93666,10393726,12286,-12286, UNTOUCHED
1647,89419,89294,599473,2455,-1102, NO_EVENT
1648,87404,88164,417219,2015,-2015, NO_EVENT
1649,88043,87729,70223,741,639, NO_EVENT
1650,87745,88183,149652,967,-298, NO_EVENT
1651,88495,88126,85822,750,750, NO_EVENT
1652,89568,89075,164896,1152,685, NO_EVENT
1653,93120,91084,1114919,3226,3226, NO_EVENT
1654,102893,97595,12410913,9773,9773, TOUCHED
1655,148878,137612,44758095,47149,45985, TOUCHED
1656,148176,136358,104436396,24065,22581, TOUCHED
1657,97459,116041,110532057,50717,-50717, TOUCHED
1658,86344,91141,9176946,11115,-11115, UNTOUCHED
1659,83299,84325,1233306,3212,-3045, NO_EVENT
1660,82626,82922,100952,800,-673, NO_EVENT
1661,82168,82253,13198,504,-458, NO_EVENT
1662,81344,82195,62944,1075,-991, NO_EVENT
1663,82020,81781,100654,810,676, NO_EVENT
1664,81921,81712,138755,1048,-99, NO_EVENT
1665,82282,82040,119686,995,792, NO_EVENT
1666,82550,82271,32778,589,268, NO_EVENT
1667,87635,83851,2229794,5085,5085, NO_EVENT
1668,124928,113849,87247353,48990,37293, TOUCHED
1669,129900,134365,52194961,16959,-12259, TOUCHED
1670,133207,134568,8217479,7924,3307, TOUCHED
1671,143366,137070,28252167,12811,10159, TOUCHED
1672,145716,133351,73309944,19351,2350, TOUCHED
1673,89859,123967,57834567,55857,-55857, UNTOUCHED
1674,84454,87506,2473042,5405,-5405, NO_EVENT
1675,82995,83458,321732,1466,-1459, NO_EVENT
1676,83669,83334,94046,815,674, NO_EVENT
1677,82751,82944,80913,1021,-918, NO_EVENT
1678,82976,82605,9362,489,343, NO_EVENT
1679,82989,82957,8299,258,13, NO_EVENT
1680,86224,83779,688811,3235,3235, NO_EVENT
1681,144634,126851,2322014,60961,58410, TOUCHED
1682,138379,142877,6531185,6940,-6255, TOUCHED
1683,90358,132395,35124321,63204,-48021, UNTOUCHED
1684,83462,85270,7019689,7334,-6896, NO_EVENT
1685,82342,82487,170161,1338,-1120, NO_EVENT
1686,81818,82058,21226,444,-444, NO_EVENT
1687,82396,81980,37959,660,578, NO_EVENT
1688,82316,81960,73269,779,-80, NO_EVENT
1689,82251,82265,8288,277,-65, NO_EVENT
1690,83282,82716,38037,876,876, NO_EVENT
1691,83210,83329,68600,780,-72, NO_EVENT
1692,84979,83850,400025,1795,1769, NO_EVENT
1693,92685,88241,5154954,7706,7706, NO_EVENT
1694,134831,127685,135470133,45075,42146, TOUCHED
1695,150764,138989,61942340,20733,15933, TOUCHED
1696,91355,104386,60162357,59409,-59409, UNTOUCHED
1697,88814,89506,515601,2541,-2541, NO_EVENT
1698,86064,87309,598706,2750,-2750, NO_EVENT
1699,85019,85321,521675,1998,-1045, NO_EVENT
1700,83308,83858,334426,1711,-1711, NO_EVENT
1701,83159,83279,24654,444,-149, NO_EVENT
1702,83325,83224,27084,396,166, NO_EVENT
1703,82864,83329,159768,1143,-1018, NO_EVENT
1704,82731,82866,28303,498,-133, NO_EVENT
1705,82996,82861,31391,501,265, NO_EVENT
1706,83452,83171,38839,626,456, NO_EVENT
1707,88567,85303,3443062,5121,5121, NO_EVENT
1708,118641,123813,110123875,59428,30074, TOUCHED
1709,92990,107114,80343458,25651,-25651, UNTOUCHED
1710,83862,86662,7513463,9128,-9128, NO_EVENT
1711,82246,83047,369763,1805,-1616, NO_EVENT
1712,80920,82032,99604,1506,-1150, NO_EVENT
1713,81382,81152,195377,1248,462, NO_EVENT
1714,80511,80450,262233,1849,-871, NO_EVENT
1715,81170,80376,427627,1776,1659, NO_EVENT
1716,81060,80730,428731,1746,-110, NO_EVENT
1717,82156,81625,205679,1243,1096, NO_EVENT
1718,83188,82502,75355,949,949, NO_EVENT
1719,108233,85691,24073208,25045,25045, TOUCHED
1720,143949,130906,14939646,47898,35716, TOUCHED
1721,136299,136569,18680740,11350,-7650, TOUCHED
1722,132641,137043,11075443,9133,-3658, TOUCHED
1723,149762,139365,119356689,24451,17121, TOUCHED
1724,88927,108684,119249722,60835,-60835, UNTOUCHED
1725,83332,85340,4134888,6052,-5595, NO_EVENT
1726,83284,83333,42986,612,-48, NO_EVENT
1727,82520,82783,78442,765,-764, NO_EVENT
1728,83390,82791,55148,1053,1053, NO_EVENT
1729,83069,83274,107214,913,-321, NO_EVENT
1730,83388,83292,130566,1154,319, NO_EVENT
1731,89967,86574,3604031,6579,6579, NO_EVENT
1732,132936,131168,161390073,51405,42969, TOUCHED
1733,145841,138428,67769142,17912,12905, TOUCHED
1734,145011,132416,64100568,19175,19175, TOUCHED
1735,133096,136877,36371232,15359,-11915, TOUCHED
1736,128854,133285,10003104,8758,-4242, TOUCHED
1737,94544,115832,96397805,54115,-34310, UNTOUCHED
1738,88959,90392,2141188,3755,-3755, NO_EVENT
1739,87081,87663,580994,2006,-1878, NO_EVENT
1740,85858,86300,99443,1223,-1223, NO_EVENT
1741,85787,85783,93800,866,-71, NO_EVENT
1742,90012,87858,1541924,3651,3651, NO_EVENT
1743,160306,128575,6504461,70294,70294, TOUCHED
1744,139205,133568,49425736,17772,7146, TOUCHED
1745,134518,135197,22121414,10663,-4687, TOUCHED
1746,128453,134753,23353866,13207,-6065, TOUCHED
1747,99647,127964,103157864,49902,-28806, TOUCHED
1748,88098,91733,9024412,11549,-11549, UNTOUCHED
1749,85507,86827,814590,2591,-2591, NO_EVENT
1750,83533,83827,604784,2321,-1974, NO_EVENT
1751,83151,83483,63792,634,-382, NO_EVENT
1752,82361,82791,80592,790,-790, NO_EVENT
1753,82403,82361,25993,505,-146, NO_EVENT
1754,82471,82310,18443,417,68, NO_EVENT
1755,83342,82933,274695,1400,871, NO_EVENT
1756,155075,106521,150276808,72201,72201, TOUCHED
1757,146249,146753,24141640,14323,-8826, TOUCHED
1758,127678,136521,74965751,19628,-18571, TOUCHED
1759,127446,138648,101915345,20966,-232, TOUCHED
1760,135493,137097,88204583,23844,8047, TOUCHED
1761,85043,98715,123125884,50450,-50450, UNTOUCHED
1762,83232,83635,418621,1898,-1811, NO_EVENT
1763,82575,82669,75314,834,-657, NO_EVENT
1764,82115,82278,21075,497,-460, NO_EVENT
1765,82295,82369,24403,391,53, NO_EVENT
1766,83634,82612,135611,1345,1339, NO_EVENT
1767,83987,83642,57790,843,353, NO_EVENT
1768,90622,86866,4925344,6635,6635, NO_EVENT
1769,144971,121577,147901854,54349,54349, TOUCHED
1770,140623,130289,81976973,20537,17345, TOUCHED
1771,133154,134061,15613167,10538,-7469, TOUCHED
1772,125128,131975,31215913,14719,-8026, TOUCHED
1773,129633,136800,86385783,20512,4505, TOUCHED
1774,100900,130798,129016317,53047,-28733, TOUCHED
1775,88488,91870,8023035,12412,-12412, UNTOUCHED
1776,84070,85389,2218223,4425,-4418, NO_EVENT
1777,83387,83499,75589,980,-683, NO_EVENT
1778,83587,83364,115859,906,331, NO_EVENT
1779,83262,83500,111107,1009,-325, NO_EVENT
1780,83446,83445,23982,440,184, NO_EVENT
1781,87213,84995,1088545,3767,3767, NO_EVENT
1782,151593,111758,19908933,64380,64380, TOUCHED
1783,130578,139414,68648931,21015,-21015, TOUCHED
1784,129584,133650,10377734,8092,-994, TOUCHED
1785,149848,138259,124135502,25322,20264, TOUCHED
1786,95359,114127,14177524,32387,-32387, UNTOUCHED
1787,89840,92189,4124538,5519,-5519, NO_EVENT
1788,87055,88359,853675,2435,-2435, NO_EVENT
1789,85104,85578,267944,1430,-531, NO_EVENT
1790,84278,84616,45918,626,-240, NO_EVENT
1791,85074,84246,45679,1149,1149, NO_EVENT
1792,87502,85763,778837,2665,2428, NO_EVENT
1793,93815,90130,5038997,6313,6313, NO_EVENT
1794,124763,133627,75566912,58526,30948, TOUCHED
1795,127992,139060,92807910,23111,3229, TOUCHED
1796,142304,135085,43968786,15365,14312, TOUCHED
1797,141938,141566,7249845,6639,-366, TOUCHED
1798,92324,108508,119182192,49614,-49614, UNTOUCHED
1799,85903,88364,2308212,4104,-4104, NO_EVENT
1800,83632,84113,605384,2071,-1654, NO_EVENT
1801,83131,83469,228960,1399,-501, NO_EVENT
1802,83735,83217,134385,975,604, NO_EVENT
1803,83263,83448,84121,704,-472, NO_EVENT
1804,86584,84281,2011735,3649,3321, NO_EVENT
1805,149808,108552,16411349,62698,62698, TOUCHED
1806,123962,135711,101844699,25846,-25846, TOUCHED
1807,129365,139000,91876121,24174,5403, TOUCHED
1808,150279,138969,67379252,20914,20914, TOUCHED
1809,89596,110885,143756051,60683,-60683, UNTOUCHED
1810,82988,84812,3227575,6608,-6608, NO_EVENT
1811,82244,82813,275969,1572,-1524, NO_EVENT
1812,81072,81934,172526,1222,-1172, NO_EVENT
1813,81004,81070,221104,1558,-68, NO_EVENT
1814,80977,81185,320747,1706,-27, NO_EVENT
1815,82365,81577,129327,1388,1388, NO_EVENT
1816,82632,82323,21421,488,267, NO_EVENT
1817,83128,83210,108718,1092,496, NO_EVENT
1818,125034,105066,53171205,39760,39760, TOUCHED
1819,141518,137394,118333166,26364,16484, TOUCHED
1820,128044,136911,107774775,25154,-5068, TOUCHED
1821,133561,147078,146608069,26944,-21247, TOUCHED
1822,89508,109206,84064496,44053,-44053, UNTOUCHED
1823,83430,85368,4277124,6372,-6078, NO_EVENT
1824,82425,82972,201140,1161,-1005, NO_EVENT
1825,82397,82366,15406,279,-61, NO_EVENT
1826,82529,82434,18099,429,132, NO_EVENT
1827,83230,83150,95550,1142,701, NO_EVENT
1828,124846,101246,53144780,41616,41616, TOUCHED
1829,139708,136106,109502815,24959,14862, TOUCHED
1830,139222,132372,57931156,18819,15479, TOUCHED
1831,138480,136829,5567322,5732,-742, TOUCHED
1832,136873,139386,3885515,5219,-1607, TOUCHED
1833,150933,142606,47457809,16522,14060, TOUCHED
1834,134965,140665,86969891,20691,-15968, TOUCHED
1835,153578,146451,89530429,21049,18613, TOUCHED
1836,136731,142902,45932011,16847,-16847, TOUCHED
1837,153608,149564,47008251,18928,16877, TOUCHED
1838,140354,144694,46624407,14929,642, TOUCHED
1839,137703,141943,38585084,15302,-11628, TOUCHED
1840,88992,109232,24197354,48711,-48711, UNTOUCHED
1841,82912,84763,2671933,6080,-6080, NO_EVENT
1842,79768,82013,430533,2968,-2408, NO_EVENT
1843,78250,78466,1040032,2858,-1518, NO_EVENT
1844,74686,77046,2487442,4062,-3564, NO_EVENT
1845,73920,74401,244102,1511,-766, NO_EVENT
1846,73766,73869,15794,327,-154, NO_EVENT
1847,73828,73820,7781,286,77, NO_EVENT
1848,73789,73751,29485,515,-68, NO_EVENT
1849,73708,73673,22866,515,-81, NO_EVENT
1850,73635,73689,7294,217,-73, NO_EVENT
1851,73649,73708,19912,430,14, NO_EVENT
1852,73733,73714,26433,446,84, NO_EVENT
1853,73531,73693,14204,365,-202, NO_EVENT
1854,73641,73698,21568,416,6, NO_EVENT
1855,73619,73665,16944,388,32, NO_EVENT
1856,73617,73643,13330,385,-2, NO_EVENT
1857,73568,73611,17566,433,-49, NO_EVENT
1858,73589,73586,5500,214,21, NO_EVENT
1859,73636,73643,3015,170,47, NO_EVENT
1860,73518,73594,9234,254,-118, NO_EVENT
1861,73605,73615,5510,235,-41, NO_EVENT
1862,73619,73674,23328,483,93, NO_EVENT
1863,73603,73700,14406,378,-16, NO_EVENT
1864,73616,73650,5758,223,13, NO_EVENT
1865,73667,73660,11847,364,51, NO_EVENT
1866,73648,73710,3553,190,-19, NO_EVENT
1867,73392,73662,50744,679,-256, NO_EVENT
1868,73575,73644,6611,237,-137, NO_EVENT
1869,73637,73634,8182,298,134, NO_EVENT
1870,73644,73682,27119,503,7, NO_EVENT
1871,73534,73672,9413,294,-110, NO_EVENT
1872,73573,73623,6610,229,39, NO_EVENT
1873,73578,73609,11676,343,5, NO_EVENT
1874,73578,73605,4713,202,0, NO_EVENT
1875,73692,73667,19778,451,186, NO_EVENT
1876,73681,73648,16091,352,-85, NO_EVENT
1877,73615,73641,7767,279,-66, NO_EVENT
1878,73625,73636,683,74,10, NO_EVENT
1879,73675,73647,14749,350,50, NO_EVENT
1880,73648,73600,23388,490,-27, NO_EVENT
1881,73582,73662,6013,211,-66, NO_EVENT
1882,73680,73679,5484,236,98, NO_EVENT
1883,73648,73601,18435,394,128, NO_EVENT
1884,73595,73619,443,54,-38, NO_EVENT
1885,73564,73593,8256,302,-31, NO_EVENT
1886,73659,73645,5010,208,95, NO_EVENT
1887,73629,73622,6117,223,-30, NO_EVENT
1888,73680,73658,12869,317,51, NO_EVENT
1889,73511,73603,4928,206,-169, NO_EVENT
1890,73606,73595,14091,394,43, NO_EVENT
1891,73630,73572,2208,148,31, NO_EVENT
1892,73631,73612,5942,216,1, NO_EVENT
1893,73614,73644,13203,382,-17, NO_EVENT
1894,73554,73588,4671,194,-60, NO_EVENT
1895,73679,73626,5958,237,125, NO_EVENT
1896,73595,73659,5911,246,-84, NO_EVENT
1897,73638,73644,4541,210,-2, NO_EVENT
1898,73583,73564,11104,302,-6, NO_EVENT
1899,73606,73584,8101,300,23, NO_EVENT
1900,73679,73726,36477,577,73, NO_EVENT
1901,73629,73662,19238,417,-50, NO_EVENT
1902,73626,73650,8886,321,-3, NO_EVENT
1903,73567,73672,23396,465,-59, NO_EVENT
1904,73673,73645,10106,330,112, NO_EVENT
1905,73659,73693,11658,329,56, NO_EVENT
1906,73625,73670,20289,425,-34, NO_EVENT
1907,73635,73642,2690,165,10, NO_EVENT
1908,73638,73625,2037,138,3, NO_EVENT
1909,73688,73625,8482,281,50, NO_EVENT
1910,73646,73640,1535,121,-42, NO_EVENT
1911,73618,73640,9128,277,-63, NO_EVENT
1912,73671,73668,10780,311,41, NO_EVENT
1913,73572,73659,10114,290,-99, NO_EVENT
1914,73732,73674,9768,263,160, NO_EVENT
1915,73627,73648,2095,152,-105, NO_EVENT
1916,73666,73640,28199,532,39, NO_EVENT
1917,73567,73643,10061,292,-99, NO_EVENT
1918,73636,73645,9924,300,63, NO_EVENT
1919,73587,73656,12285,339,-172, NO_EVENT
1920,73599,73648,25254,475,12, NO_EVENT
1921,73667,73658,6051,241,68, NO_EVENT
1922,73591,73652,7166,250,-76, NO_EVENT
1923,73636,73664,11308,316,45, NO_EVENT
1924,73453,73665,18193,420,-183, NO_EVENT
1925,73740,73655,8488,250,146, NO_EVENT
1926,73601,73664,13083,365,-88, NO_EVENT
1927,73660,73616,10234,320,59, NO_EVENT
1928,73694,73656,8637,258,34, NO_EVENT
1929,73591,73592,3510,188,-103, NO_EVENT
1930,73586,73634,5119,186,-5, NO_EVENT
1931,73485,73637,12992,306,-101, NO_EVENT
1932,73864,73686,16120,297,284, NO_EVENT
1933,73601,73681,11095,301,-78, NO_EVENT
1934,73615,73698,9312,233,14, NO_EVENT
1935,73751,73676,8337,283,136, NO_EVENT
1936,73655,73627,16223,372,-96, NO_EVENT
1937,73621,73628,8089,273,-34, NO_EVENT
1938,73626,73643,10700,332,5, NO_EVENT
1939,73712,73733,15928,369,19, NO_EVENT
1940,73703,73653,16832,366,85, NO_EVENT
1941,73659,73589,4521,223,-44, NO_EVENT
1942,73690,73662,17704,401,31, NO_EVENT
1943,73598,73618,9198,316,-92, NO_EVENT
1944,73704,73715,28953,521,106, NO_EVENT
1945,73574,73625,6948,242,-130, NO_EVENT
1946,73693,73706,45589,602,-204, NO_EVENT
1947,73597,73642,19711,444,23, NO_EVENT
1948,73716,73666,2791,163,119, NO_EVENT
1949,73641,73794,30516,486,-75, NO_EVENT
1950,73595,73669,23831,463,-46, NO_EVENT
1951,73766,73627,1366,174,171, NO_EVENT
1952,73649,73655,20936,466,-117, NO_EVENT
1953,73584,73606,6546,260,-53, NO_EVENT
1954,73663,73673,26958,526,12, NO_EVENT
1955,73607,73593,2915,164,-56, NO_EVENT
1956,73634,73677,6157,220,27, NO_EVENT
1957,73623,73642,15740,415,-11, NO_EVENT
1958,73591,73688,27187,551,-32, NO_EVENT
1959,73620,73709,6618,218,29, NO_EVENT
1960,73600,73611,4958,235,25, NO_EVENT
1961,73606,73684,10936,318,-80, NO_EVENT
1962,73676,73631,1687,133,37, NO_EVENT
1963,73594,73663,14899,346,-82, NO_EVENT
1964,73669,73601,6867,269,75, NO_EVENT
1965,73588,73624,12990,330,-81, NO_EVENT
1966,73560,73651,22604,503,-28, NO_EVENT
1967,73569,73631,13697,369,9, NO_EVENT
1968,73543,73595,13525,342,-48, NO_EVENT
1969,73644,73568,1736,143,79, NO_EVENT
1970,73637,73612,11776,349,-7, NO_EVENT
1971,73587,73661,5692,231,-50, NO_EVENT
1972,73593,73646,35855,547,6, NO_EVENT
1973,73659,73643,25631,527,66, NO_EVENT
1974,73584,73615,9171,311,-75, NO_EVENT
1975,73651,73636,3803,192,136, NO_EVENT
1976,73623,73577,21149,473,129, NO_EVENT
1977,73647,73652,12263,315,24, NO_EVENT
1978,73648,73588,24856,504,1, NO_EVENT
1979,73617,73658,4992,212,-31, NO_EVENT
1980,73626,73644,11691,319,9, NO_EVENT
1981,73637,73645,8345,291,11, NO_EVENT
1982,73702,73630,6623,232,105, NO_EVENT
1983,73718,73686,21804,460,177, NO_EVENT
1984,73692,73676,17626,409,-26, NO_EVENT
1985,73709,73653,33191,576,17, NO_EVENT
1986,73619,73626,12392,356,-90, NO_EVENT
1987,73618,73679,6849,239,-1, NO_EVENT
1988,73667,73705,13825,317,49, NO_EVENT
1989,73604,73611,6024,243,-2, NO_EVENT
1990,73609,73565,30353,490,197, NO_EVENT
1991,73597,73666,33292,558,-12, NO_EVENT
1992,73614,73570,7855,243,17, NO_EVENT
1993,73574,73624,24236,454,-40, NO_EVENT
1994,73647,73661,13338,345,73, NO_EVENT
1995,73536,73609,17206,412,-111, NO_EVENT
1996,73581,73627,2796,158,-51, NO_EVENT
1997,73577,73681,9373,303,-104, NO_EVENT
1998,73577,73607,22297,467,0, NO_EVENT
1999,73590,73587,3324,189,13, NO_EVENT
2000,73547,73610,895,110,-43, NO_EVENT
2001,73650,73625,1449,130,103, NO_EVENT
2002,73547,73667,9097,281,-103, NO_EVENT
2003,73554,73615,2116,127,-50, NO_EVENT
2004,73661,73660,17313,399,20, NO_EVENT
2005,73567,73624,4821,201,-94, NO_EVENT
2006,73723,73654,10008,269,156, NO_EVENT
2007,73646,73671,8383,263,-77, NO_EVENT
2008,73640,73688,14025,343,-6, NO_EVENT
2009,73680,73673,570,70,40, NO_EVENT
2010,73469,73657,29322,548,-183, NO_EVENT
2011,73642,73663,9494,289,-9, NO_EVENT
2012,73562,73581,3872,206,-27, NO_EVENT
2013,73569,73654,12527,307,7, NO_EVENT
2014,73600,73608,40031,607,31, NO_EVENT
2015,73605,73657,18081,404,5, NO_EVENT
2016,73605,73671,10474,307,0, NO_EVENT
2017,73563,73646,11176,311,-42, NO_EVENT
2018,73667,73679,11612,306,85, NO_EVENT
2019,73632,73595,11814,282,32, NO_EVENT
2020,73573,73617,2885,143,-59, NO_EVENT
2021,73642,73591,14569,414,69, NO_EVENT
2022,73595,73614,8624,254,-47, NO_EVENT
2023,73625,73695,17679,397,30, NO_EVENT
2024,73695,73660,572,70,70, NO_EVENT
2025,73713,73689,19494,407,95, NO_EVENT
2026,73598,73625,1596,117,-49, NO_EVENT
2027,73661,73680,12741,317,63, NO_EVENT
2028,73587,73644,15873,401,-74, NO_EVENT
2029,73599,73650,14229,384,12, NO_EVENT
2030,73572,73654,7827,294,-27, NO_EVENT
2031,73450,73585,13529,372,-122, NO_EVENT
2032,73567,73653,22965,501,-77, NO_EVENT
2033,73660,73558,13108,371,122, NO_EVENT
2034,73567,73612,2619,153,-93, NO_EVENT
2035,73691,73724,23239,445,124, NO_EVENT
2036,73594,73650,3744,181,-97, NO_EVENT
2037,73594,73597,12112,356,0, NO_EVENT
2038,73647,73625,27365,563,53, NO_EVENT
2039,73651,73623,11488,310,45, NO_EVENT
2040,73658,73556,26211,467,69, NO_EVENT
2041,73630,73642,15669,331,-28, NO_EVENT
2042,73569,73624,7960,285,-61, NO_EVENT
2043,73699,73679,10662,289,130, NO_EVENT
2044,73693,73693,5881,230,-6, NO_EVENT
2045,73657,73668,13497,311,-36, NO_EVENT
2046,73693,73661,14272,394,39, NO_EVENT
2047,73594,73641,16704,385,0, NO_EVENT
2048,73577,73601,6608,242,-17, NO_EVENT
2049,73616,73683,9229,286,39, NO_EVENT
2050,73612,73641,21268,496,-4, NO_EVENT
2051,73788,73664,17242,405,176, NO_EVENT
2052,73670,73653,3460,198,-118, NO_EVENT
2053,73482,73562,12754,341,-103, NO_EVENT
2054,73621,73620,18503,441,-24, NO_EVENT
2055,73634,73748,18594,389,13, NO_EVENT
2056,73693,73660,2241,135,59, NO_EVENT
2057,73638,73652,5235,229,-55, NO_EVENT
2058,73678,73623,5822,256,40, NO_EVENT
2059,73439,73590,15802,327,-239, NO_EVENT
2060,73381,73620,29972,569,-314, NO_EVENT
2061,73474,73675,17535,366,-121, NO_EVENT
2062,73627,73556,35993,552,153, NO_EVENT
2063,73621,73659,8792,302,-6, NO_EVENT
2064,73656,73625,3744,179,35, NO_EVENT
2065,73572,73620,13647,403,-84, NO_EVENT
2066,73685,73668,10815,323,113, NO_EVENT
2067,73512,73643,20599,434,-185, NO_EVENT
2068,73694,73697,22326,408,60, NO_EVENT
2069,73566,73639,14740,329,-128, NO_EVENT
2070,73669,73668,25063,492,103, NO_EVENT
2071,73658,73600,22062,483,-11, NO_EVENT
2072,73610,73644,3132,165,-48, NO_EVENT
2073,73591,73576,3727,197,-19, NO_EVENT
2074,73409,73594,19393,437,-182, NO_EVENT
2075,73592,73627,14075,347,4, NO_EVENT
2076,73628,73670,5477,187,33, NO_EVENT
2077,73626,73619,26171,515,-2, NO_EVENT
2078,73638,73625,15044,381,12, NO_EVENT
2079,73647,73670,8643,252,9, NO_EVENT
2080,73643,73684,32357,536,-4, NO_EVENT
2081,73460,73665,30412,495,-183, NO_EVENT
2082,73568,73617,19399,366,39, NO_EVENT
2083,73615,73628,2472,135,55, NO_EVENT
2084,73699,73608,2003,149,84, NO_EVENT
2085,73763,73672,13599,348,64, NO_EVENT
2086,73643,73686,21525,450,-120, NO_EVENT
2087,73610,73637,13923,352,-33, NO_EVENT
2088,73722,73679,6683,254,112, NO_EVENT
2089,73622,73664,16498,417,-142, NO_EVENT
2090,73647,73631,2717,128,90, NO_EVENT
2091,73666,73597,5521,230,19, NO_EVENT
2092,73599,73655,11585,346,-67, NO_EVENT
2093,73722,73702,38082,558,123, NO_EVENT
2094,73601,73625,21505,469,-121, NO_EVENT
2095,73682,73644,4794,212,81, NO_EVENT
2096,73507,73590,14659,379,-39, NO_EVENT
2097,73704,73679,7669,281,10, NO_EVENT
2098,73663,73643,14305,417,-41, NO_EVENT
2099,73738,73681,6386,244,75, NO_EVENT
2100,73624,73662,1931,114,-114, NO_EVENT
2101,73658,73650,9412,320,34, NO_EVENT
2102,73509,73625,10509,327,-149, NO_EVENT
2103,73520,73624,14115,372,-150, NO_EVENT
2104,73705,73680,13687,384,93, NO_EVENT
2105,73617,73625,15897,419,-88, NO_EVENT
2106,73680,73649,11476,361,63, NO_EVENT
2107,73566,73596,23303,465,-114, NO_EVENT
2108,73630,73707,17501,382,64, NO_EVENT
2109,73534,73629,19269,402,-96, NO_EVENT
2110,73657,73699,7876,259,2, NO_EVENT
2111,73663,73645,26901,492,119, NO_EVENT
2112,73663,73599,25145,470,0, NO_EVENT
2113,73592,73594,7273,272,-71, NO_EVENT
2114,73664,73637,7502,293,72, NO_EVENT
2115,73645,73690,7659,281,-19, NO_EVENT
2116,73606,73656,22456,468,-39, NO_EVENT
2117,73571,73578,6129,205,-66, NO_EVENT
2118,73640,73651,4761,205,35, NO_EVENT
2119,73596,73629,7595,269,-44, NO_EVENT
2120,73624,73624,11252,293,28, NO_EVENT
2121,73574,73637,15772,424,-50, NO_EVENT
2122,73661,73611,7855,289,87, NO_EVENT
2123,73593,73630,19358,422,-68, NO_EVENT
2124,73674,73664,19693,396,159, NO_EVENT
2125,73614,73601,7546,262,56, NO_EVENT
2126,73590,73685,22534,478,-24, NO_EVENT
2127,73661,73671,13195,305,71, NO_EVENT
2128,73656,73605,17500,436,-5, NO_EVENT
2129,73685,73687,21723,434,29, NO_EVENT
2130,73588,73661,20419,423,-97, NO_EVENT
2131,73656,73645,14213,385,68, NO_EVENT
2132,73579,73588,6615,237,57, NO_EVENT
2133,73678,73652,1916,129,-38, NO_EVENT
2134,73618,73694,4579,205,-60, NO_EVENT
2135,73637,73624,9402,316,19, NO_EVENT
2136,73590,73637,11566,333,-47, NO_EVENT
2137,73554,73604,14589,398,-36, NO_EVENT
2138,73551,73617,3852,175,-3, NO_EVENT
2139,73605,73695,9116,264,-100, NO_EVENT
2140,73657,73599,10570,319,48, NO_EVENT
2141,73655,73645,32973,560,-2, NO_EVENT
2142,73632,73655,11084,343,-23, NO_EVENT
2143,73649,73643,5225,195,17, NO_EVENT
2144,73733,73615,17104,406,84, NO_EVENT
2145,73593,73640,9502,308,-140, NO_EVENT
2146,73523,73624,5999,217,-60, NO_EVENT
2147,73646,73655,7168,250,-95, NO_EVENT
2148,73597,73591,18219,432,-49, NO_EVENT
2149,73665,73600,7749,259,68, NO_EVENT
2150,73659,73632,28953,533,-6, NO_EVENT
2151,73616,73656,6348,251,-43, NO_EVENT
2152,73549,73674,9434,301,-67, NO_EVENT
2153,73540,73693,13829,373,-226, NO_EVENT
2154,73709,73642,14277,372,15, NO_EVENT
2155,73680,73626,20578,490,-29, NO_EVENT
2156,73635,73689,37118,642,-45, NO_EVENT
2157,73751,73689,5434,194,116, NO_EVENT
2158,73568,73648,6179,245,-183, NO_EVENT
2159,73509,73657,18745,397,-59, NO_EVENT
2160,73712,73647,2159,117,93, NO_EVENT
2161,73644,73577,13506,306,-13, NO_EVENT
2162,73568,73572,5690,239,-76, NO_EVENT
2163,73700,73655,14122,318,132, NO_EVENT
2164,73704,73694,12101,339,4, NO_EVENT
2165,73769,73661,5755,235,65, NO_EVENT
2166,73529,73665,7456,240,-240, NO_EVENT
2167,73497,73621,10248,338,-112, NO_EVENT
2168,73601,73621,5040,214,70, NO_EVENT
2169,73697,73665,5291,237,96, NO_EVENT
2170,73626,73642,16782,387,-71, NO_EVENT
2171,73578,73698,17621,433,-48, NO_EVENT
2172,73723,73687,15484,349,145, NO_EVENT
2173,73403,73593,11356,320,-320, NO_EVENT
2174,73583,73683,14423,364,-65, NO_EVENT
2175,73567,73722,16688,347,-170, NO_EVENT
2176,73582,73632,10890,303,15, NO_EVENT
2177,73642,73619,3794,189,60, NO_EVENT
2178,73691,73691,52848,722,49, NO_EVENT
2179,73527,73631,5447,221,-164, NO_EVENT
2180,73485,73633,14706,359,-42, NO_EVENT
2181,73543,73636,8551,266,-93, NO_EVENT
2182,73702,73611,7953,266,170, NO_EVENT
2183,73646,73661,10870,336,-56, NO_EVENT
2184,73589,73676,13870,350,-57, NO_EVENT
2185,73624,73605,2834,145,35, NO_EVENT
2186,73615,73633,21832,510,-9, NO_EVENT
2187,73600,73610,12888,394,-15, NO_EVENT
2188,73564,73662,9494,296,-86, NO_EVENT
2189,73611,73647,1440,98,-69, NO_EVENT
2190,73705,73650,2685,135,94, NO_EVENT
2191,73642,73610,13757,341,-63, NO_EVENT
2192,73675,73610,8714,284,33, NO_EVENT
2193,73559,73612,1574,116,-116, NO_EVENT
2194,73755,73674,15292,382,196, NO_EVENT
2195,73579,73650,3905,176,-176, NO_EVENT
2196,73511,73664,40230,561,-84, NO_EVENT
2197,73667,73643,1683,113,-10, NO_EVENT
2198,73603,73569,5337,213,-64, NO_EVENT
2199,73665,73622,1570,107,62, NO_EVENT
2200,73653,73629,6443,254,-12, NO_EVENT
2201,73628,73624,10853,349,-25, NO_EVENT
2202,73666,73635,2611,162,38, NO_EVENT
2203,73637,73654,16648,395,51, NO_EVENT
2204,73594,73572,4830,226,-24, NO_EVENT
2205,73581,73650,24893,519,-13, NO_EVENT
2206,73600,73638,17163,418,19, NO_EVENT
2207,73791,73647,23419,470,191, NO_EVENT
2208,73643,73633,7472,292,-148, NO_EVENT
2209,73636,73653,5540,235,-7, NO_EVENT
2210,73468,73620,17821,364,-290, NO_EVENT
2211,73688,73631,8279,279,139, NO_EVENT
2212,73660,73617,1643,123,-28, NO_EVENT
2213,73591,73612,31267,591,-69, NO_EVENT
2214,73634,73625,17446,377,43, NO_EVENT
2215,73672,73651,4907,228,38, NO_EVENT
2216,73597,73661,22268,440,-75, NO_EVENT
2217,73596,73619,5472,253,4, NO_EVENT
2218,73636,73661,5938,224,4, NO_EVENT
2219,73589,73636,15707,391,-47, NO_EVENT
2220,73705,73635,2368,127,116, NO_EVENT
2221,73585,73681,15904,429,-120, NO_EVENT
2222,73655,73656,3533,158,70, NO_EVENT
2223,73691,73705,1559,102,36, NO_EVENT
2224,73654,73650,10590,338,-16, NO_EVENT
2225,73709,73674,11399,346,89, NO_EVENT
2226,73682,73679,8509,292,-27, NO_EVENT
2227,73637,73696,10972,313,-45, NO_EVENT
2228,73669,73685,14137,357,32, NO_EVENT
2229,73641,73675,10000,322,-28, NO_EVENT
2230,73585,73681,25617,426,-56, NO_EVENT
2231,73587,73628,5482,198,-135, NO_EVENT
2232,73615,73656,7542,238,-133, NO_EVENT
2233,73733,73669,7094,270,118, NO_EVENT
2234,73654,73676,16786,451,-79, NO_EVENT
2235,73612,73694,14848,370,-42, NO_EVENT
2236,73609,73598,11362,358,-3, NO_EVENT
2237,73790,73663,18198,377,181, NO_EVENT
2238,73635,73697,17332,394,-54, NO_EVENT
2239,73460,73678,18392,443,-295, NO_EVENT
2240,73656,73663,4689,290,196, NO_EVENT
2241,73582,73642,21311,483,-74, NO_EVENT
2242,73612,73671,17464,387,30, NO_EVENT
2243,73707,73654,23241,453,95, NO_EVENT
2244,73620,73684,8313,254,-87, NO_EVENT
2245,73604,73644,1504,104,9, NO_EVENT
2246,73587,73678,13603,347,-15, NO_EVENT
2247,73619,73716,23950,473,32, NO_EVENT
2248,73586,73657,17035,420,-33, NO_EVENT
2249,73640,73715,9464,300,54, NO_EVENT
2250,73667,73645,2312,140,27, NO_EVENT
2251,73799,73694,24920,499,132, NO_EVENT
2252,73442,73641,17768,439,-202, NO_EVENT
2253,73748,73623,12742,359,158, NO_EVENT
2254,73678,73618,12074,336,-70, NO_EVENT
2255,73719,73692,17005,394,41, NO_EVENT
2256,73653,73606,8071,288,-66, NO_EVENT
2257,73677,73673,29143,493,24, NO_EVENT
2258,73631,73653,7295,272,-46, NO_EVENT
2259,73577,73644,9638,301,24, NO_EVENT
2260,73518,73643,4248,217,-96, NO_EVENT
2261,73528,73636,10206,300,10, NO_EVENT
2262,73509,73640,9967,282,-19, NO_EVENT
2263,73538,73671,10558,335,29, NO_EVENT
2264,73575,73665,23217,485,37, NO_EVENT
2265,73671,73612,5673,222,96, NO_EVENT
2266,73692,73732,7445,245,-83, NO_EVENT
2267,73653,73712,21010,460,-51, NO_EVENT
2268,73604,73632,10619,342,-49, NO_EVENT
2269,73649,73696,11726,301,45, NO_EVENT
2270,73665,73672,19304,446,16, NO_EVENT
2271,73674,73716,17758,322,9, NO_EVENT
2272,73613,73649,11124,334,-61, NO_EVENT
2273,73442,73662,17312,445,-196, NO_EVENT
2274,73500,73612,4453,219,-106, NO_EVENT
2275,73602,73598,3652,140,-77, NO_EVENT
2276,73573,73662,32575,484,-29, NO_EVENT
2277,73677,73664,17662,397,104, NO_EVENT
2278,73571,73646,3115,139,-106, NO_EVENT
2279,73568,73609,13000,386,-3, NO_EVENT
2280,73605,73636,5224,216,37, NO_EVENT
2281,73574,73636,13762,356,-8, NO_EVENT
2282,73575,73596,951,73,13, NO_EVENT
2283,73731,73671,8338,284,156, NO_EVENT
2284,73597,73617,8272,254,-134, NO_EVENT
2285,73626,73654,16903,362,29, NO_EVENT
2286,73631,73684,14458,367,5, NO_EVENT
2287,73532,73613,9404,279,-99, NO_EVENT
2288,73593,73639,6260,195,38, NO_EVENT
2289,73623,73578,3941,196,25, NO_EVENT
2290,73681,73609,21430,452,58, NO_EVENT
2291,73633,73636,3611,174,-48, NO_EVENT
2292,73542,73652,35054,568,-91, NO_EVENT
2293,73603,73530,17662,363,61, NO_EVENT
2294,73445,73572,4880,210,-158, NO_EVENT
2295,73561,73610,618,75,-39, NO_EVENT
2296,73671,73558,9160,285,112, NO_EVENT
2297,73631,73656,17532,388,-40, NO_EVENT
2298,73551,73581,5395,216,-80, NO_EVENT
2299,73643,73652,15725,339,92, NO_EVENT
2300,73639,73593,23333,484,-4, NO_EVENT
2301,73476,73640,13800,362,-163, NO_EVENT
2302,73566,73640,8891,235,-34, NO_EVENT
2303,73572,73616,5748,217,-19, NO_EVENT
2304,73626,73664,9639,305,54, NO_EVENT
2305,73563,73653,14474,362,-63, NO_EVENT
2306,73581,73679,9548,326,18, NO_EVENT
2307,73649,73667,10347,313,68, NO_EVENT
2308,73545,73645,3418,191,-104, NO_EVENT
2309,73646,73642,10837,331,46, NO_EVENT
2310,73663,73647,6881,241,59, NO_EVENT
2311,73555,73664,12389,331,-108, NO_EVENT
2312,73651,73581,9301,301,96, NO_EVENT
2313,73609,73622,46902,639,-42, NO_EVENT
2314,73739,73579,6255,272,130, NO_EVENT
2315,73477,73628,32138,520,-262, NO_EVENT
2316,73590,73616,731,76,-44, NO_EVENT
2317,73541,73634,15837,369,-36, NO_EVENT
2318,73738,73604,20131,397,197, NO_EVENT
2319,73588,73628,12690,355,-150, NO_EVENT
2320,73623,73658,17209,384,35, NO_EVENT
2321,73573,73635,10361,328,-50, NO_EVENT
2322,73537,73609,6108,211,-36, NO_EVENT
2323,73737,73658,8220,273,68, NO_EVENT
2324,73640,73668,3688,189,-1, NO_EVENT
2325,73627,73636,8735,268,-13, NO_EVENT
2326,73561,73666,22869,480,-66, NO_EVENT
2327,73633,73596,911,90,72, NO_EVENT
2328,73545,73665,8314,283,-88, NO_EVENT
2329,73401,73584,15646,391,-144, NO_EVENT
2330,73449,73601,5987,233,-107, NO_EVENT
2331,73491,73553,8870,227,-188, NO_EVENT
2332,73667,73661,9834,387,176, NO_EVENT
2333,73650,73658,21787,458,-17, NO_EVENT
2334,73722,73636,6884,251,72, NO_EVENT
2335,73575,73603,11363,315,-147, NO_EVENT
2336,73676,73637,9995,327,101, NO_EVENT
2337,73540,73633,17661,391,-34, NO_EVENT
2338,73509,73596,14048,321,-85, NO_EVENT
2339,73598,73600,7546,228,89, NO_EVENT
2340,73626,73634,7719,245,28, NO_EVENT
2341,73529,73646,11812,349,-97, NO_EVENT
2342,73630,73606,12104,363,101, NO_EVENT
2343,73655,73649,2930,138,25, NO_EVENT
2344,73434,73592,14193,359,-221, NO_EVENT
2345,73464,73637,18927,386,-186, NO_EVENT
2346,73612,73595,1572,100,-38, NO_EVENT
2347,73708,73688,28141,482,96, NO_EVENT
2348,73664,73591,19900,447,-44, NO_EVENT
2349,73634,73609,9966,298,-30, NO_EVENT
2350,73597,73612,6788,242,-37, NO_EVENT
2351,73524,73616,10251,314,-73, NO_EVENT
2352,73505,73639,10954,329,-96, NO_EVENT
2353,73705,73569,5045,208,208, NO_EVENT
2354,73607,73612,10400,309,-98, NO_EVENT
2355,73577,73619,20704,449,-30, NO_EVENT
2356,73602,73550,17296,420,25, NO_EVENT
2357,73703,73590,14925,397,101, NO_EVENT
2358,73591,73700,12720,345,-112, NO_EVENT
2359,73665,73686,9408,298,-18, NO_EVENT
2360,73729,73649,7568,253,98, NO_EVENT
2361,73640,73672,19628,427,-89, NO_EVENT
2362,73601,73636,11157,320,-39, NO_EVENT
2363,73701,73648,15731,348,100, NO_EVENT
2364,73647,73656,10752,317,-54, NO_EVENT
2365,73497,73679,9766,322,-150, NO_EVENT
2366,73655,73668,12095,343,47, NO_EVENT
2367,73471,73603,8540,261,-80, NO_EVENT
2368,73582,73595,16745,419,111, NO_EVENT
2369,73695,73609,26658,497,113, NO_EVENT
2370,73697,73636,28922,490,2, NO_EVENT
2371,73623,73597,10780,320,-74, NO_EVENT
2372,73572,73692,16674,365,-51, NO_EVENT
2373,73477,73606,15320,391,-140, NO_EVENT
2374,73741,73636,6981,220,104, NO_EVENT
2375,73605,73643,16714,410,-136, NO_EVENT
2376,73785,73695,15010,353,180, NO_EVENT
2377,73609,73655,21443,419,-176, NO_EVENT
2378,73644,73576,14048,397,35, NO_EVENT
2379,73479,73621,11505,303,-165, NO_EVENT
2380,73510,73637,25333,497,-86, NO_EVENT
2381,73545,73636,13402,349,-62, NO_EVENT
2382,73632,73610,7187,283,87, NO_EVENT
2383,73620,73649,3762,192,-12, NO_EVENT
2384,73655,73660,12394,364,35, NO_EVENT
2385,73665,73645,4233,201,10, NO_EVENT
2386,73625,73682,17604,350,-40, NO_EVENT
2387,73580,73640,3653,154,-11, NO_EVENT
2388,73623,73667,621,73,-73, NO_EVENT
2389,73681,73646,4192,195,58, NO_EVENT
2390,73613,73620,8750,295,-68, NO_EVENT
2391,73680,73643,6852,248,67, NO_EVENT
2392,73557,73661,5865,258,-123, NO_EVENT
2393,73631,73708,25579,464,74, NO_EVENT
2394,73490,73626,8336,258,-135, NO_EVENT
2395,73705,73638,5676,183,146, NO_EVENT
2396,73491,73642,13512,376,-214, NO_EVENT
2397,73757,73682,18769,424,266, NO_EVENT
2398,73676,73650,18976,411,-81, NO_EVENT
2399,73601,73620,5375,225,-75, NO_EVENT
2400,73673,73678,9856,270,72, NO_EVENT
2401,73414,73579,10062,325,-238, NO_EVENT
2402,73513,73635,7321,263,-92, NO_EVENT
2403,73478,73638,6337,240,-35, NO_EVENT
2404,73617,73657,22945,454,139, NO_EVENT
2405,73658,73617,24851,498,41, NO_EVENT
2406,73614,73638,2520,152,-44, NO_EVENT
2407,73603,73609,12484,358,-11, NO_EVENT
2408,73706,73660,2445,144,103, NO_EVENT
2409,73690,73686,24119,505,28, NO_EVENT
2410,73530,73612,4561,213,-92, NO_EVENT
2411,73536,73681,24210,452,6, NO_EVENT
2412,73560,73606,19649,463,24, NO_EVENT
2413,73590,73614,5091,186,30, NO_EVENT
2414,73627,73614,7473,275,37, NO_EVENT
2415,73515,73601,12892,357,-112, NO_EVENT
2416,73416,73644,14616,378,-302, NO_EVENT
2417,73461,73593,8766,284,-142, NO_EVENT
2418,73507,73643,17113,450,46, NO_EVENT
2419,73615,73579,16655,388,108, NO_EVENT
2420,73610,73634,6600,242,-5, NO_EVENT
2421,73621,73626,2444,128,11, NO_EVENT
2422,73642,73650,11368,373,21, NO_EVENT
2423,73643,73656,5933,228,55, NO_EVENT
2424,73609,73645,14832,364,-11, NO_EVENT
2425,73628,73631,16342,369,19, NO_EVENT
2426,73603,73635,5187,200,-25, NO_EVENT
2427,73690,73615,4271,177,87, NO_EVENT
2428,73584,73653,14173,308,-106, NO_EVENT
2429,73534,73668,26253,399,-50, NO_EVENT
2430,73488,73638,18733,437,-163, NO_EVENT
2431,73721,73648,14623,344,8, NO_EVENT
2432,73646,73630,14502,385,-75, NO_EVENT
2433,73620,73643,15590,428,-26, NO_EVENT
2434,73636,73611,9789,330,16, NO_EVENT
2435,73570,73676,14655,324,-66, NO_EVENT
2436,73600,73643,13817,355,30, NO_EVENT
2437,73495,73627,7549,288,-173, NO_EVENT
2438,73539,73689,4674,221,-221, NO_EVENT
2439,73468,73601,32116,522,-71, NO_EVENT
2440,73660,73661,29063,525,192, NO_EVENT
2441,73725,73650,1102,119,65, NO_EVENT
2442,73717,73674,10163,299,-8, NO_EVENT
2443,73610,73699,24068,493,-107, NO_EVENT
2444,73412,73615,11711,369,-369, NO_EVENT
2445,73565,73618,4425,201,15, NO_EVENT
2446,73649,73664,6748,261,84, NO_EVENT
2447,73562,73683,16443,370,-87, NO_EVENT
2448,73607,73649,6947,265,45, NO_EVENT
2449,73639,73610,3987,199,32, NO_EVENT
2450,73744,73714,20717,430,105, NO_EVENT
2451,73448,73638,12306,347,-203, NO_EVENT
2452,73534,73704,9613,337,-125, NO_EVENT
2453,73524,73666,11848,345,-10, NO_EVENT
2454,73718,73689,40761,552,194, NO_EVENT
2455,73605,73693,11593,352,-113, NO_EVENT
2456,73625,73653,6767,229,20, NO_EVENT
2457,73911,73691,23600,473,286, NO_EVENT
2458,73507,73640,17346,374,-372, NO_EVENT
2459,73695,73700,17183,345,80, NO_EVENT
2460,73500,73661,15824,406,-195, NO_EVENT
2461,73690,73693,21637,450,190, NO_EVENT
2462,73674,73658,19630,457,-16, NO_EVENT
2463,73670,73677,20449,432,-4, NO_EVENT
2464,73646,73688,6916,253,-24, NO_EVENT
2465,73634,73633,16825,399,107, NO_EVENT
2466,73576,73632,12860,364,-65, NO_EVENT
2467,73583,73604,3266,167,7, NO_EVENT
2468,73647,73645,23785,408,64, NO_EVENT
2469,73637,73674,14378,377,-10, NO_EVENT
2470,73618,73640,8101,307,-19, NO_EVENT
2471,73964,73681,5249,370,346, NO_EVENT
2472,73538,73711,21859,426,-426, NO_EVENT
2473,73556,73667,22919,416,-53, NO_EVENT
2474,73588,73624,1181,100,-7, NO_EVENT
2475,73573,73714,29074,473,-15, NO_EVENT
2476,73605,73595,9238,277,32, NO_EVENT
2477,73612,73614,2963,190,7, NO_EVENT
2478,73593,73662,8576,266,-19, NO_EVENT
2479,73642,73637,3555,171,49, NO_EVENT
2480,73656,73716,15671,356,-19, NO_EVENT
2481,73571,73564,3801,187,-34, NO_EVENT
2482,73635,73666,3038,199,64, NO_EVENT
2483,73621,73655,22796,467,-14, NO_EVENT
2484,73612,73635,17639,433,-9, NO_EVENT
2485,73746,73672,9544,302,134, NO_EVENT
2486,73655,73658,19843,446,-91, NO_EVENT
2487,73631,73659,6345,226,2, NO_EVENT
2488,73725,73682,2563,144,125, NO_EVENT
2489,73637,73721,11142,308,-88, NO_EVENT
2490,73604,73626,22874,503,-33, NO_EVENT
2491,73633,73697,20085,375,29, NO_EVENT
2492,73669,73642,6770,273,36, NO_EVENT
2493,73501,73626,20611,391,-168, NO_EVENT
2494,73625,73648,16755,432,36, NO_EVENT
2495,73583,73605,1012,83,30, NO_EVENT
2496,73563,73650,11364,336,-20, NO_EVENT
2497,73546,73645,22350,463,-17, NO_EVENT
2498,73688,73653,29179,499,142, NO_EVENT
2499,73508,73662,6643,317,-180, NO_EVENT
2500,73546,73641,9380,299,38, NO_EVENT
2501,73573,73639,5821,245,-52, NO_EVENT
2502,73461,73545,5354,200,-146, NO_EVENT
2503,73572,73666,20252,519,111, NO_EVENT
2504,73602,73640,3953,190,30, NO_EVENT
2505,73562,73563,20440,445,-40, NO_EVENT
2506,73584,73622,8837,286,22, NO_EVENT
2507,73530,73635,8746,262,-54, NO_EVENT
2508,73785,73675,6658,217,174, NO_EVENT
2509,73637,73638,12184,322,57, NO_EVENT
2510,73524,73685,18189,410,-113, NO_EVENT
2511,73662,73658,26905,498,138, NO_EVENT
2512,73596,73648,23987,494,-66, NO_EVENT
2513,73746,73663,17492,403,150, NO_EVENT
2514,73646,73739,26789,524,-100, NO_EVENT
2515,73632,73648,6059,268,-18, NO_EVENT
2516,73556,73658,13724,365,-156, NO_EVENT
2517,73553,73614,12607,323,-3, NO_EVENT
2518,73670,73642,4615,232,117, NO_EVENT
2519,73562,73686,14154,348,-108, NO_EVENT
2520,73636,73616,8368,292,74, NO_EVENT
2521,73570,73633,20385,492,-66, NO_EVENT
2522,73621,73642,6756,225,12, NO_EVENT
2523,73585,73631,8370,289,-108, NO_EVENT
2524,73624,73612,6403,252,39, NO_EVENT
2525,73603,73629,6732,241,-21, NO_EVENT
2526,73724,73641,14789,363,121, NO_EVENT
2527,73643,73659,4551,207,-81, NO_EVENT
2528,73420,73641,19493,441,-223, NO_EVENT
2529,73477,73599,10046,313,-118, NO_EVENT
2530,73627,73656,5706,225,16, NO_EVENT
2531,73727,73687,12930,374,100, NO_EVENT
2532,73601,73623,12116,359,-126, NO_EVENT
2533,73621,73572,13574,375,20, NO_EVENT
2534,73635,73555,13752,357,14, NO_EVENT
2535,73610,73676,27295,457,-25, NO_EVENT
2536,73598,73638,7266,217,12, NO_EVENT
2537,73555,73659,10689,257,-72, NO_EVENT
2538,73630,73674,6167,259,75, NO_EVENT
2539,73671,73694,5662,213,41, NO_EVENT
2540,73723,73656,4392,185,52, NO_EVENT
2541,73632,73610,2360,176,-91, NO_EVENT
2542,73716,73677,29581,472,84, NO_EVENT
2543,73558,73641,13331,380,-74, NO_EVENT
2544,73549,73668,21188,446,-44, NO_EVENT
2545,73412,73617,17352,451,-137, NO_EVENT
2546,73640,73652,23877,549,228, NO_EVENT
2547,73625,73653,12305,332,-15, NO_EVENT
2548,73663,73691,19648,438,38, NO_EVENT
2549,73677,73681,14827,391,14, NO_EVENT
2550,73530,73621,2885,163,-67, NO_EVENT
2551,73611,73666,35029,646,-100, NO_EVENT
2552,73589,73657,10044,315,-22, NO_EVENT
2553,73512,73682,12343,327,-77, NO_EVENT
2554,73696,73659,8694,323,184, NO_EVENT
2555,73734,73648,6335,251,38, NO_EVENT
2556,73442,73658,12866,308,-292, NO_EVENT
2557,73555,73678,13403,368,-53, NO_EVENT
2558,73579,73617,13030,344,-63, NO_EVENT
2559,73450,73620,16022,392,-129, NO_EVENT
2560,73496,73607,16400,406,46, NO_EVENT
2561,73565,73616,14446,380,69, NO_EVENT
2562,73628,73625,7966,282,63, NO_EVENT
2563,73579,73690,20303,421,-49, NO_EVENT
2564,73621,73683,7788,265,-104, NO_EVENT
2565,73687,73659,12408,325,-47, NO_EVENT
2566,73600,73625,1353,88,-80, NO_EVENT
2567,73529,73655,15262,347,-71, NO_EVENT
2568,73599,73675,11106,365,70, NO_EVENT
2569,73634,73617,3689,185,35, NO_EVENT
2570,73700,73615,3887,194,66, NO_EVENT
2571,73641,73667,3553,200,-59, NO_EVENT
2572,73473,73614,21457,415,-73, NO_EVENT
2573,73600,73608,3109,164,27, NO_EVENT
2574,73593,73610,14676,385,-7, NO_EVENT
2575,73639,73643,6729,249,46, NO_EVENT
2576,73591,73621,12001,348,-48, NO_EVENT
2577,73686,73620,5440,225,95, NO_EVENT
2578,73659,73666,1536,125,-27, NO_EVENT
2579,73587,73635,9092,270,-1, NO_EVENT
2580,73598,73598,2397,152,7, NO_EVENT
2581,73599,73599,13342,370,1, NO_EVENT
2582,73586,73638,22313,486,-13, NO_EVENT
2583,73610,73647,30616,474,24, NO_EVENT
2584,73727,73626,14619,359,117, NO_EVENT
2585,73650,73709,4806,192,-77, NO_EVENT
2586,73441,73671,23452,495,-215, NO_EVENT
2587,73639,73602,5105,207,-30, NO_EVENT
2588,73633,73624,11791,335,-6, NO_EVENT
2589,73622,73700,10508,298,-11, NO_EVENT
2590,73632,73638,11276,334,10, NO_EVENT
2591,73641,73606,24933,477,9, NO_EVENT
2592,73445,73641,11463,362,-196, NO_EVENT
2593,73572,73646,16316,376,-36, NO_EVENT
2594,73570,73581,22900,458,-7, NO_EVENT
2595,73605,73627,19652,435,35, NO_EVENT
2596,73549,73606,9182,299,-56, NO_EVENT
2597,73655,73666,28432,455,106, NO_EVENT
2598,73689,73654,25791,551,34, NO_EVENT
2599,73555,73684,9803,333,-134, NO_EVENT
2600,73509,73617,11384,337,-113, NO_EVENT
2601,73497,73586,18239,434,-78, NO_EVENT
2602,73463,73617,16927,400,-34, NO_EVENT
2603,73499,73609,34820,564,36, NO_EVENT
2604,73648,73640,17317,371,149, NO_EVENT
2605,73648,73599,13401,351,0, NO_EVENT
2606,73480,73602,8293,275,-168, NO_EVENT
2607,73681,73656,9384,309,29, NO_EVENT
2608,73657,73665,14790,366,91, NO_EVENT
2609,73464,73641,29970,547,-193, NO_EVENT
2610,73411,73659,35358,580,-53, NO_EVENT
2611,73611,73605,24902,522,200, NO_EVENT
2612,73621,73652,26095,497,10, NO_EVENT
2613,73512,73650,14193,326,-109, NO_EVENT
2614,73720,73671,13047,377,35, NO_EVENT
2615,73717,73673,22690,467,92, NO_EVENT
2616,73613,73668,6898,264,-104, NO_EVENT
2617,73533,73671,8676,329,-80, NO_EVENT
2618,73617,73656,12252,344,84, NO_EVENT
2619,73538,73666,5191,225,-79, NO_EVENT
2620,73542,73665,12105,324,4, NO_EVENT
2621,73617,73664,8588,278,34, NO_EVENT
2622,73503,73663,11545,289,-100, NO_EVENT
2623,73644,73656,21199,459,141, NO_EVENT
2624,73532,73656,2942,208,-112, NO_EVENT
2625,73670,73669,14206,366,138, NO_EVENT
2626,73756,73692,4394,194,86, NO_EVENT
2627,73574,73681,22776,456,-182, NO_EVENT
2628,73516,73633,4230,195,-145, NO_EVENT
2629,73599,73623,6752,264,20, NO_EVENT
2630,73417,73609,28317,521,-182, NO_EVENT
2631,73680,73644,11059,415,263, NO_EVENT
2632,73630,73669,3717,206,-50, NO_EVENT
2633,73647,73704,13779,369,17, NO_EVENT
2634,73504,73655,8596,260,-143, NO_EVENT
2635,73586,73649,9387,279,-49, NO_EVENT
2636,73638,73627,11247,372,-3, NO_EVENT
2637,73557,73589,15325,424,-81, NO_EVENT
2638,73668,73672,9571,329,111, NO_EVENT
2639,73663,73672,13839,374,-5, NO_EVENT
2640,73585,73655,7901,268,-78, NO_EVENT
2641,73402,73569,35276,562,-183, NO_EVENT
2642,73607,73629,7549,241,-99, NO_EVENT
2643,73663,73697,14074,337,45, NO_EVENT
2644,73507,73653,17974,423,-156, NO_EVENT
2645,73536,73604,3910,220,29, NO_EVENT
2646,73569,73613,17592,409,33, NO_EVENT
2647,73602,73568,13263,360,33, NO_EVENT
2648,73370,73629,42381,631,-232, NO_EVENT
2649,73526,73634,20833,445,-97, NO_EVENT
2650,73663,73678,13803,368,14, NO_EVENT
2651,73381,73637,16074,450,-282, NO_EVENT
2652,73483,73643,16345,492,102, NO_EVENT
2653,73550,73617,13586,381,67, NO_EVENT
2654,73618,73590,14498,404,68, NO_EVENT
2655,73614,73575,10505,328,-4, NO_EVENT
2656,73706,73688,18352,393,93, NO_EVENT
2657,73504,73596,9056,285,-47, NO_EVENT
2658,73667,73626,4551,249,163, NO_EVENT
2659,73558,73659,16957,376,-109, NO_EVENT
2660,73621,73703,16473,343,63, NO_EVENT
2661,73649,73639,12835,351,28, NO_EVENT
2662,73462,73633,10732,324,-187, NO_EVENT
2663,73658,73613,3528,181,115, NO_EVENT
2664,73551,73610,5050,201,-69, NO_EVENT
2665,73739,73646,1432,125,119, NO_EVENT
2666,73561,73645,18407,387,-178, NO_EVENT
2667,73490,73637,24231,425,-71, NO_EVENT
2668,73672,73689,22691,513,182, NO_EVENT
2669,73686,73692,6220,232,14, NO_EVENT
2670,73596,73665,1416,115,-90, NO_EVENT
2671,73579,73648,5520,211,27, NO_EVENT
2672,73734,73638,8004,274,154, NO_EVENT
2673,73487,73698,25983,501,-247, NO_EVENT
2674,73664,73604,12449,367,177, NO_EVENT
2675,73625,73695,17496,414,-39, NO_EVENT
2676,73704,73616,4330,194,79, NO_EVENT
2677,73652,73679,15642,379,-52, NO_EVENT
2678,73562,73636,13602,321,-15, NO_EVENT
2679,73512,73597,1749,146,-146, NO_EVENT
2680,73493,73636,26377,492,-19, NO_EVENT
2681,73378,73653,16997,490,-115, NO_EVENT
2682,73626,73686,27913,546,248, NO_EVENT
2683,73577,73639,11698,322,-49, NO_EVENT
2684,73670,73670,19617,409,93, NO_EVENT
2685,73679,73658,2621,130,-18, NO_EVENT
2686,73521,73572,1015,111,-41, NO_EVENT
2687,73521,73670,9868,319,0, NO_EVENT
2688,73578,73616,19099,470,57, NO_EVENT
2689,73551,73664,21337,402,-27, NO_EVENT
2690,73605,73628,12021,367,54, NO_EVENT
2691,73447,73625,10566,360,-158, NO_EVENT
2692,73415,73598,7567,271,-165, NO_EVENT
2693,73532,73641,8594,276,-52, NO_EVENT
2694,73485,73554,15712,372,-47, NO_EVENT
2695,73507,73618,16230,378,22, NO_EVENT
2696,73689,73656,19602,411,182, NO_EVENT
2697,73592,73665,27842,546,-97, NO_EVENT
2698,73567,73591,5855,266,-25, NO_EVENT
2699,73651,73685,10133,323,100, NO_EVENT
2700,73718,73665,5046,196,105, NO_EVENT
2701,73564,73666,9014,306,-154, NO_EVENT
2702,73535,73582,9737,304,-29, NO_EVENT
2703,73589,73624,17138,321,54, NO_EVENT
2704,73643,73630,7860,266,54, NO_EVENT
2705,73465,73622,8283,295,-178, NO_EVENT
2706,73738,73721,9122,311,69, NO_EVENT
2707,73665,73627,7274,230,104, NO_EVENT
2708,73690,73694,12884,390,25, NO_EVENT
2709,73492,73655,9357,329,-198, NO_EVENT
2710,73586,73673,17402,417,94, NO_EVENT
2711,73610,73669,6515,212,24, NO_EVENT
2712,73591,73654,14151,358,-19, NO_EVENT
2713,73472,73630,22196,428,-245, NO_EVENT
2714,73636,73653,4366,196,-30, NO_EVENT
2715,73669,73661,25009,524,33, NO_EVENT
2716,73498,73710,5986,324,-171, NO_EVENT
2717,73516,73698,12949,343,18, NO_EVENT
2718,73682,73674,31690,582,166, NO_EVENT
2719,73594,73669,10414,299,-88, NO_EVENT
2720,73786,73643,12539,296,152, NO_EVENT
2721,73503,73676,19316,460,-126, NO_EVENT
2722,73418,73611,13222,403,-85, NO_EVENT
2723,73495,73682,32086,606,77, NO_EVENT
2724,73455,73652,21953,442,-40, NO_EVENT
2725,73642,73681,17255,457,187, NO_EVENT
2726,73572,73650,4827,195,-70, NO_EVENT
2727,73700,73625,6989,250,139, NO_EVENT
2728,73749,73658,2970,161,126, NO_EVENT
2729,73537,73661,8931,292,-212, NO_EVENT
2730,73689,73670,16768,408,152, NO_EVENT
2731,73633,73663,13008,364,-56, NO_EVENT
2732,73650,73649,6820,243,17, NO_EVENT
2733,73696,73695,10559,336,46, NO_EVENT
2734,73574,73626,2312,154,-32, NO_EVENT
2735,73540,73656,7884,280,-162, NO_EVENT
2736,73542,73654,9077,306,2, NO_EVENT
2737,73644,73655,15826,385,102, NO_EVENT
2738,73465,73597,10712,324,-179, NO_EVENT
2739,73525,73664,16837,439,60, NO_EVENT
2740,73534,73584,6822,234,9, NO_EVENT
2741,73545,73615,16593,392,-44, NO_EVENT
2742,73566,73630,23034,460,56, NO_EVENT
2743,73462,73599,18117,429,-104, NO_EVENT
2744,73620,73673,30184,519,158, NO_EVENT
2745,73624,73618,17043,412,4, NO_EVENT
2746,73756,73645,8698,272,132, NO_EVENT
2747,73680,73703,8362,265,-76, NO_EVENT
2748,73717,73662,17349,409,105, NO_EVENT
2749,73480,73674,30801,562,-173, NO_EVENT
2750,73544,73664,12265,413,64, NO_EVENT
2751,73627,73612,12619,333,83, NO_EVENT
2752,73620,73706,6499,207,-7, NO_EVENT
2753,73603,73639,15297,409,-17, NO_EVENT
2754,73450,73657,12770,312,-153, NO_EVENT
2755,73769,73639,17155,394,170, NO_EVENT
2756,73581,73679,10103,287,-137, NO_EVENT
2757,73765,73672,7967,248,184, NO_EVENT
2758,73487,73678,17858,441,-278, NO_EVENT
2759,73554,73674,15728,418,67, NO_EVENT
2760,73607,73614,7600,280,53, NO_EVENT
2761,73630,73694,5003,221,23, NO_EVENT
2762,73636,73604,11192,333,6, NO_EVENT
2763,73414,73646,28469,523,-200, NO_EVENT
2764,73579,73585,8082,311,165, NO_EVENT
2765,73547,73635,9644,278,-32, NO_EVENT
2766,73825,73664,13884,316,278, NO_EVENT
2767,73503,73651,35811,540,-322, NO_EVENT
2768,73584,73699,10658,373,81, NO_EVENT
2769,73498,73595,10355,284,-86, NO_EVENT
2770,73597,73675,8777,265,91, NO_EVENT
2771,73610,73563,12093,323,-68, NO_EVENT
2772,73508,73629,12356,337,-102, NO_EVENT
2773,73578,73590,14721,379,70, NO_EVENT
2774,73511,73630,25757,503,-67, NO_EVENT
2775,73744,73671,23371,478,233, NO_EVENT
2776,73659,73698,11094,355,-85, NO_EVENT
2777,73702,73689,7104,220,139, NO_EVENT
2778,73479,73594,4375,204,-147, NO_EVENT
2779,73671,73685,13517,456,192, NO_EVENT
2780,73435,73620,31475,589,-236, NO_EVENT
2781,73542,73680,22299,507,107, NO_EVENT
2782,73521,73659,28578,534,-21, NO_EVENT
2783,73768,73697,8503,282,247, NO_EVENT
2784,73605,73687,19067,396,25, NO_EVENT
2785,73544,73629,2871,178,-178, NO_EVENT
2786,73677,73598,21806,472,133, NO_EVENT
2787,73444,73625,14594,409,-233, NO_EVENT
2788,73574,73648,14721,382,130, NO_EVENT
2789,73575,73633,21639,465,1, NO_EVENT
2790,73482,73564,16242,373,-93, NO_EVENT
2791,73632,73662,5539,214,-4, NO_EVENT
2792,73591,73652,16760,357,-115, NO_EVENT
2793,73715,73689,16135,346,124, NO_EVENT
2794,73523,73638,16983,426,-192, NO_EVENT
2795,73416,73659,21854,476,-107, NO_EVENT
2796,73599,73662,23103,475,183, NO_EVENT
2797,73578,73614,11875,311,-21, NO_EVENT
2798,73432,73588,20372,452,-161, NO_EVENT
2799,73450,73617,8623,323,-189, NO_EVENT
2800,73476,73699,22691,460,26, NO_EVENT
2801,73437,73599,34247,598,-39, NO_EVENT
2802,73623,73614,11159,365,186, NO_EVENT
2803,73525,73626,12621,355,-98, NO_EVENT
2804,73488,73592,18079,370,-37, NO_EVENT
2805,73520,73614,6048,205,-183, NO_EVENT
2806,73694,73642,12628,333,154, NO_EVENT
2807,73563,73627,16986,415,-131, NO_EVENT
2808,73423,73636,34985,629,-140, NO_EVENT
2809,73713,73598,15324,423,290, NO_EVENT
2810,73596,73678,8665,300,-117, NO_EVENT
2811,73527,73633,11071,282,-69, NO_EVENT
2812,73488,73601,13005,355,-120, NO_EVENT
2813,73590,73633,24683,470,17, NO_EVENT
2814,73513,73617,24859,539,-77, NO_EVENT
2815,73456,73594,15336,371,-57, NO_EVENT
2816,73503,73582,26842,552,47, NO_EVENT
2817,73765,73578,26861,530,262, NO_EVENT
2818,73574,73697,11878,270,-191, NO_EVENT
2819,73596,73682,11420,307,-58, NO_EVENT
2820,73455,73569,2696,167,-100, NO_EVENT
2821,73601,73639,6050,320,146, NO_EVENT
2822,73327,73587,17327,476,-274, NO_EVENT
2823,73677,73653,30059,659,350, NO_EVENT
2824,73528,73593,16799,406,-149, NO_EVENT
2825,73589,73626,17595,401,61, NO_EVENT
2826,73561,73613,6377,219,24, NO_EVENT
2827,73425,73611,29029,506,-182, NO_EVENT
2828,73641,73621,5851,326,216, NO_EVENT
2829,73553,73649,7572,265,-88, NO_EVENT
2830,73529,73626,9699,294,-24, NO_EVENT
2831,73619,73683,22979,480,90, NO_EVENT
2832,73546,73618,14694,376,-73, NO_EVENT
2833,73614,73670,25277,443,88, NO_EVENT
2834,73500,73644,6764,259,-116, NO_EVENT
2835,73526,73632,9727,298,26, NO_EVENT
2836,73456,73644,15340,416,-70, NO_EVENT
2837,73540,73629,11363,372,84, NO_EVENT
2838,73837,73666,33638,524,297, NO_EVENT
2839,73583,73635,12674,347,-254, NO_EVENT
2840,73715,73578,11366,321,111, NO_EVENT
2841,73550,73606,10872,308,-42, NO_EVENT
2842,73477,73555,8861,280,-133, NO_EVENT
2843,73658,73633,15945,390,181, NO_EVENT
2844,73444,73619,10311,380,-214, NO_EVENT
2845,73722,73630,19597,477,278, NO_EVENT
2846,73656,73656,23338,459,-66, NO_EVENT
2847,73559,73668,4292,190,-97, NO_EVENT
2848,73334,73658,32207,541,-251, NO_EVENT
2849,73700,73627,9236,262,-14, NO_EVENT
2850,73581,73627,24089,497,-119, NO_EVENT
2851,73619,73651,22490,477,38, NO_EVENT
2852,73536,73638,4046,181,-83, NO_EVENT
2853,73532,73586,34417,612,-4, NO_EVENT
2854,73550,73644,15091,354,18, NO_EVENT
2855,73630,73649,4190,191,15, NO_EVENT
2856,73678,73651,2494,144,62, NO_EVENT
2857,73763,73672,13248,342,85, NO_EVENT
2858,73631,73700,8670,284,-132, NO_EVENT
2859,73388,73687,15627,524,-243, NO_EVENT
2860,73506,73613,19662,497,118, NO_EVENT
2861,73504,73625,27696,491,-2, NO_EVENT
2862,73533,73593,14320,407,-114, NO_EVENT
2863,73535,73632,9287,295,-97, NO_EVENT
2864,73567,73656,18090,416,32, NO_EVENT
2865,73601,73700,11555,353,34, NO_EVENT
2866,73717,73666,8753,270,116, NO_EVENT
2867,73512,73668,8410,318,-205, NO_EVENT
2868,73694,73657,11845,318,182, NO_EVENT
2869,73545,73659,12064,349,-81, NO_EVENT
2870,73606,73638,4470,180,6, NO_EVENT
2871,73547,73696,16155,356,-59, NO_EVENT
2872,73578,73628,10163,303,31, NO_EVENT
2873,73685,73657,28499,553,107, NO_EVENT
2874,73498,73653,7581,324,-187, NO_EVENT
2875,73706,73585,28219,501,208, NO_EVENT
2876,73572,73691,15855,393,-73, NO_EVENT
2877,73526,73662,23684,459,-89, NO_EVENT
2878,73567,73620,13940,342,41, NO_EVENT
2879,73685,73695,30897,517,118, NO_EVENT
2880,73669,73703,21712,402,-16, NO_EVENT
2881,73635,73658,28155,572,-34, NO_EVENT
2882,73551,73630,11173,326,-84, NO_EVENT
2883,73540,73607,12042,344,-34, NO_EVENT
2884,73489,73603,4370,227,-151, NO_EVENT
2885,73454,73629,20773,474,-35, NO_EVENT
2886,73592,73626,16172,428,138, NO_EVENT
2887,73538,73641,25069,472,-54, NO_EVENT
2888,73504,73585,12314,339,-34, NO_EVENT
2889,73688,73626,6857,236,184, NO_EVENT
2890,73498,73611,21231,454,-102, NO_EVENT
2891,73456,73600,6564,300,-122, NO_EVENT
2892,73636,73671,19321,434,180, NO_EVENT
2893,73571,73630,3417,173,-65, NO_EVENT
2894,73673,73667,7475,277,102, NO_EVENT
2895,73561,73648,17579,414,-112, NO_EVENT
2896,73550,73638,11973,299,-11, NO_EVENT
2897,73449,73630,8121,295,-221, NO_EVENT
2898,73425,73616,12022,393,-196, NO_EVENT
2899,73509,73607,20828,474,84, NO_EVENT
2900,73757,73675,16372,337,248, NO_EVENT
2901,73390,73622,8628,367,-367, NO_EVENT
2902,73517,73662,40268,685,127, NO_EVENT
2903,73799,73692,14901,345,282, NO_EVENT
2904,73691,73635,6965,263,185, NO_EVENT
2905,73736,73715,11097,314,193, NO_EVENT
2906,73685,73627,23176,516,-51, NO_EVENT
2907,73563,73669,14672,368,-122, NO_EVENT
2908,73460,73629,12337,405,-103, NO_EVENT
2909,73452,73620,10629,323,-8, NO_EVENT
2910,73586,73549,24760,463,134, NO_EVENT
2911,73559,73655,16175,349,-236, NO_EVENT
2912,73575,73650,11197,309,-64, NO_EVENT
2913,73635,73617,507,70,10, NO_EVENT
2914,73644,73617,27087,468,9, NO_EVENT
2915,73546,73637,9699,280,-98, NO_EVENT
2916,73453,73635,18018,459,-93, NO_EVENT
2917,73624,73622,19456,447,171, NO_EVENT
2918,73639,73640,9693,310,15, NO_EVENT
2919,73434,73637,24483,469,-235, NO_EVENT
2920,73599,73572,6091,226,-2, NO_EVENT
2921,73417,73642,22803,475,-182, NO_EVENT
2922,73625,73607,9589,353,208, NO_EVENT
2923,73529,73616,12659,324,-96, NO_EVENT
2924,73495,73608,14759,372,-34, NO_EVENT
2925,73673,73604,10368,293,178, NO_EVENT
2926,73717,73665,12257,345,242, NO_EVENT
2927,73536,73603,7132,238,-178, NO_EVENT
2928,73632,73591,14815,419,96, NO_EVENT
2929,73693,73593,25978,497,61, NO_EVENT
2930,73588,73723,24063,441,-105, NO_EVENT
2931,73547,73610,12776,364,-41, NO_EVENT
2932,73607,73615,12623,376,60, NO_EVENT
2933,73575,73638,4435,208,-37, NO_EVENT
2934,73495,73602,3298,173,-66, NO_EVENT
2935,73712,73604,10830,318,217, NO_EVENT
2936,73524,73714,33546,598,-188, NO_EVENT
2937,73576,73604,28820,534,52, NO_EVENT
2938,73513,73595,14160,380,-63, NO_EVENT
2939,73632,73619,17981,376,119, NO_EVENT
2940,73421,73598,22396,443,-261, NO_EVENT
2941,73521,73618,10158,309,-22, NO_EVENT
2942,73554,73533,15008,414,33, NO_EVENT
2943,73658,73653,6420,250,104, NO_EVENT
2944,73679,73724,63077,698,21, NO_EVENT
2945,73609,73655,13219,273,-70, NO_EVENT
2946,73745,73607,19539,382,136, NO_EVENT
2947,73528,73639,14545,372,-122, NO_EVENT
2948,73651,73627,26381,552,42, NO_EVENT
2949,73575,73606,7443,268,-76, NO_EVENT
2950,73468,73634,14690,407,-107, NO_EVENT
2951,73579,73600,10167,313,111, NO_EVENT
2952,73775,73595,11994,323,196, NO_EVENT
2953,73617,73708,11234,278,-158, NO_EVENT
2954,73658,73628,8697,302,92, NO_EVENT
2955,73559,73645,11765,314,-19, NO_EVENT
2956,73374,73630,16758,426,-185, NO_EVENT
2957,73725,73636,13684,453,351, NO_EVENT
2958,73618,73716,12506,343,-107, NO_EVENT
2959,73586,73651,6598,248,-32, NO_EVENT
2960,73546,73626,13992,331,-40, NO_EVENT
2961,73696,73611,13228,343,104, NO_EVENT
2962,73684,73620,16837,413,145, NO_EVENT
2963,73536,73587,11342,360,-148, NO_EVENT
2964,73614,73671,11090,288,78, NO_EVENT
2965,73457,73633,10584,349,-157, NO_EVENT
2966,73592,73600,16199,397,135, NO_EVENT
2967,73635,73653,15510,315,43, NO_EVENT
2968,73539,73589,26481,489,-102, NO_EVENT
2969,73665,73630,11958,341,165, NO_EVENT
2970,73400,73577,8743,332,-265, NO_EVENT
2971,73700,73731,18648,559,300, NO_EVENT
2972,73668,73645,14318,392,-32, NO_EVENT
2973,73629,73681,17199,358,-39, NO_EVENT
2974,73603,73616,15317,405,-26, NO_EVENT
2975,73621,73626,18863,376,167, NO_EVENT
2976,73653,73638,4066,207,12, NO_EVENT
2977,73546,73646,4005,203,-107, NO_EVENT
2978,73471,73599,10897,294,-75, NO_EVENT
2979,73390,73630,28763,592,-81, NO_EVENT
2980,73595,73581,19944,447,205, NO_EVENT
2981,73647,73652,21977,484,52, NO_EVENT
2982,73640,73622,9104,269,89, NO_EVENT
2983,73576,73639,15458,386,-10, NO_EVENT
2984,73384,73621,11585,320,-192, NO_EVENT
2985,73605,73657,16814,516,221, NO_EVENT
2986,73515,73592,8054,298,-90, NO_EVENT
2987,73447,73609,13111,399,-68, NO_EVENT
2988,73584,73618,7532,304,137, NO_EVENT
2989,73621,73686,16751,337,37, NO_EVENT
2990,73657,73659,11022,317,87, NO_EVENT
2991,73523,73620,3722,213,-123, NO_EVENT
2992,73552,73621,6598,236,29, NO_EVENT
2993,73558,73630,12527,346,6, NO_EVENT
2994,73554,73650,8027,249,-4, NO_EVENT
2995,73510,73610,7276,280,-44, NO_EVENT
2996,73691,73616,34417,595,181, NO_EVENT
2997,73704,73609,23048,425,161, NO_EVENT
2998,73546,73585,2233,132,-56, NO_EVENT
2999,73373,73596,21960,500,-173, NO_EVENT
3000,73585,73667,40650,689,212, NO_EVENT
3001,73627,73680,13163,345,42, NO_EVENT
3002,73388,73633,13004,467,-239, NO_EVENT
3003,73612,73603,22603,512,224, NO_EVENT
3004,73607,73639,27603,531,139, NO_EVENT
3005,73475,73605,36272,532,34, NO_EVENT
3006,73573,73702,36583,562,98, NO_EVENT
3007,73632,73682,15032,379,59, NO_EVENT
3008,73570,73629,19002,385,-62, NO_EVENT
3009,73715,73635,6839,250,145, NO_EVENT
3010,73602,73670,16631,383,-113, NO_EVENT
3011,73682,73647,16412,398,34, NO_EVENT
3012,73452,73621,17292,378,-18, NO_EVENT
3013,73681,73590,17169,386,229, NO_EVENT
3014,73467,73640,10524,331,-214, NO_EVENT
3015,73616,73617,19443,417,149, NO_EVENT
3016,73421,73669,6718,387,-195, NO_EVENT
3017,73590,73612,15306,412,169, NO_EVENT
3018,73557,73634,8024,235,2, NO_EVENT
3019,73599,73605,8334,281,92, NO_EVENT
3020,73626,73639,7964,250,27, NO_EVENT
3021,73530,73607,7485,274,-96, NO_EVENT
3022,73490,73630,6688,287,-40, NO_EVENT
3023,73556,73635,16988,411,66, NO_EVENT
3024,73589,73615,12416,325,33, NO_EVENT
3025,73611,73616,10060,306,83, NO_EVENT
3026,73685,73695,18406,422,-1, NO_EVENT
3027,73485,73614,8780,317,-200, NO_EVENT
3028,73601,73650,11051,368,116, NO_EVENT
3029,73610,73642,7371,267,9, NO_EVENT
3030,73513,73652,14981,370,-97, NO_EVENT
3031,73590,73654,14189,366,77, NO_EVENT
3032,73603,73587,11959,328,60, NO_EVENT
3033,73604,73673,18087,372,56, NO_EVENT
3034,73462,73575,5345,262,-142, NO_EVENT
3035,73682,73631,21677,456,220, NO_EVENT
3036,73438,73623,17034,412,-244, NO_EVENT
3037,73464,73612,13250,385,26, NO_EVENT
3038,73581,73628,20486,441,117, NO_EVENT
3039,73638,73602,12984,353,173, NO_EVENT
3040,73532,73602,11029,302,-53, NO_EVENT
3041,73587,73590,2809,166,55, NO_EVENT
3042,73407,73656,12099,413,-180, NO_EVENT
3043,73660,73561,14958,375,253, NO_EVENT
3044,73634,73640,14501,377,-26, NO_EVENT
3045,73654,73661,13942,392,20, NO_EVENT
3046,73612,73631,4206,207,-42, NO_EVENT
3047,73614,73608,10744,305,122, NO_EVENT
3048,73515,73601,2802,178,-83, NO_EVENT
3049,73528,73597,12876,350,13, NO_EVENT
3050,73568,73645,17652,363,40, NO_EVENT
3051,73832,73637,27604,487,264, NO_EVENT
3052,73571,73681,26406,510,-261, NO_EVENT
3053,73658,73621,32327,594,87, NO_EVENT
3054,73645,73652,21015,411,18, NO_EVENT
3055,73629,73635,10704,330,112, NO_EVENT
3056,73463,73646,30909,534,-166, NO_EVENT
3057,73607,73613,23844,481,144, NO_EVENT
3058,73482,73625,9845,311,-125, NO_EVENT
3059,73576,73587,5626,247,94, NO_EVENT
3060,73624,73621,10670,345,48, NO_EVENT
3061,73701,73650,4056,198,171, NO_EVENT
3062,73588,73583,4946,203,122, NO_EVENT
3063,73679,73575,17053,412,91, NO_EVENT
3064,73695,73624,15951,419,16, NO_EVENT
3065,73713,73629,5728,213,18, NO_EVENT
3066,73506,73624,12174,330,-207, NO_EVENT
3067,73637,73589,8576,269,131, NO_EVENT
3068,73563,73609,9072,273,-205, NO_EVENT
3069,73647,73636,4433,214,49, NO_EVENT
3070,73717,73622,2784,159,70, NO_EVENT
3071,73500,73598,4992,217,-217, NO_EVENT
3072,73709,73566,10741,300,209, NO_EVENT
3073,73488,73630,14983,382,-221, NO_EVENT
3074,73610,73564,3096,134,122, NO_EVENT
3075,73612,73582,26418,501,167, NO_EVENT
3076,73586,73607,4514,213,-2, NO_EVENT
3077,73701,73607,5451,218,115, NO_EVENT
3078,73458,73639,4303,263,-243, NO_EVENT
3079,73498,73613,12696,378,40, NO_EVENT
3080,73526,73603,7130,234,28, NO_EVENT
3081,73643,73614,14655,334,117, NO_EVENT
3082,73570,73660,21498,417,-186, NO_EVENT
3083,73617,73602,7257,262,122, NO_EVENT
3084,73510,73645,8140,269,-107, NO_EVENT
3085,73612,73606,14472,392,102, NO_EVENT
3086,73415,73620,5763,303,-197, NO_EVENT
3087,73731,73659,14367,393,316, NO_EVENT
3088,73548,73694,4566,278,-183, NO_EVENT
3089,73697,73657,10487,322,149, NO_EVENT
3090,73598,73572,15679,395,231, NO_EVENT
3091,73697,73597,9415,264,264, NO_EVENT
3092,73551,73665,6138,233,-146, NO_EVENT
3093,73532,73614,2920,185,-19, NO_EVENT
3094,73559,73655,15102,361,27, NO_EVENT
3095,73455,73599,10892,360,-104, NO_EVENT
3096,73596,73593,8332,284,141, NO_EVENT
3097,73663,73655,9767,298,-115, NO_EVENT
3098,73547,73590,3006,168,-29, NO_EVENT
3099,73661,73622,13508,360,114, NO_EVENT
3100,73579,73597,16569,448,-82, NO_EVENT
3101,73584,73598,23398,489,5, NO_EVENT
3102,73577,73649,18634,397,-7, NO_EVENT
3103,73567,73617,14030,356,-10, NO_EVENT
3104,73657,73692,23897,464,-184, NO_EVENT
3105,73662,73604,6817,229,144, NO_EVENT
3106,73484,73631,6245,259,-178, NO_EVENT
3107,73644,73561,18575,422,160, NO_EVENT
3108,73455,73645,20627,417,-189, NO_EVENT
3109,73452,73619,13844,403,-3, NO_EVENT
3110,73507,73650,54354,658,55, NO_EVENT
3111,73598,73600,11612,364,171, NO_EVENT
3112,73656,73588,12499,323,201, NO_EVENT
3113,73691,73653,6368,228,35, NO_EVENT
3114,73457,73616,8996,335,-234, NO_EVENT
3115,73502,73610,20059,469,45, NO_EVENT
3116,73424,73602,15214,428,-78, NO_EVENT
3117,73590,73631,35345,552,166, NO_EVENT
3118,73588,73619,11681,293,61, NO_EVENT
3119,73673,73685,12260,318,79, NO_EVENT
3120,73672,73660,2438,152,-1, NO_EVENT
3121,73544,73735,34708,474,-128, NO_EVENT
3122,73561,73584,16338,389,17, NO_EVENT
3123,73340,73629,18112,524,-221, NO_EVENT
3124,73641,73643,27316,574,301, NO_EVENT
3125,73716,73668,13051,301,-66, NO_EVENT
3126,73668,73617,11486,294,168, NO_EVENT
3127,73609,73596,11249,345,-59, NO_EVENT
3128,73680,73624,16500,372,71, NO_EVENT
3129,73620,73671,18116,409,-60, NO_EVENT
3130,73744,73629,20574,395,124, NO_EVENT
3131,73722,73678,18925,420,-22, NO_EVENT
3132,73701,73688,8728,277,-14, NO_EVENT
3133,73614,73654,15471,403,-45, NO_EVENT
3134,73564,73615,12532,348,-50, NO_EVENT
3135,73560,73605,5779,221,-4, NO_EVENT
3136,73384,73636,13116,428,-176, NO_EVENT
3137,73694,73584,26215,521,310, NO_EVENT
3138,73626,73694,8606,281,-68, NO_EVENT
3139,73691,73707,7625,254,31, NO_EVENT
3140,73665,73644,29256,526,-83, NO_EVENT
3141,73524,73654,4597,241,-141, NO_EVENT
3142,73471,73672,14605,414,-53, NO_EVENT
3143,73584,73687,14317,429,113, NO_EVENT
3144,73469,73635,10441,377,-115, NO_EVENT
3145,73565,73615,17663,422,96, NO_EVENT
3146,73651,73648,1972,134,86, NO_EVENT
3147,73545,73619,14043,359,-19, NO_EVENT
3148,73685,73592,4839,203,203, NO_EVENT
3149,73518,73637,13957,351,-167, NO_EVENT
3150,73560,73614,13485,347,42, NO_EVENT
3151,73694,73680,7421,235,134, NO_EVENT
3152,73494,73675,10223,354,-200, NO_EVENT
3153,73670,73591,4191,176,176, NO_EVENT
3154,73578,73587,12318,343,-87, NO_EVENT
3155,73692,73645,4504,208,30, NO_EVENT
3156,73614,73596,2138,171,-78, NO_EVENT
3157,73627,73660,9193,283,13, NO_EVENT
3158,73512,73631,7010,264,-115, NO_EVENT
3159,73571,73654,17508,373,59, NO_EVENT
3160,73652,73635,10261,315,81, NO_EVENT
3161,73648,73654,3715,191,13, NO_EVENT
3162,73625,73583,5625,179,154, NO_EVENT
3163,73706,73594,17604,370,81, NO_EVENT
3164,73414,73685,13875,429,-292, NO_EVENT
3165,73691,73673,19648,453,277, NO_EVENT
3166,73581,73660,4363,202,-110, NO_EVENT
3167,73602,73631,14905,417,21, NO_EVENT
3168,73533,73632,8800,295,-70, NO_EVENT
3169,73709,73644,13234,339,211, NO_EVENT
3170,73549,73613,14097,350,-160, NO_EVENT
3171,73498,73600,2239,166,-51, NO_EVENT
3172,73652,73688,17624,389,154, NO_EVENT
3173,73554,73657,12797,358,-98, NO_EVENT
3174,73687,73653,9900,307,133, NO_EVENT
3175,73639,73711,7679,267,84, NO_EVENT
3176,73590,73635,15824,396,48, NO_EVENT
3177,73628,73670,15100,416,38, NO_EVENT
3178,73620,73625,10109,310,-8, NO_EVENT
3179,73527,73632,15864,367,-93, NO_EVENT
3180,73557,73613,13641,387,30, NO_EVENT
3181,73541,73642,6868,239,-16, NO_EVENT
3182,73692,73679,22938,505,216, NO_EVENT
3183,73636,73623,14864,346,-81, NO_EVENT
3184,73875,73634,17356,445,239, NO_EVENT
3185,73637,73714,9397,282,-238, NO_EVENT
3186,73503,73625,17108,409,-134, NO_EVENT
3187,73565,73625,10292,310,62, NO_EVENT
3188,73697,73701,26450,489,132, NO_EVENT
3189,73615,73606,23009,479,19, NO_EVENT
3190,73571,73620,6047,208,-29, NO_EVENT
3191,73575,73597,1244,108,4, NO_EVENT
3192,73636,73659,9107,235,61, NO_EVENT
3193,73409,73617,12895,360,-227, NO_EVENT
3194,73573,73571,12804,334,164, NO_EVENT
3195,73565,73625,7038,224,-8, NO_EVENT
3196,73590,73649,21652,470,-10, NO_EVENT
3197,73756,73622,15464,317,262, NO_EVENT
3198,73609,73621,7237,287,-147, NO_EVENT
3199,73609,73683,16646,346,0, NO_EVENT
3200,73666,73669,9594,298,57, NO_EVENT
3201,73603,73645,4548,203,-63, NO_EVENT
3202,73517,73603,15353,387,-86, NO_EVENT
3203,73688,73661,14536,391,171, NO_EVENT
3204,73604,73606,17441,391,80, NO_EVENT
3205,73621,73539,1615,124,79, NO_EVENT
3206,73629,73615,14320,367,8, NO_EVENT
3207,73625,73614,21749,494,-4, NO_EVENT
3208,73526,73668,5062,236,-99, NO_EVENT
3209,73581,73637,3980,229,55, NO_EVENT
3210,73638,73637,7955,286,57, NO_EVENT
3211,73564,73611,13249,358,8, NO_EVENT
3212,73629,73586,4665,229,53, NO_EVENT
3213,73586,73651,26338,497,-43, NO_EVENT
3214,73628,73598,1147,94,42, NO_EVENT
3215,73674,73645,9372,323,46, NO_EVENT
3216,73663,73664,16888,417,-11, NO_EVENT
3217,73724,73658,7742,255,61, NO_EVENT
3218,73605,73682,10293,283,-161, NO_EVENT
3219,73608,73607,13401,353,12, NO_EVENT
3220,73583,73643,10357,323,-25, NO_EVENT
3221,73508,73651,7158,292,-75, NO_EVENT
3222,73654,73626,9264,287,146, NO_EVENT
3223,73394,73682,21908,599,-260, NO_EVENT
3224,73579,73641,19608,473,185, NO_EVENT
3225,73676,73615,23179,523,309, NO_EVENT
3226,73607,73642,27373,487,-141, NO_EVENT
3227,73565,73641,25308,525,-42, NO_EVENT
3228,73891,73583,12774,453,326, NO_EVENT
3229,73584,73688,13557,313,-307, NO_EVENT
3230,73564,73667,13873,367,-20, NO_EVENT
3231,73579,73655,24405,443,15, NO_EVENT
3232,73660,73604,19322,457,244, NO_EVENT
3233,73653,73575,25309,479,166, NO_EVENT
3234,73597,73641,7275,228,-56, NO_EVENT
3235,73687,73609,15700,399,90, NO_EVENT
3236,73451,73606,8540,288,-236, NO_EVENT
3237,73535,73645,18025,428,84, NO_EVENT
3238,73648,73644,10063,304,113, NO_EVENT
3239,73600,73644,31244,554,198, NO_EVENT
3240,73608,73668,6695,235,-11, NO_EVENT
3241,73631,73604,5601,223,23, NO_EVENT
3242,73569,73641,26388,406,-62, NO_EVENT
3243,73603,73648,4380,193,34, NO_EVENT
3244,73610,73654,7823,261,7, NO_EVENT
3245,73594,73572,7894,288,-16, NO_EVENT
3246,73723,73622,26922,496,277, NO_EVENT
3247,73597,73573,19845,411,110, NO_EVENT
3248,73638,73614,1007,96,41, NO_EVENT
3249,73583,73618,15023,355,-55, NO_EVENT
3250,73530,73631,9219,288,-53, NO_EVENT
3251,73480,73649,9704,371,-50, NO_EVENT
3252,73751,73607,21973,437,271, NO_EVENT
3253,73482,73681,29517,541,-269, NO_EVENT
3254,73614,73687,18488,412,2, NO_EVENT
3255,73736,73594,8490,285,87, NO_EVENT
3256,73555,73672,11954,320,-181, NO_EVENT
3257,73633,73659,7140,237,78, NO_EVENT
3258,73672,73569,13239,350,39, NO_EVENT
3259,73476,73644,10568,382,-196, NO_EVENT
3260,73606,73616,8333,315,130, NO_EVENT
3261,73719,73643,30214,554,21, NO_EVENT
3262,73617,73532,18719,334,261, NO_EVENT
3263,73624,73631,24952,512,7, NO_EVENT
3264,73717,73700,12724,330,93, NO_EVENT
3265,73658,73689,8663,263,-59, NO_EVENT
3266,73702,73652,21254,422,44, NO_EVENT
3267,73582,73605,11149,311,-120, NO_EVENT
3268,73588,73657,12702,328,82, NO_EVENT
3269,73670,73565,8190,246,151, NO_EVENT
3270,73597,73552,14656,332,-73, NO_EVENT
3271,73596,73631,16864,405,-1, NO_EVENT
3272,73467,73600,10918,308,-129, NO_EVENT
3273,73656,73624,24952,491,189, NO_EVENT
3274,73571,73632,15923,367,-85, NO_EVENT
3275,73599,73630,14382,351,89, NO_EVENT
3276,73744,73645,6550,224,193, NO_EVENT
3277,73632,73623,2984,210,-112, NO_EVENT
3278,73631,73683,9409,289,-1, NO_EVENT
3279,73527,73666,3100,224,-104, NO_EVENT
3280,73477,73624,34997,606,-50, NO_EVENT
3281,73639,73583,22000,451,162, NO_EVENT
3282,73566,73604,23506,503,-1, NO_EVENT
3283,73648,73645,11111,309,50, NO_EVENT
3284,73641,73698,13813,362,-7, NO_EVENT
3285,73683,73612,8337,288,42, NO_EVENT
3286,73624,73644,2396,126,-59, NO_EVENT
3287,73726,73693,15508,377,102, NO_EVENT
3288,73667,73662,7344,273,-59, NO_EVENT
3289,73735,73613,20244,417,228, NO_EVENT
3290,73724,73682,13453,363,189, NO_EVENT
3291,73710,73635,6191,222,-14, NO_EVENT
3292,73658,73681,11109,320,-52, NO_EVENT
3293,73588,73623,4793,196,-70, NO_EVENT
3294,73640,73653,24578,497,52, NO_EVENT
3295,73658,73661,16471,373,18, NO_EVENT
3296,73677,73615,14774,414,88, NO_EVENT
3297,73626,73660,23856,464,76, NO_EVENT
3298,73617,73602,4320,191,-9, NO_EVENT
3299,73645,73646,14487,399,28, NO_EVENT
3300,73552,73661,4308,193,-93, NO_EVENT
3301,73572,73626,8602,269,20, NO_EVENT
3302,73631,73647,18541,344,59, NO_EVENT
3303,73625,73637,17041,416,27, NO_EVENT
3304,73630,73647,17290,402,106, NO_EVENT
3305,73636,73642,10119,298,6, NO_EVENT
3306,73656,73686,13301,332,20, NO_EVENT
3307,73571,73589,10050,297,-85, NO_EVENT
3308,73525,73666,7061,311,-46, NO_EVENT
3309,73586,73680,26664,465,61, NO_EVENT
3310,73644,73661,18316,409,144, NO_EVENT
3311,73722,73661,9689,315,86, NO_EVENT
3312,73631,73655,8866,293,-91, NO_EVENT
3313,73576,73657,32379,536,-55, NO_EVENT
3314,73658,73612,2823,156,82, NO_EVENT
3315,73632,73675,17051,369,-26, NO_EVENT
3316,73598,73643,19052,407,-34, NO_EVENT
3317,73593,73608,11330,328,102, NO_EVENT
3318,73534,73656,27459,458,1, NO_EVENT
3319,73717,73589,7270,275,183, NO_EVENT
3320,73602,73661,12726,305,-115, NO_EVENT
3321,73623,73644,5876,235,21, NO_EVENT
3322,73491,73647,2282,211,-132, NO_EVENT
3323,73707,73675,10769,348,216, NO_EVENT
3324,73589,73644,14003,349,17, NO_EVENT
3325,73572,73673,21464,393,-16, NO_EVENT
3326,73633,73658,2297,182,61, NO_EVENT
3327,73621,73593,15510,386,-12, NO_EVENT
3328,73590,73620,19127,462,-31, NO_EVENT
3329,73537,73596,1742,142,-53, NO_EVENT
3330,73550,73649,17579,399,13, NO_EVENT
3331,73568,73621,32261,526,18, NO_EVENT
3332,73585,73707,14048,296,-57, NO_EVENT
3333,73600,73556,2070,122,32, NO_EVENT
3334,73570,73631,7259,236,-30, NO_EVENT
3335,73599,73633,10630,300,29, NO_EVENT
3336,73667,73622,16672,409,68, NO_EVENT
3337,73588,73659,15559,408,-79, NO_EVENT
3338,73576,73682,18887,409,-12, NO_EVENT
3339,73577,73650,15540,326,13, NO_EVENT
3340,73680,73589,3348,189,189, NO_EVENT
3341,73593,73615,7045,239,-87, NO_EVENT
3342,73626,73650,14103,356,33, NO_EVENT
3343,73647,73653,6818,237,21, NO_EVENT
3344,73513,73664,9065,356,-134, NO_EVENT
3345,73646,73636,16289,389,133, NO_EVENT
3346,73699,73692,16852,431,12, NO_EVENT
3347,73552,73482,7927,244,200, NO_EVENT
3348,73621,73647,9366,301,69, NO_EVENT
3349,73555,73644,26526,470,-66, NO_EVENT
3350,73634,73636,19966,415,79, NO_EVENT
3351,73691,73657,9299,289,57, NO_EVENT
3352,73608,73672,11047,325,-83, NO_EVENT
3353,73653,73651,16235,364,211, NO_EVENT
3354,73546,73577,20231,449,177, NO_EVENT
3355,73602,73635,19760,408,56, NO_EVENT
3356,73612,73648,14653,412,10, NO_EVENT
3357,73627,73702,15334,365,15, NO_EVENT
3358,73633,73672,5879,243,6, NO_EVENT
3359,73651,73670,8172,301,18, NO_EVENT
3360,73632,73593,21701,450,136, NO_EVENT
3361,73586,73560,13950,375,118, NO_EVENT
3362,73638,73659,7270,226,52, NO_EVENT
3363,73624,73679,37920,639,-14, NO_EVENT
3364,73622,73603,8509,281,-2, NO_EVENT
3365,73555,73625,6504,213,-67, NO_EVENT
3366,73610,73638,11861,336,55, NO_EVENT
3367,73586,73681,12651,335,-116, NO_EVENT
3368,73639,73692,17902,434,-54, NO_EVENT
3369,73659,73668,50099,679,20, NO_EVENT
3370,73677,73669,2770,177,18, NO_EVENT
3371,73599,73667,3623,152,-78, NO_EVENT
3372,73564,73654,10911,326,-35, NO_EVENT
3373,73656,73666,24060,459,92, NO_EVENT
3374,73572,73624,13922,308,65, NO_EVENT
3375,73615,73634,16832,384,176, NO_EVENT
3376,73585,73625,28819,538,-30, NO_EVENT
3377,73702,73655,9134,299,117, NO_EVENT
3378,73659,73634,2425,157,-43, NO_EVENT
3379,73636,73624,7635,227,-23, NO_EVENT
3380,73669,73639,34030,576,33, NO_EVENT
3381,73690,73662,16689,382,-14, NO_EVENT
3382,73630,73625,20127,423,-1, NO_EVENT
3383,73578,73621,12383,325,-52, NO_EVENT
3384,73951,73699,22527,423,373, NO_EVENT
3385,73618,73701,11239,336,-333, NO_EVENT
3386,73600,73652,9761,332,-18, NO_EVENT
3387,73650,73671,24810,490,50, NO_EVENT
3388,73775,73654,33661,513,392, NO_EVENT
3389,73654,73619,11992,332,101, NO_EVENT
3390,73633,73607,3176,178,-21, NO_EVENT
3391,73654,73605,5904,240,21, NO_EVENT
3392,73530,73621,8527,285,-124, NO_EVENT
3393,73613,73600,8617,284,83, NO_EVENT
3394,73699,73637,2464,146,86, NO_EVENT
3395,73691,73621,21192,429,228, NO_EVENT
3396,73535,73571,29713,512,-82, NO_EVENT
3397,73637,73643,11307,340,102, NO_EVENT
3398,73564,73588,17087,371,-73, NO_EVENT
3399,73591,73619,4355,209,27, NO_EVENT
3400,73601,73620,17313,387,10, NO_EVENT
3401,73573,73602,1138,105,-28, NO_EVENT
3402,73581,73638,15420,368,8, NO_EVENT
3403,73678,73676,11544,303,144, NO_EVENT
3404,73639,73652,5685,207,-84, NO_EVENT
3405,73514,73617,25688,479,-125, NO_EVENT
3406,73630,73612,9326,291,116, NO_EVENT
3407,73574,73632,11045,344,-56, NO_EVENT
3408,73531,73588,10190,290,-43, NO_EVENT
3409,73645,73648,11622,345,114, NO_EVENT
3410,73647,73654,24802,486,-35, NO_EVENT
3411,73581,73565,7233,240,-30, NO_EVENT
3412,73609,73660,11161,317,28, NO_EVENT
3413,73639,73613,22270,465,30, NO_EVENT
3414,73618,73653,21375,387,-21, NO_EVENT
3415,73728,73675,8402,272,110, NO_EVENT
3416,73595,73632,16345,393,-133, NO_EVENT
3417,73590,73629,14847,335,49, NO_EVENT
3418,73740,73601,6761,280,134, NO_EVENT
3419,73616,73651,10934,295,-124, NO_EVENT
3420,73625,73580,19743,449,9, NO_EVENT
3421,73762,73671,28571,529,137, NO_EVENT
3422,73585,73649,10140,318,-177, NO_EVENT
3423,73556,73627,7321,257,-29, NO_EVENT
3424,73535,73649,21546,445,-50, NO_EVENT
3425,73627,73645,1616,124,-26, NO_EVENT
3426,73576,73626,17473,399,-51, NO_EVENT
3427,73630,73633,8927,289,54, NO_EVENT
3428,73532,73594,6072,228,-98, NO_EVENT
3429,73616,73645,19353,423,84, NO_EVENT
3430,73647,73620,11075,342,31, NO_EVENT
3431,73654,73669,24770,526,-10, NO_EVENT
3432,73586,73613,2896,149,-11, NO_EVENT
3433,73596,73571,14451,421,10, NO_EVENT
3434,73724,73632,18183,444,128, NO_EVENT
3435,73715,73604,16396,380,-9, NO_EVENT
3436,73583,73631,11945,321,-132, NO_EVENT
3437,73658,73609,8562,290,75, NO_EVENT
3438,73614,73608,20113,457,-83, NO_EVENT
3439,73661,73554,21496,460,291, NO_EVENT
3440,73576,73632,36894,655,-85, NO_EVENT
3441,73592,73620,7234,282,16, NO_EVENT
3442,73605,73668,7649,265,13, NO_EVENT
3443,73618,73622,13398,309,13, NO_EVENT
3444,73595,73608,22067,492,-23, NO_EVENT
3445,73682,73717,29235,517,83, NO_EVENT
3446,73625,73607,19418,440,-51, NO_EVENT
3447,73596,73613,7141,250,-29, NO_EVENT
3448,73565,73654,8443,276,-31, NO_EVENT
3449,73631,73676,15564,342,66, NO_EVENT
3450,73582,73619,26524,476,-49, NO_EVENT
3451,73645,73618,2998,167,63, NO_EVENT
3452,73726,73670,21098,443,-10, NO_EVENT
3453,73745,73633,13880,345,200, NO_EVENT
3454,73703,73593,18584,418,-42, NO_EVENT
3455,73647,73631,4740,192,-56, NO_EVENT
3456,73655,73618,9984,311,8, NO_EVENT
3457,73692,73637,18129,414,37, NO_EVENT
3458,73605,73670,17461,411,-87, NO_EVENT
3459,73579,73596,1406,114,-20, NO_EVENT
3460,73572,73662,9827,306,-94, NO_EVENT
3461,73637,73622,18732,403,65, NO_EVENT
3462,73597,73632,18135,356,-40, NO_EVENT
3463,73634,73629,15923,436,37, NO_EVENT
3464,73660,73664,9653,271,26, NO_EVENT
3465,73501,73628,15316,346,-159, NO_EVENT
3466,73625,73630,10021,311,23, NO_EVENT
3467,73604,73671,26645,545,-60, NO_EVENT
3468,73690,73652,13197,379,86, NO_EVENT
3469,73612,73621,5789,221,-78, NO_EVENT
3470,73799,73612,16501,420,187, NO_EVENT
3471,73579,73627,13907,327,-220, NO_EVENT
3472,73607,73607,6425,258,28, NO_EVENT
3473,73603,73623,8837,305,10, NO_EVENT
3474,73694,73624,17052,358,216, NO_EVENT
3475,73586,73649,10291,247,-108, NO_EVENT
3476,73595,73673,36529,545,9, NO_EVENT
3477,73615,73573,21349,448,20, NO_EVENT
3478,73582,73607,12312,349,-33, NO_EVENT
3479,73528,73604,8076,268,-54, NO_EVENT
3480,73602,73654,10139,326,-45, NO_EVENT
3481,73532,73636,15757,347,-52, NO_EVENT
3482,73702,73604,1984,170,170, NO_EVENT
3483,73658,73617,3581,144,-44, NO_EVENT
3484,73566,73672,4215,199,-92, NO_EVENT
3485,73643,73649,18497,418,77, NO_EVENT
3486,73593,73623,10356,326,-50, NO_EVENT
3487,73597,73645,13122,336,-57, NO_EVENT
3488,73645,73652,7495,252,-48, NO_EVENT
3489,73643,73608,7191,267,-2, NO_EVENT
3490,73602,73574,3577,183,-41, NO_EVENT
3491,73617,73589,9736,320,15, NO_EVENT
3492,73615,73665,17746,401,-2, NO_EVENT
3493,73617,73628,7049,288,2, NO_EVENT
3494,73628,73614,6912,278,11, NO_EVENT
3495,73572,73659,18086,425,-148, NO_EVENT
3496,73626,73614,1098,89,-17, NO_EVENT
3497,73626,73718,33492,516,0, NO_EVENT
3498,73586,73608,20954,449,-40, NO_EVENT
3499,73547,73575,16773,447,-39, NO_EVENT
3500,73735,73614,8724,296,188, NO_EVENT
3501,73479,73643,15232,345,-256, NO_EVENT
3502,73654,73649,35247,518,178, NO_EVENT
3503,73636,73613,8500,300,-97, NO_EVENT
3504,73728,73650,9865,297,92, NO_EVENT
3505,73647,73665,5559,219,-81, NO_EVENT
3506,73607,73580,7393,237,-40, NO_EVENT
3507,73606,73642,8141,289,-1, NO_EVENT
3508,73580,73678,11234,318,-26, NO_EVENT
3509,73562,73640,13415,350,-31, NO_EVENT
3510,73670,73644,9193,240,174, NO_EVENT
3511,73602,73576,8371,289,-68, NO_EVENT
3512,73697,73629,24263,505,95, NO_EVENT
3513,73621,73689,10706,291,-76, NO_EVENT
3514,73622,73564,9173,309,1, NO_EVENT
3515,73593,73694,14781,333,-29, NO_EVENT
3516,73681,73645,7582,280,5, NO_EVENT
3517,73696,73624,7574,250,118, NO_EVENT
3518,73617,73570,19433,436,-79, NO_EVENT
3519,73673,73621,2496,140,56, NO_EVENT
3520,73600,73660,18621,410,-73, NO_EVENT
3521,73647,73653,16104,376,47, NO_EVENT
3522,73647,73643,9564,314,0, NO_EVENT
3523,73669,73640,2885,145,82, NO_EVENT
3524,73576,73622,10770,314,-22, NO_EVENT
3525,73596,73641,5899,210,20, NO_EVENT
3526,73627,73573,8399,268,31, NO_EVENT
3527,73600,73675,21471,413,-27, NO_EVENT
3528,73640,73634,3142,161,40, NO_EVENT
3529,73546,73680,16162,412,-94, NO_EVENT
3530,73582,73692,16780,394,-44, NO_EVENT
3531,73566,73649,22932,440,13, NO_EVENT
3532,73578,73628,27326,501,12, NO_EVENT
3533,73658,73627,8477,254,80, NO_EVENT
3534,73677,73635,9520,287,19, NO_EVENT
3535,73607,73670,17943,386,-70, NO_EVENT
3536,73626,73635,7919,253,19, NO_EVENT
3537,73649,73655,10761,365,-23, NO_EVENT
3538,73662,73611,5960,240,44, NO_EVENT
3539,73627,73589,7905,255,-35, NO_EVENT
3540,73586,73628,6203,247,-41, NO_EVENT
3541,73643,73617,6654,262,57, NO_EVENT
3542,73688,73632,807,99,45, NO_EVENT
3543,73707,73666,6399,247,19, NO_EVENT
3544,73623,73667,9954,331,-20, NO_EVENT
3545,73562,73623,2668,161,-35, NO_EVENT
3546,73622,73629,12715,365,60, NO_EVENT
3547,73547,73604,9088,329,-75, NO_EVENT
3548,73597,73647,15754,372,50, NO_EVENT
3549,73614,73644,12454,381,17, NO_EVENT
3550,73383,73607,38818,544,-231, NO_EVENT
3551,73621,73642,7568,255,23, NO_EVENT
3552,73686,73666,3977,190,-35, NO_EVENT
3553,73664,73603,15348,390,-22, NO_EVENT
3554,73552,73630,1484,136,-112, NO_EVENT
3555,73642,73614,14249,406,90, NO_EVENT
3556,73574,73717,3818,231,-68, NO_EVENT
3557,73643,73625,6412,237,69, NO_EVENT
3558,73465,73602,15774,324,-242, NO_EVENT
3559,73432,73590,5533,241,-200, NO_EVENT
3560,73619,73591,14463,384,187, NO_EVENT
3561,73633,73599,15664,361,14, NO_EVENT
3562,73630,73639,8234,300,-3, NO_EVENT
3563,73638,73646,9906,314,8, NO_EVENT
3564,73685,73628,15614,418,47, NO_EVENT
3565,73443,73628,12135,368,-242, NO_EVENT
3566,73617,73628,6031,217,-82, NO_EVENT
3567,73658,73603,3069,178,37, NO_EVENT
3568,73748,73684,28691,554,90, NO_EVENT
3569,73663,73652,13121,364,-85, NO_EVENT
3570,73563,73643,20985,437,-100, NO_EVENT
3571,73647,73643,12830,365,84, NO_EVENT
3572,73508,73662,15897,366,-139, NO_EVENT
3573,73452,73671,23435,414,-414, NO_EVENT
3574,73737,73605,4387,221,98, NO_EVENT
3575,73634,73659,42450,641,-103, NO_EVENT
3576,73613,73639,2810,177,-21, NO_EVENT
3577,73610,73626,9341,274,-3, NO_EVENT
3578,73651,73600,13802,384,41, NO_EVENT
3579,73689,73682,11948,362,38, NO_EVENT
3580,73600,73637,6501,250,18, NO_EVENT
3581,73566,73607,4541,207,42, NO_EVENT
3582,73588,73603,23067,520,22, NO_EVENT
3583,73736,73607,3133,216,148, NO_EVENT
3584,73630,73665,17892,386,-106, NO_EVENT
3585,73621,73601,7891,256,-9, NO_EVENT
3586,73595,73646,3074,140,-26, NO_EVENT
3587,73584,73621,22199,474,-100, NO_EVENT
3588,73636,73659,9811,312,20, NO_EVENT
3589,73583,73656,9734,308,-53, NO_EVENT
3590,73642,73620,5889,226,59, NO_EVENT
3591,73627,73655,11508,304,-15, NO_EVENT
3592,73721,73663,23114,513,94, NO_EVENT
3593,73497,73590,14448,346,-224, NO_EVENT
3594,73567,73645,9419,308,-56, NO_EVENT
3595,73502,73636,18239,423,-135, NO_EVENT
3596,73624,73633,10199,347,122, NO_EVENT
3597,73539,73666,16444,383,-85, NO_EVENT
3598,73613,73574,28515,556,74, NO_EVENT
3599,73655,73626,10531,340,42, NO_EVENT
3600,73746,73728,18304,383,91, NO_EVENT
3601,73507,73605,9197,278,-88, NO_EVENT
3602,73681,73673,26077,556,-53, NO_EVENT
3603,73639,73624,9189,316,-42, NO_EVENT
3604,73529,73672,9832,325,-110, NO_EVENT
3605,73699,73695,54914,709,170, NO_EVENT
3606,73643,73646,21232,468,-56, NO_EVENT
3607,73492,73630,11107,313,-151, NO_EVENT
3608,73525,73607,5895,224,-105, NO_EVENT
3609,73636,73625,11231,344,42, NO_EVENT
3610,73542,73642,11830,344,-94, NO_EVENT
3611,73644,73590,15250,352,102, NO_EVENT
3612,73658,73644,13133,386,14, NO_EVENT
3613,73582,73635,13551,362,-76, NO_EVENT
3614,73524,73640,12022,318,-58, NO_EVENT
3615,73709,73633,18956,436,156, NO_EVENT
3616,73684,73668,10589,304,108, NO_EVENT
3617,73561,73620,4331,211,-123, NO_EVENT
3618,73552,73611,8924,253,-9, NO_EVENT
3619,73611,73639,9020,291,59, NO_EVENT
3620,73490,73608,8154,303,-121, NO_EVENT
3621,73713,73643,15527,358,223, NO_EVENT
3622,73601,73634,9566,274,29, NO_EVENT
3623,73581,73628,8125,240,14, NO_EVENT
3624,73631,73628,9665,316,50, NO_EVENT
3625,73610,73642,18345,390,-21, NO_EVENT
3626,73626,73661,9019,284,16, NO_EVENT
3627,73577,73641,9786,303,-49, NO_EVENT
3628,73536,73655,12748,328,-41, NO_EVENT
3629,73582,73596,10061,315,7, NO_EVENT
3630,73501,73664,13936,347,-134, NO_EVENT
3631,73646,73642,23538,407,145, NO_EVENT
3632,73631,73619,23639,502,-15, NO_EVENT
3633,73646,73637,1258,107,15, NO_EVENT
3634,73572,73654,14628,389,-74, NO_EVENT
3635,73563,73645,11355,318,-9, NO_EVENT
3636,73603,73588,8213,293,40, NO_EVENT
3637,73525,73629,19360,386,-58, NO_EVENT
3638,73495,73601,7575,271,-141, NO_EVENT
3639,73609,73611,16205,375,114, NO_EVENT
3640,73604,73636,14633,356,-5, NO_EVENT
3641,73629,73616,11927,302,25, NO_EVENT
3642,73654,73618,5182,220,25, NO_EVENT
3643,73639,73640,4218,164,-15, NO_EVENT
3644,73680,73670,3180,153,51, NO_EVENT
3645,73617,73588,2859,164,50, NO_EVENT
3646,73561,73708,30724,541,-56, NO_EVENT
3647,73627,73553,2144,134,66, NO_EVENT
3648,73614,73642,3996,179,-13, NO_EVENT
3649,73699,73649,17272,457,85, NO_EVENT
3650,73576,73604,5028,230,-123, NO_EVENT
3651,73550,73684,14926,384,-82, NO_EVENT
3652,73575,73595,3559,179,51, NO_EVENT
3653,73547,73705,29463,536,-28, NO_EVENT
3654,73650,73647,9738,306,103, NO_EVENT
3655,73612,73615,11880,322,-38, NO_EVENT
3656,73564,73665,19653,448,-48, NO_EVENT
3657,73772,73623,9939,291,208, NO_EVENT
3658,73609,73678,11368,310,-60, NO_EVENT
3659,73468,73576,5178,191,-123, NO_EVENT
3660,73637,73646,26179,465,169, NO_EVENT
3661,73646,73629,8582,282,9, NO_EVENT
3662,73511,73594,7762,252,-135, NO_EVENT
3663,73707,73651,14913,402,196, NO_EVENT
3664,73407,73601,10710,326,-300, NO_EVENT
3665,73396,73568,9411,308,-230, NO_EVENT
3666,73457,73642,15747,439,-166, NO_EVENT
3667,73448,73658,25719,491,-9, NO_EVENT
3668,73637,73593,7494,309,189, NO_EVENT
3669,73511,73608,8115,259,-126, NO_EVENT
3670,73665,73643,30846,530,154, NO_EVENT
3671,73621,73684,11273,337,-44, NO_EVENT
3672,73589,73660,13880,370,-79, NO_EVENT
3673,73593,73630,6166,239,-13, NO_EVENT
3674,73509,73621,9470,275,-84, NO_EVENT
3675,73668,73639,13111,340,159, NO_EVENT
3676,73591,73655,17834,431,-77, NO_EVENT
3677,73584,73579,4682,195,-7, NO_EVENT
3678,73549,73586,13201,340,-35, NO_EVENT
3679,73632,73637,5119,226,-58, NO_EVENT
3680,73650,73617,7489,288,77, NO_EVENT
3681,73713,73679,7095,257,63, NO_EVENT
3682,73589,73659,28354,506,-124, NO_EVENT
3683,73568,73581,798,83,-21, NO_EVENT
3684,73565,73573,14826,382,-3, NO_EVENT
3685,73537,73566,7259,277,-28, NO_EVENT
3686,73545,73652,5898,250,-116, NO_EVENT
3687,73473,73593,13850,352,-146, NO_EVENT
3688,73557,73627,10996,352,84, NO_EVENT
3689,73626,73706,24703,458,69, NO_EVENT
3690,73638,73619,9041,318,12, NO_EVENT
3691,73585,73618,8498,296,-53, NO_EVENT
3692,73680,73694,32338,580,95, NO_EVENT
3693,73527,73614,3473,164,-130, NO_EVENT
3694,73371,73634,19348,451,-259, NO_EVENT
3695,73638,73622,4983,354,267, NO_EVENT
3696,73500,73638,17148,396,-138, NO_EVENT
3697,73566,73580,14659,372,66, NO_EVENT
3698,73622,73656,18938,406,56, NO_EVENT
3699,73537,73638,4999,243,-85, NO_EVENT
3700,73603,73649,7113,246,66, NO_EVENT
3701,73675,73680,6707,260,35, NO_EVENT
3702,73555,73603,5079,185,-115, NO_EVENT
3703,73566,73637,8781,265,11, NO_EVENT
3704,73676,73682,31751,548,110, NO_EVENT
3705,73530,73621,7134,259,-146, NO_EVENT
3706,73617,73677,19501,425,87, NO_EVENT
3707,73506,73619,11744,335,-111, NO_EVENT
3708,73491,73646,19318,420,-133, NO_EVENT
3709,73517,73518,5808,216,-76, NO_EVENT
3710,73510,73595,35273,578,-7, NO_EVENT
3711,73551,73614,22384,463,41, NO_EVENT
3712,73550,73575,10407,307,-1, NO_EVENT
3713,73582,73575,5444,222,32, NO_EVENT
3714,73655,73630,18681,467,73, NO_EVENT
3715,73553,73606,2247,120,-52, NO_EVENT
3716,73362,73583,7196,274,-213, NO_EVENT
3717,73482,73620,16191,469,120, NO_EVENT
3718,73658,73669,18997,449,176, NO_EVENT
3719,73588,73623,13644,364,-70, NO_EVENT
3720,73876,73626,3774,299,288, NO_EVENT
3721,73714,73704,20513,402,-162, NO_EVENT
3722,73659,73624,17623,424,79, NO_EVENT
3723,73775,73629,26882,512,156, NO_EVENT
3724,73682,73656,15196,403,-93, NO_EVENT
3725,73565,73627,15999,358,-117, NO_EVENT
3726,73551,73654,9230,257,-14, NO_EVENT
3727,73711,73682,7769,295,160, NO_EVENT
3728,73633,73666,4543,187,-78, NO_EVENT
3729,73493,73632,6101,246,-103, NO_EVENT
3730,73636,73663,2900,166,-1, NO_EVENT
3731,73581,73675,39030,587,-55, NO_EVENT
3732,73590,73679,12000,354,9, NO_EVENT
3733,73626,73661,13430,320,36, NO_EVENT
3734,73639,73631,5685,236,13, NO_EVENT
3735,73670,73686,5819,236,31, NO_EVENT
3736,73779,73653,16277,336,224, NO_EVENT
3737,73437,73678,17153,395,-148, NO_EVENT
3738,73561,73615,17470,421,124, NO_EVENT
3739,73478,73646,10981,378,-83, NO_EVENT
3740,73656,73680,21011,449,178, NO_EVENT
3741,73643,73624,15164,359,-13, NO_EVENT
3742,73689,73671,5569,234,46, NO_EVENT
3743,73574,73637,7068,230,-102, NO_EVENT
3744,73517,73589,1557,127,-127, NO_EVENT
3745,73651,73645,24146,487,134, NO_EVENT
3746,73548,73608,9072,315,-103, NO_EVENT
3747,73589,73617,7522,272,41, NO_EVENT
3748,73714,73660,6138,238,125, NO_EVENT
3749,73680,73655,6049,223,-34, NO_EVENT
3750,73557,73673,10568,302,-38, NO_EVENT
3751,73533,73657,11156,344,-69, NO_EVENT
3752,73549,73612,15996,392,16, NO_EVENT
3753,73504,73607,12508,353,-45, NO_EVENT
3754,73642,73649,9720,349,138, NO_EVENT
3755,73564,73632,5627,250,-78, NO_EVENT
3756,73598,73645,16339,385,34, NO_EVENT
3757,73428,73607,9475,297,-283, NO_EVENT
3758,73622,73605,4006,209,15, NO_EVENT
3759,73533,73648,19796,430,-89, NO_EVENT
3760,73703,73681,17637,392,170, NO_EVENT
3761,73547,73660,9324,310,-156, NO_EVENT
3762,73647,73600,19576,435,100, NO_EVENT
3763,73618,73658,17592,415,-29, NO_EVENT
3764,73727,73663,33955,592,137, NO_EVENT
3765,73542,73594,625,83,-75, NO_EVENT
3766,73700,73710,19524,429,158, NO_EVENT
3767,73644,73645,15222,346,-56, NO_EVENT
3768,73542,73679,14958,371,-102, NO_EVENT
3769,73705,73561,23067,511,163, NO_EVENT
3770,73531,73652,16845,368,-174, NO_EVENT
3771,73420,73579,21610,469,-183, NO_EVENT
3772,73413,73611,12048,355,-161, NO_EVENT
3773,73519,73614,9642,322,106, NO_EVENT
3774,73570,73690,19740,434,51, NO_EVENT
3775,73364,73595,22641,529,-206, NO_EVENT
3776,73580,73651,26195,532,216, NO_EVENT
3777,73583,73705,35619,545,3, NO_EVENT
3778,73618,73633,32334,598,-44, NO_EVENT
3779,73622,73672,6179,228,-85, NO_EVENT
3780,73396,73590,20018,368,-226, NO_EVENT
3781,73461,73624,18568,467,65, NO_EVENT
3782,73433,73601,16093,422,-28, NO_EVENT
3783,73708,73687,31825,586,275, NO_EVENT
3784,73547,73655,10969,331,-161, NO_EVENT
3785,73644,73648,23454,509,97, NO_EVENT
3786,73671,73753,39862,526,48, NO_EVENT
3787,73549,73583,8528,289,-184, NO_EVENT
3788,73501,73682,11890,374,-48, NO_EVENT
3789,73650,73619,19327,453,149, NO_EVENT
3790,73585,73675,24477,458,-65, NO_EVENT
3791,73618,73661,11040,323,33, NO_EVENT
3792,73523,73625,8570,295,-95, NO_EVENT
3793,73598,73612,6960,270,-15, NO_EVENT
3794,73368,73555,9859,306,-221, NO_EVENT
3795,73489,73607,18971,486,121, NO_EVENT
3796,73592,73674,13832,433,103, NO_EVENT
3797,73697,73649,3947,192,105, NO_EVENT
3798,73653,73631,3149,162,-44, NO_EVENT
3799,73586,73653,21711,469,-67, NO_EVENT
3800,73718,73654,21696,463,134, NO_EVENT
3801,73572,73627,12737,340,-142, NO_EVENT
3802,73525,73644,26710,487,-47, NO_EVENT
3803,73646,73645,5147,253,121, NO_EVENT
3804,73575,73675,31102,550,-71, NO_EVENT
3805,73694,73634,9890,294,119, NO_EVENT
3806,73528,73660,9457,293,-166, NO_EVENT
3807,73512,73594,9428,295,17, NO_EVENT
3808,73532,73642,3944,231,-117, NO_EVENT
3809,73478,73604,26252,482,-54, NO_EVENT
3810,73637,73656,8921,342,159, NO_EVENT
3811,73551,73687,16474,408,-86, NO_EVENT
3812,73605,73693,17485,420,54, NO_EVENT
3813,73605,73620,5941,249,0, NO_EVENT
3814,73408,73665,22226,515,-229, NO_EVENT
3815,73514,73621,6515,262,-128, NO_EVENT
3816,73473,73637,19555,405,-41, NO_EVENT
3817,73622,73655,15298,438,149, NO_EVENT
3818,73511,73616,42681,634,-111, NO_EVENT
3819,73615,73630,11286,332,104, NO_EVENT
3820,73635,73653,13068,337,20, NO_EVENT
3821,73651,73656,3284,159,53, NO_EVENT
3822,73622,73683,12530,344,-85, NO_EVENT
3823,73690,73669,8218,275,68, NO_EVENT
3824,73694,73713,26685,534,4, NO_EVENT
3825,73411,73590,20089,444,-283, NO_EVENT
3826,73577,73627,12516,393,166, NO_EVENT
3827,73428,73571,19926,403,-149, NO_EVENT
3828,73639,73665,17183,359,-157, NO_EVENT
3829,73513,73654,10600,321,-25, NO_EVENT
3830,73643,73672,6618,285,130, NO_EVENT
3831,73482,73629,21371,445,-161, NO_EVENT
3832,73501,73625,19746,434,19, NO_EVENT
3833,73497,73621,12037,294,-4, NO_EVENT
3834,73614,73652,22591,440,117, NO_EVENT
3835,73605,73611,11743,354,24, NO_EVENT
3836,73651,73667,7316,243,60, NO_EVENT
3837,73337,73628,19172,442,-314, NO_EVENT
3838,73643,73656,16390,551,306, NO_EVENT
3839,73730,73663,16369,419,87, NO_EVENT
3840,73597,73666,10571,287,-133, NO_EVENT
3841,73644,73668,8308,274,47, NO_EVENT
3842,73644,73667,2708,176,-18, NO_EVENT
3843,73465,73584,23029,436,-21, NO_EVENT
3844,73468,73609,8162,261,3, NO_EVENT
3845,73517,73641,27321,488,49, NO_EVENT
3846,73461,73600,25220,471,-56, NO_EVENT
3847,73609,73640,24164,463,148, NO_EVENT
3848,73600,73613,7419,276,-9, NO_EVENT
3849,73597,73595,14858,401,-3, NO_EVENT
3850,73469,73631,36718,532,-135, NO_EVENT
3851,73390,73555,11633,316,-316, NO_EVENT
3852,73664,73638,14612,467,274, NO_EVENT
3853,73556,73654,10218,300,-108, NO_EVENT
3854,73605,73645,17058,397,49, NO_EVENT
3855,73660,73571,15064,370,55, NO_EVENT
3856,73489,73697,24790,525,-171, NO_EVENT
3857,73532,73645,7356,252,-69, NO_EVENT
3858,73653,73630,5559,229,8, NO_EVENT
3859,73580,73716,38228,574,-73, NO_EVENT
3860,73630,73670,17752,422,50, NO_EVENT
3861,73634,73661,24238,442,4, NO_EVENT
3862,73640,73658,22620,453,6, NO_EVENT
3863,73685,73670,11294,352,45, NO_EVENT
3864,73476,73626,6022,240,-165, NO_EVENT
3865,73451,73565,5156,179,-154, NO_EVENT
3866,73616,73614,15604,415,165, NO_EVENT
3867,73647,73665,22151,507,31, NO_EVENT
3868,73613,73669,25060,472,-34, NO_EVENT
3869,73623,73672,8015,270,10, NO_EVENT
3870,73519,73670,14436,389,-104, NO_EVENT
3871,73473,73597,3807,210,-210, NO_EVENT
3872,73696,73635,3810,183,35, NO_EVENT
3873,73534,73695,12974,344,-162, NO_EVENT
3874,73583,73658,18180,434,49, NO_EVENT
3875,73692,73639,32618,563,109, NO_EVENT
3876,73581,73660,17995,425,-111, NO_EVENT
3877,73553,73617,11215,306,-28, NO_EVENT
3878,73671,73730,16978,426,106, NO_EVENT
3879,73593,73639,10854,305,15, NO_EVENT
3880,73760,73615,26918,443,167, NO_EVENT
3881,73528,73638,24511,437,-232, NO_EVENT
3882,73552,73611,23473,439,24, NO_EVENT
3883,73652,73692,12702,307,100, NO_EVENT
3884,73554,73656,16809,386,-98, NO_EVENT
3885,73583,73657,1402,118,-60, NO_EVENT
3886,73499,73639,7213,307,-154, NO_EVENT
3887,73526,73603,13658,362,27, NO_EVENT
3888,73525,73637,17241,429,-1, NO_EVENT
3889,73660,73625,9967,308,135, NO_EVENT
3890,73453,73620,11045,380,-207, NO_EVENT
3891,73632,73652,16053,416,179, NO_EVENT
3892,73620,73652,6451,243,25, NO_EVENT
3893,73489,73637,5452,255,-188, NO_EVENT
3894,73575,73649,11317,359,86, NO_EVENT
3895,73643,73626,11944,291,68, NO_EVENT
3896,73438,73623,7314,315,-205, NO_EVENT
3897,73513,73622,15409,407,75, NO_EVENT
3898,73635,73689,32226,524,122, NO_EVENT
3899,73553,73584,16213,422,-60, NO_EVENT
3900,73424,73606,13054,339,-339, NO_EVENT
3901,73637,73641,12264,436,213, NO_EVENT
3902,73563,73644,10199,309,-74, NO_EVENT
3903,73524,73611,20561,464,-39, NO_EVENT
3904,73573,73622,5998,254,49, NO_EVENT
3905,73602,73688,14033,324,29, NO_EVENT
3906,73625,73634,15957,386,-3, NO_EVENT
3907,73581,73611,8418,262,32, NO_EVENT
3908,73725,73642,12371,337,144, NO_EVENT
3909,73622,73700,21587,417,-103, NO_EVENT
3910,73460,73600,17684,393,-162, NO_EVENT
3911,73438,73579,17864,426,-22, NO_EVENT
3912,73640,73634,15578,430,202, NO_EVENT
3913,73637,73638,7764,273,-19, NO_EVENT
3914,73701,73672,12199,324,131, NO_EVENT
3915,73557,73621,1824,149,-68, NO_EVENT
3916,73715,73636,21554,470,158, NO_EVENT
3917,73746,73677,13485,333,31, NO_EVENT
3918,73499,73596,21086,440,-247, NO_EVENT
3919,73514,73639,8117,297,15, NO_EVENT
3920,73588,73598,6987,263,74, NO_EVENT
3921,73650,73626,4054,179,98, NO_EVENT
3922,73446,73539,9113,297,-129, NO_EVENT
3923,73631,73566,12293,317,185, NO_EVENT
3924,73428,73602,13026,390,-203, NO_EVENT
3925,73638,73629,20300,447,210, NO_EVENT
3926,73526,73688,16375,446,-112, NO_EVENT
3927,73519,73653,13124,337,-7, NO_EVENT
3928,73486,73589,2676,155,-130, NO_EVENT
3929,73547,73636,6495,207,-185, NO_EVENT
3930,73561,73585,24863,472,14, NO_EVENT
3931,73775,73661,9455,274,214, NO_EVENT
3932,73650,73693,27996,493,-125, NO_EVENT
3933,73499,73640,31601,604,-151, NO_EVENT
3934,73765,73623,14167,314,266, NO_EVENT
3935,73638,73662,8024,281,-12, NO_EVENT
3936,73472,73576,9601,266,-166, NO_EVENT
3937,73552,73637,18407,451,80, NO_EVENT
3938,73726,73667,24847,496,174, NO_EVENT
3939,73657,73631,17458,418,-69, NO_EVENT
3940,73712,73668,18583,427,55, NO_EVENT
3941,73584,73678,33927,544,-128, NO_EVENT
3942,73513,73659,13604,343,-115, NO_EVENT
3943,73465,73660,9339,312,-291, NO_EVENT
3944,73579,73627,23981,491,114, NO_EVENT
3945,73419,73660,18793,513,-160, NO_EVENT
3946,73710,73649,13417,434,291, NO_EVENT
3947,73675,73657,13751,379,-35, NO_EVENT
3948,73713,73671,37955,594,38, NO_EVENT
3949,73425,73576,24757,479,-74, NO_EVENT
3950,73538,73656,22466,453,-62, NO_EVENT
3951,73541,73635,19091,432,3, NO_EVENT
3952,73695,73615,16325,396,154, NO_EVENT
3953,73482,73628,22501,410,-213, NO_EVENT
3954,73442,73642,26636,460,-40, NO_EVENT
3955,73641,73623,19001,400,199, NO_EVENT
3956,73747,73663,12068,318,218, NO_EVENT
3957,73553,73662,17099,328,-39, NO_EVENT
3958,73566,73618,21699,494,13, NO_EVENT
3959,73575,73587,21990,460,9, NO_EVENT
3960,73704,73631,26426,518,129, NO_EVENT
3961,73594,73638,3031,151,-110, NO_EVENT
3962,73634,73654,8671,267,40, NO_EVENT
3963,73528,73624,13596,373,-80, NO_EVENT
3964,73490,73616,11591,333,-155, NO_EVENT
3965,73481,73611,19058,433,-9, NO_EVENT
3966,73476,73669,30086,521,-5, NO_EVENT
3967,73435,73580,21122,473,-41, NO_EVENT
3968,73678,73620,20772,473,243, NO_EVENT
3969,73618,73632,8184,285,-60, NO_EVENT
3970,73624,73671,18703,409,8, NO_EVENT
3971,73477,73685,29310,481,-21, NO_EVENT
3972,73631,73620,5427,284,154, NO_EVENT
3973,73556,73656,11340,307,-75, NO_EVENT
3974,73524,73659,12888,359,-32, NO_EVENT
3975,73508,73673,6235,256,-16, NO_EVENT
3976,73610,73623,23984,525,102, NO_EVENT
3977,73573,73653,19438,410,-37, NO_EVENT
3978,73674,73637,37719,617,362, NO_EVENT
3979,73513,73565,4759,175,13, NO_EVENT
3980,73630,73641,9249,269,117, NO_EVENT
3981,73588,73638,20561,468,-42, NO_EVENT
3982,73675,73681,32147,496,87, NO_EVENT
3983,73458,73589,19108,437,-217, NO_EVENT
3984,73663,73601,17025,394,205, NO_EVENT
3985,73501,73683,21992,461,-138, NO_EVENT
3986,73705,73594,7537,253,21, NO_EVENT
3987,73597,73626,6009,223,-108, NO_EVENT
3988,73650,73670,5871,233,53, NO_EVENT
3989,73402,73682,26088,553,-248, NO_EVENT
3990,73640,73675,14184,437,238, NO_EVENT
3991,73578,73613,28006,535,-62, NO_EVENT
3992,73516,73694,16052,405,-250, NO_EVENT
3993,73520,73616,3274,180,-68, NO_EVENT
3994,73792,73668,9580,299,272, NO_EVENT
3995,73495,73660,18258,402,-297, NO_EVENT
3996,73487,73616,22307,417,-8, NO_EVENT
3997,73551,73627,20632,445,64, NO_EVENT
3998,73712,73666,9640,270,161, NO_EVENT
3999,73654,73665,8839,271,34, NO_EVENT
4000,73563,73589,8072,242,-99, NO_EVENT
4001,73686,73611,22528,460,123, NO_EVENT
4002,73547,73653,21985,400,-139, NO_EVENT
4003,73473,73657,13761,383,-74, NO_EVENT
4004,73518,73633,19793,439,45, NO_EVENT
4005,73629,73643,11538,341,111, NO_EVENT
4006,73530,73631,8646,289,-22, NO_EVENT
4007,73532,73618,6887,215,-161, NO_EVENT
4008,73697,73628,21370,446,165, NO_EVENT
4009,73504,73685,10677,355,-193, NO_EVENT
4010,73536,73642,16795,358,32, NO_EVENT
4011,73544,73661,14183,372,8, NO_EVENT
4012,73543,73639,18448,363,-1, NO_EVENT
4013,73627,73654,10470,303,-1, NO_EVENT
4014,73617,73647,20505,431,98, NO_EVENT
4015,73536,73635,15178,378,-81, NO_EVENT
4016,73484,73658,9563,358,-52, NO_EVENT
4017,73650,73697,26421,494,166, NO_EVENT
4018,73490,73653,20092,456,-160, NO_EVENT
4019,73793,73645,35892,505,303, NO_EVENT
4020,73604,73626,23794,512,16, NO_EVENT
4021,73526,73639,11720,347,-74, NO_EVENT
4022,73573,73629,6369,265,47, NO_EVENT
4023,73465,73617,26599,539,-108, NO_EVENT
4024,73358,73628,36470,595,-107, NO_EVENT
4025,73617,73626,31863,610,259, NO_EVENT
4026,73571,73632,18737,433,-46, NO_EVENT
4027,73663,73677,26542,541,187, NO_EVENT
4028,73703,73560,33531,527,395, NO_EVENT
4029,73586,73628,11378,332,-117, NO_EVENT
4030,73682,73684,25147,459,96, NO_EVENT
4031,73600,73621,19407,431,-82, NO_EVENT
4032,73663,73602,29173,515,63, NO_EVENT
4033,73700,73659,42494,605,37, NO_EVENT
4034,73580,73596,14389,404,39, NO_EVENT
4035,73536,73635,18913,406,-131, NO_EVENT
4036,73474,73626,14259,353,-62, NO_EVENT
4037,73482,73634,19268,396,8, NO_EVENT
4038,73458,73627,17457,433,-24, NO_EVENT
4039,73558,73618,17860,448,100, NO_EVENT
4040,73596,73655,12746,352,38, NO_EVENT
4041,73589,73606,16641,376,110, NO_EVENT
4042,73641,73607,21091,420,188, NO_EVENT
4043,73507,73612,5365,252,-134, NO_EVENT
4044,73449,73660,13889,402,-58, NO_EVENT
4045,73473,73626,17370,448,24, NO_EVENT
4046,73582,73615,16318,398,109, NO_EVENT
4047,73554,73601,20149,469,-28, NO_EVENT
4048,73515,73627,11553,315,-39, NO_EVENT
4049,73689,73705,13094,339,-101, NO_EVENT
4050,73653,73555,4416,210,116, NO_EVENT
4051,73571,73645,13093,326,-82, NO_EVENT
4052,73571,73657,14901,378,0, NO_EVENT
4053,73684,73670,45022,661,113, NO_EVENT
4054,73489,73623,16667,424,-195, NO_EVENT
4055,73612,73559,21583,423,123, NO_EVENT
4056,73568,73653,16391,380,-201, NO_EVENT
4057,73553,73573,22795,500,216, NO_EVENT
4058,73601,73698,12150,324,48, NO_EVENT
4059,73471,73635,8655,347,-130, NO_EVENT
4060,73630,73617,18109,313,159, NO_EVENT
4061,73546,73641,13069,345,-84, NO_EVENT
4062,73617,73635,19130,435,71, NO_EVENT
4063,73622,73630,9100,286,42, NO_EVENT
4064,73650,73599,3902,156,148, NO_EVENT
4065,73549,73635,21270,458,-101, NO_EVENT
4066,73386,73617,9850,407,-163, NO_EVENT
4067,73696,73625,25948,508,310, NO_EVENT
4068,73540,73638,13424,359,-156, NO_EVENT
4069,73553,73627,20384,412,13, NO_EVENT
4070,73653,73607,18634,444,103, NO_EVENT
4071,73488,73617,6087,274,-91, NO_EVENT
4072,73536,73618,9125,332,48, NO_EVENT
4073,73487,73661,24646,464,-49, NO_EVENT
4074,73558,73679,12628,388,71, NO_EVENT
4075,73499,73586,11216,335,-59, NO_EVENT
4076,73590,73611,20355,436,91, NO_EVENT
4077,73599,73646,22854,503,146, NO_EVENT
4078,73583,73601,18879,424,79, NO_EVENT
4079,73523,73595,5628,237,-60, NO_EVENT
4080,73478,73628,20745,462,-45, NO_EVENT
4081,73688,73576,15770,372,210, NO_EVENT
4082,73694,73671,4809,236,6, NO_EVENT
4083,73662,73658,6287,226,-32, NO_EVENT
4084,73613,73650,15578,408,-6, NO_EVENT
4085,73634,73657,9924,294,-71, NO_EVENT
4086,73520,73620,12572,341,-114, NO_EVENT
4087,73506,73618,18610,405,-14, NO_EVENT
4088,73747,73631,11345,326,241, NO_EVENT
4089,73631,73579,16306,341,-116, NO_EVENT
4090,73666,73634,14814,380,35, NO_EVENT
4091,73635,73624,16339,382,194, NO_EVENT
4092,73682,73645,37393,599,230, NO_EVENT
4093,73646,73588,2632,166,-36, NO_EVENT
4094,73702,73687,24365,458,56, NO_EVENT
4095,73731,73682,19866,432,29, NO_EVENT
4096,73797,73702,16321,394,66, NO_EVENT
4097,73573,73675,11930,276,-224, NO_EVENT
4098,73520,73601,16483,432,-103, NO_EVENT
4099,73674,73636,35103,594,129, NO_EVENT
4100,73639,73657,10056,288,-35, NO_EVENT
4101,73411,73655,18066,442,-228, NO_EVENT
4102,73741,73600,22914,422,330, NO_EVENT
4103,73621,73609,36089,554,-120, NO_EVENT
4104,73615,73653,9944,295,-6, NO_EVENT
4105,73641,73687,21830,468,57, NO_EVENT
4106,73692,73624,17706,409,118, NO_EVENT
4107,73727,73577,14593,320,35, NO_EVENT
4108,73619,73661,20190,399,-108, NO_EVENT
4109,73660,73647,8638,295,41, NO_EVENT
4110,73464,73606,23401,488,-196, NO_EVENT
4111,73623,73629,23047,437,159, NO_EVENT
4112,73678,73662,16174,447,7, NO_EVENT
4113,73610,73659,15082,349,75, NO_EVENT
4114,73675,73656,7636,225,65, NO_EVENT
4115,73570,73624,30593,548,-105, NO_EVENT
4116,73634,73641,21692,446,64, NO_EVENT
4117,73601,73609,13994,387,-33, NO_EVENT
4118,73630,73685,11165,314,29, NO_EVENT
4119,73626,73640,8678,297,-4, NO_EVENT
4120,73636,73662,20869,421,91, NO_EVENT
4121,73747,73645,11581,302,228, NO_EVENT
4122,73645,73684,16354,338,-102, NO_EVENT
4123,73537,73642,11113,341,-108, NO_EVENT
4124,73582,73668,11767,345,45, NO_EVENT
4125,73501,73655,14756,413,-81, NO_EVENT
4126,73721,73616,27283,476,220, NO_EVENT
4127,73628,73693,17552,371,-123, NO_EVENT
4128,73669,73558,9257,251,216, NO_EVENT
4129,73578,73685,5360,212,-91, NO_EVENT
4130,73562,73675,16987,301,-16, NO_EVENT
4131,73701,73642,13482,334,139, NO_EVENT
4132,73542,73644,8213,276,-159, NO_EVENT
4133,73620,73631,15868,387,78, NO_EVENT
4134,73714,73637,21027,412,234, NO_EVENT
4135,73646,73582,6898,226,226, NO_EVENT
4136,73444,73614,27397,543,-202, NO_EVENT
4137,73407,73641,33659,475,-37, NO_EVENT
4138,73570,73655,26982,545,163, NO_EVENT
4139,73424,73664,20148,531,-146, NO_EVENT
4140,73685,73652,18362,457,261, NO_EVENT
4141,73555,73623,23106,461,18, NO_EVENT
4142,73599,73589,6742,239,73, NO_EVENT
4143,73609,73672,5973,234,10, NO_EVENT
4144,73604,73647,19799,446,-5, NO_EVENT
4145,73385,73681,18688,462,-219, NO_EVENT
4146,73648,73639,30521,598,263, NO_EVENT
4147,73656,73671,16087,427,8, NO_EVENT
4148,73657,73605,26837,496,202, NO_EVENT
4149,73649,73638,9335,290,100, NO_EVENT
4150,73678,73703,11428,306,29, NO_EVENT
4151,73524,73655,27405,556,-154, NO_EVENT
4152,73598,73623,10856,302,74, NO_EVENT
4153,73660,73658,20761,463,62, NO_EVENT
4154,73677,73673,5677,248,17, NO_EVENT
4155,73572,73618,17365,426,108, NO_EVENT
4156,73581,73605,21464,487,-38, NO_EVENT
4157,73626,73641,11411,287,45, NO_EVENT
4158,73397,73619,27138,539,-229, NO_EVENT
4159,73497,73614,45988,611,100, NO_EVENT
4160,73462,73607,23411,489,-35, NO_EVENT
4161,73658,73640,16983,368,196, NO_EVENT
4162,73614,73689,13995,390,-114, NO_EVENT
4163,73799,73697,34179,535,128, NO_EVENT
4164,73643,73641,18633,422,-156, NO_EVENT
4165,73724,73683,10683,292,81, NO_EVENT
4166,73588,73687,29382,486,-136, NO_EVENT
4167,73735,73641,16803,434,147, NO_EVENT
4168,73632,73701,22066,423,-103, NO_EVENT
4169,73719,73724,13710,361,111, NO_EVENT
4170,73631,73655,17957,440,55, NO_EVENT
4171,73687,73614,1917,129,56, NO_EVENT
4172,73558,73702,19325,441,-129, NO_EVENT
4173,73671,73654,6192,258,113, NO_EVENT
4174,73719,73680,7146,234,48, NO_EVENT
4175,73593,73630,8186,251,-126, NO_EVENT
4176,73601,73567,24850,462,242, NO_EVENT
4177,73674,73639,25616,515,9, NO_EVENT
4178,73659,73683,45189,633,-15, NO_EVENT
4179,73455,73671,12566,423,-204, NO_EVENT
4180,73538,73637,17555,399,83, NO_EVENT
4181,73506,73628,8497,301,-32, NO_EVENT
4182,73636,73709,22466,466,130, NO_EVENT
4183,73560,73646,11034,249,-38, NO_EVENT
4184,73665,73648,13702,361,64, NO_EVENT
4185,73602,73631,15908,425,-63, NO_EVENT
4186,73662,73610,5759,212,60, NO_EVENT
4187,73416,73632,8067,368,-246, NO_EVENT
4188,73534,73614,27480,459,118, NO_EVENT
4189,73736,73665,10866,287,202, NO_EVENT
4190,73611,73712,13217,344,-73, NO_EVENT
4191,73591,73649,21259,399,75, NO_EVENT
4192,73699,73669,4966,215,108, NO_EVENT
4193,73579,73617,3387,157,-120, NO_EVENT
4194,73651,73662,35894,646,72, NO_EVENT
4195,73535,73632,17200,412,-116, NO_EVENT
4196,73599,73634,8975,310,64, NO_EVENT
4197,73590,73608,21695,477,39, NO_EVENT
4198,73635,73666,7754,284,112, NO_EVENT
4199,73573,73616,1072,82,-62, NO_EVENT
4200,73622,73623,7953,273,49, NO_EVENT
4201,73573,73678,32984,570,-49, NO_EVENT
4202,73482,73605,16183,420,-91, NO_EVENT
4203,73589,73644,13447,394,107, NO_EVENT
4204,73585,73629,29645,556,-201, NO_EVENT
4205,73553,73649,26156,468,4, NO_EVENT
4206,73666,73553,5361,229,229, NO_EVENT
4207,73555,73625,6563,214,-111, NO_EVENT
4208,73434,73638,6539,304,-121, NO_EVENT
4209,73605,73632,19158,458,171, NO_EVENT
4210,73451,73709,15044,504,-154, NO_EVENT
4211,73607,73617,18801,435,156, NO_EVENT
4212,73642,73642,21326,423,22, NO_EVENT
4213,73651,73603,1231,87,81, NO_EVENT
4214,73721,73640,20854,463,70, NO_EVENT
4215,73765,73663,14707,378,44, NO_EVENT
4216,73503,73685,27331,489,-262, NO_EVENT
4217,73648,73618,19669,408,145, NO_EVENT
4218,73695,73706,19840,440,47, NO_EVENT
4219,73707,73677,4510,228,32, NO_EVENT
4220,73731,73651,13524,341,185, NO_EVENT
4221,73615,73600,16331,426,-116, NO_EVENT
4222,73616,73576,12330,357,1, NO_EVENT
4223,73517,73712,23265,473,-99, NO_EVENT
4224,73478,73627,10989,309,-39, NO_EVENT
4225,73627,73577,13126,333,149, NO_EVENT
4226,73650,73585,31218,603,423, NO_EVENT
4227,73596,73631,16015,403,45, NO_EVENT
4228,73574,73562,4609,198,-22, NO_EVENT
4229,73540,73600,21143,462,-34, NO_EVENT
4230,73498,73656,13674,409,-42, NO_EVENT
4231,73423,73576,13415,388,-75, NO_EVENT
4232,73631,73640,26636,518,208, NO_EVENT
4233,73836,73608,25483,369,354, NO_EVENT
4234,73647,73637,26100,496,84, NO_EVENT
4235,73593,73635,8423,295,-54, NO_EVENT
4236,73635,73649,12213,353,42, NO_EVENT
4237,73465,73547,4167,189,-170, NO_EVENT
4238,73480,73559,30317,564,15, NO_EVENT
4239,73656,73637,8262,304,176, NO_EVENT
4240,73581,73679,11350,308,-161, NO_EVENT
4241,73546,73623,20075,459,125, NO_EVENT
4242,73597,73600,14337,375,51, NO_EVENT
4243,73485,73628,8480,306,-112, NO_EVENT
4244,73636,73615,5345,231,151, NO_EVENT
4245,73489,73690,28882,570,-147, NO_EVENT
4246,73678,73662,21698,431,189, NO_EVENT
4247,73661,73649,14930,413,61, NO_EVENT
4248,73642,73608,17112,409,86, NO_EVENT
4249,73568,73679,10583,329,-74, NO_EVENT
4250,73556,73638,18944,441,-12, NO_EVENT
4251,73654,73668,7342,247,98, NO_EVENT
4252,73415,73615,21297,436,-239, NO_EVENT
4253,73615,73616,12265,412,200, NO_EVENT
4254,73667,73597,12943,376,235, NO_EVENT
4255,73608,73667,10152,289,-33, NO_EVENT
4256,73643,73599,3818,188,-34, NO_EVENT
4257,73666,73661,13148,375,23, NO_EVENT
4258,73628,73682,3118,178,-38, NO_EVENT
4259,73588,73653,4002,183,-40, NO_EVENT
4260,73569,73566,15984,382,-19, NO_EVENT
4261,73576,73658,18566,414,7, NO_EVENT
4262,73596,73639,22963,452,126, NO_EVENT
4263,73723,73594,5148,252,88, NO_EVENT
4264,73689,73695,8672,276,-34, NO_EVENT
4265,73503,73651,14726,371,-186, NO_EVENT
4266,73682,73609,12471,316,179, NO_EVENT
4267,73465,73678,7454,379,-217, NO_EVENT
4268,73589,73625,15100,413,124, NO_EVENT
4269,73573,73645,10172,287,30, NO_EVENT
4270,73604,73534,13329,301,220, NO_EVENT
4271,73579,73629,3936,188,-25, NO_EVENT
4272,73531,73677,10302,303,-48, NO_EVENT
4273,73586,73674,12494,359,55, NO_EVENT
4274,73397,73633,8640,404,-189, NO_EVENT
4275,73652,73616,20303,469,255, NO_EVENT
4276,73651,73647,27408,561,227, NO_EVENT
4277,73679,73665,1709,119,-15, NO_EVENT
4278,73602,73629,6943,244,-77, NO_EVENT
4279,73547,73585,15960,421,-55, NO_EVENT
4280,73603,73666,23046,413,56, NO_EVENT
4281,73483,73637,5760,296,-120, NO_EVENT
4282,73594,73621,13509,378,111, NO_EVENT
4283,73589,73637,11833,342,18, NO_EVENT
4284,73674,73612,15500,420,70, NO_EVENT
4285,73624,73581,11520,307,-50, NO_EVENT
4286,73596,73596,13990,370,-28, NO_EVENT
4287,73561,73646,26828,497,-35, NO_EVENT
4288,73628,73595,9900,322,67, NO_EVENT
4289,73485,73621,24243,430,-143, NO_EVENT
4290,73597,73618,9278,306,37, NO_EVENT
4291,73613,73643,8788,292,0, NO_EVENT
4292,73553,73632,13053,372,-60, NO_EVENT
4293,73664,73586,10092,339,111, NO_EVENT
4294,73625,73603,3750,183,-39, NO_EVENT
4295,73695,73648,11655,364,70, NO_EVENT
4296,73625,73694,8080,255,-70, NO_EVENT
4297,73607,73668,6503,237,-25, NO_EVENT
4298,73748,73646,26576,504,330, NO_EVENT
4299,73675,73663,14966,390,-73, NO_EVENT
4300,73704,73636,9260,301,29, NO_EVENT
4301,73574,73619,14711,376,-130, NO_EVENT
4302,73602,73637,20545,492,28, NO_EVENT
4303,73630,73624,19925,464,28, NO_EVENT
4304,73721,73645,27493,516,136, NO_EVENT
4305,73688,73624,11461,316,122, NO_EVENT
4306,73647,73640,15149,359,-41, NO_EVENT
4307,73664,73620,8032,293,17, NO_EVENT
4308,73663,73632,8927,303,-1, NO_EVENT
4309,73619,73634,13747,372,-44, NO_EVENT
4310,73602,73643,10894,306,-17, NO_EVENT
4311,73573,73638,21312,452,11, NO_EVENT
4312,73599,73592,14252,393,190, NO_EVENT
4313,73654,73636,3433,176,55, NO_EVENT
4314,73494,73617,4065,207,-160, NO_EVENT
4315,73579,73595,21360,443,85, NO_EVENT
4316,73471,73621,5360,267,-108, NO_EVENT
4317,73608,73591,17057,430,137, NO_EVENT
4318,73607,73654,8596,294,53, NO_EVENT
4319,73633,73695,19968,421,-69, NO_EVENT
4320,73601,73525,4435,227,-32, NO_EVENT
4321,73574,73622,11844,312,-27, NO_EVENT
4322,73740,73641,1661,166,166, NO_EVENT
4323,73565,73614,20314,457,-175, NO_EVENT
4324,73710,73631,10751,324,145, NO_EVENT
4325,73646,73665,12747,351,-64, NO_EVENT
4326,73617,73616,20921,441,189, NO_EVENT
4327,73610,73565,1771,116,70, NO_EVENT
4328,73615,73612,16007,397,5, NO_EVENT
4329,73593,73610,19198,478,-22, NO_EVENT
4330,73638,73599,6074,224,45, NO_EVENT
4331,73593,73606,8602,278,-45, NO_EVENT
4332,73639,73559,15013,351,46, NO_EVENT
4333,73668,73698,25767,511,61, NO_EVENT
4334,73613,73594,9076,273,167, NO_EVENT
4335,73518,73620,11442,314,-95, NO_EVENT
4336,73652,73591,7858,241,134, NO_EVENT
4337,73661,73643,8217,261,9, NO_EVENT
4338,73592,73630,12391,367,-69, NO_EVENT
4339,73652,73596,10454,330,60, NO_EVENT
4340,73554,73637,10579,280,-14, NO_EVENT
4341,73579,73620,22251,507,-108, NO_EVENT
4342,73593,73616,9716,303,14, NO_EVENT
4343,73610,73592,13456,373,17, NO_EVENT
4344,73620,73648,20269,408,10, NO_EVENT
4345,73546,73598,10588,323,-74, NO_EVENT
4346,73726,73617,18235,390,180, NO_EVENT
4347,73607,73616,6587,281,122, NO_EVENT
4348,73559,73620,15233,364,14, NO_EVENT
4349,73645,73638,14459,404,86, NO_EVENT
4350,73624,73670,13632,366,-21, NO_EVENT
4351,73639,73671,10656,299,15, NO_EVENT
4352,73476,73633,26942,517,-163, NO_EVENT
4353,73608,73668,16630,428,132, NO_EVENT
4354,73661,73626,9270,330,214, NO_EVENT
4355,73577,73657,13349,358,-61, NO_EVENT
4356,73708,73593,15876,372,131, NO_EVENT
4357,73706,73599,24234,518,-2, NO_EVENT
4358,73598,73614,8143,276,-108, NO_EVENT
4359,73443,73676,7536,387,-155, NO_EVENT
4360,73574,73612,12398,363,131, NO_EVENT
4361,73604,73631,10204,317,-63, NO_EVENT
4362,73710,73681,17196,417,22, NO_EVENT
4363,73589,73623,13738,371,-121, NO_EVENT
4364,73543,73593,11420,330,-46, NO_EVENT
4365,73495,73594,14559,369,-48, NO_EVENT
4366,73557,73577,25944,487,62, NO_EVENT
4367,73586,73616,8801,266,29, NO_EVENT
4368,73551,73585,7582,262,31, NO_EVENT
4369,73644,73657,8015,229,66, NO_EVENT
4370,73645,73582,5235,201,1, NO_EVENT
4371,73565,73670,5465,203,-80, NO_EVENT
4372,73671,73641,5904,241,106, NO_EVENT
4373,73565,73619,8035,271,-106, NO_EVENT
4374,73584,73614,11017,306,19, NO_EVENT
4375,73600,73627,10565,340,95, NO_EVENT
4376,73611,73572,14961,412,89, NO_EVENT
4377,73611,73566,5920,236,0, NO_EVENT
4378,73576,73579,18327,377,-35, NO_EVENT
4379,73609,73578,6737,242,33, NO_EVENT
4380,73580,73598,7605,264,-29, NO_EVENT
4381,73634,73616,4413,214,54, NO_EVENT
4382,73716,73615,17923,438,319, NO_EVENT
4383,73635,73578,31426,522,42, NO_EVENT
4384,73627,73609,1566,131,18, NO_EVENT
4385,73570,73620,5554,191,-57, NO_EVENT
4386,73666,73611,4622,205,96, NO_EVENT
4387,73535,73640,8764,236,-131, NO_EVENT
4388,73600,73585,4409,176,65, NO_EVENT
4389,73740,73633,7782,261,140, NO_EVENT
4390,73601,73626,12735,356,123, NO_EVENT
4391,73592,73579,5924,207,126, NO_EVENT
4392,73576,73683,10804,276,-16, NO_EVENT
4393,73647,73721,17715,406,71, NO_EVENT
4394,73643,73629,3043,155,-4, NO_EVENT
4395,73480,73661,4873,264,-163, NO_EVENT
4396,73712,73621,13935,360,232, NO_EVENT
4397,73648,73576,14978,328,238, NO_EVENT
4398,73608,73601,2053,137,-49, NO_EVENT
4399,73548,73609,11370,316,-60, NO_EVENT
4400,73609,73644,9355,279,61, NO_EVENT
4401,73675,73653,9857,275,66, NO_EVENT
4402,73575,73637,2693,121,-100, NO_EVENT
4403,73741,73650,6372,205,166, NO_EVENT
4404,73573,73604,20416,409,88, NO_EVENT
4405,73626,73646,8783,290,135, NO_EVENT
4406,73640,73614,16257,411,14, NO_EVENT
4407,73580,73605,9926,333,-60, NO_EVENT
4408,73664,73600,12885,349,84, NO_EVENT
4409,73581,73618,3164,152,-83, NO_EVENT
4410,73699,73651,2557,144,118, NO_EVENT
4411,73608,73626,9431,305,74, NO_EVENT
4412,73653,73585,13227,353,196, NO_EVENT
4413,73595,73603,8425,315,-58, NO_EVENT
4414,73636,73567,1328,110,41, NO_EVENT
4415,73635,73647,16321,413,-1, NO_EVENT
4416,73607,73626,4028,195,-28, NO_EVENT
4417,73568,73603,12058,338,-39, NO_EVENT
4418,73543,73602,11831,359,-37, NO_EVENT
4419,73648,73645,12345,331,-44, NO_EVENT
4420,73630,73637,11210,321,-18, NO_EVENT
4421,73636,73574,4463,205,6, NO_EVENT
4422,73617,73631,13952,361,-19, NO_EVENT
4423,73579,73609,4520,218,-38, NO_EVENT
4424,73615,73669,3943,173,36, NO_EVENT
4425,73645,73683,2329,154,-33, NO_EVENT
4426,73700,73678,9206,290,2, NO_EVENT
4427,73678,73625,2748,156,-22, NO_EVENT
4428,73637,73627,6711,273,-41, NO_EVENT
4429,73562,73628,4372,201,-75, NO_EVENT
4430,73521,73538,1511,120,-41, NO_EVENT
4431,73539,73566,6928,243,18, NO_EVENT
4432,73620,73667,5585,212,3, NO_EVENT
4433,73633,73611,15021,396,20, NO_EVENT
4434,73620,73659,11734,372,-13, NO_EVENT
4435,73647,73635,2965,173,27, NO_EVENT
4436,73653,73592,8390,274,6, NO_EVENT
4437,73564,73623,7540,268,-89, NO_EVENT
4438,73589,73583,11398,356,25, NO_EVENT
4439,73615,73604,10559,317,-49, NO_EVENT
4440,73636,73649,7134,254,22, NO_EVENT
4441,73708,73592,5002,211,72, NO_EVENT
4442,73580,73604,649,128,-128, NO_EVENT
4443,73762,73644,14994,404,182, NO_EVENT
4444,73628,73636,4188,222,-134, NO_EVENT
4445,73611,73594,4582,203,-17, NO_EVENT
4446,73648,73639,7370,241,81, NO_EVENT
4447,73537,73652,24662,437,-59, NO_EVENT
4448,73562,73532,8481,256,25, NO_EVENT
4449,73543,73666,8294,282,-19, NO_EVENT
4450,73687,73625,5261,219,144, NO_EVENT
4451,73566,73616,3464,169,-121, NO_EVENT
4452,73540,73552,5448,244,-26, NO_EVENT
4453,73732,73606,7200,256,192, NO_EVENT
4454,73618,73650,3282,158,26, NO_EVENT
4455,73651,73605,2762,136,100, NO_EVENT
4456,73649,73653,11400,300,-2, NO_EVENT
4457,73600,73642,18620,434,-49, NO_EVENT
4458,73721,73629,4463,218,121, NO_EVENT
4459,73617,73583,4345,202,-104, NO_EVENT
4460,73616,73674,7436,252,-1, NO_EVENT
4461,73640,73678,12671,365,-75, NO_EVENT
4462,73634,73654,3546,176,-57, NO_EVENT
4463,73584,73596,12731,333,-50, NO_EVENT
4464,73575,73609,1736,120,-9, NO_EVENT
4465,73566,73629,3561,163,-9, NO_EVENT
4466,73715,73648,12287,331,149, NO_EVENT
4467,73495,73653,11901,357,-220, NO_EVENT
4468,73639,73638,14478,367,27, NO_EVENT
4469,73598,73580,12352,357,99, NO_EVENT
4470,73597,73558,1112,98,-1, NO_EVENT
4471,73596,73607,18486,401,-1, NO_EVENT
4472,73624,73674,44709,614,28, NO_EVENT
4473,73643,73672,3743,181,19, NO_EVENT
4474,73589,73642,3192,158,-54, NO_EVENT
4475,73581,73636,10355,320,-115, NO_EVENT
4476,73624,73553,10239,313,223, NO_EVENT
4477,73595,73641,7449,273,-29, NO_EVENT
4478,73596,73679,2309,136,1, NO_EVENT
4479,73525,73602,8798,275,-71, NO_EVENT
4480,73519,73595,14889,369,-6, NO_EVENT
4481,73465,73563,6745,239,-54, NO_EVENT
4482,73570,73566,5389,248,16, NO_EVENT
4483,73590,73618,9764,289,32, NO_EVENT
4484,73565,73628,7544,289,-25, NO_EVENT
4485,73613,73639,4104,173,48, NO_EVENT
4486,73591,73578,9709,325,-22, NO_EVENT
4487,73526,73616,9394,301,-65, NO_EVENT
4488,73525,73584,13172,357,-1, NO_EVENT
4489,73664,73651,3712,172,57, NO_EVENT
4490,73596,73554,16435,413,74, NO_EVENT
4491,73779,73675,4998,227,183, NO_EVENT
4492,73701,73680,4727,182,-78, NO_EVENT
4493,73661,73578,7670,220,-40, NO_EVENT
4494,73700,73621,2704,144,39, NO_EVENT
4495,73614,73594,3215,185,-86, NO_EVENT
4496,73637,73641,8248,280,-14, NO_EVENT
4497,73660,73619,9624,291,184, NO_EVENT
4498,73576,73602,14983,391,-84, NO_EVENT
4499,73586,73647,20548,463,10, NO_EVENT
4500,73580,73653,8665,291,-6, NO_EVENT
4501,73712,73624,6019,243,132, NO_EVENT
4502,73545,73636,28091,523,-167, NO_EVENT
4503,73547,73609,3124,181,-32, NO_EVENT
4504,73677,73627,7709,286,101, NO_EVENT
4505,73544,73627,7031,244,-133, NO_EVENT
4506,73674,73605,6795,251,130, NO_EVENT
4507,73512,73610,11869,356,-162, NO_EVENT
4508,73612,73569,10480,318,100, NO_EVENT
4509,73457,73545,4697,177,-155, NO_EVENT
4510,73729,73695,37957,603,107, NO_EVENT
4511,73627,73612,13703,355,-6, NO_EVENT
4512,73576,73604,975,75,-51, NO_EVENT
4513,73654,73593,4486,203,78, NO_EVENT
4514,73585,73590,9744,295,-69, NO_EVENT
4515,73795,73628,15933,420,210, NO_EVENT
4516,73613,73648,6343,252,-182, NO_EVENT
4517,73591,73648,26147,536,-23, NO_EVENT
4518,73539,73596,15999,379,-29, NO_EVENT
4519,73587,73611,6364,234,48, NO_EVENT
4520,73646,73642,5399,209,59, NO_EVENT
4521,73652,73594,20813,433,6, NO_EVENT
4522,73539,73598,3807,196,-113, NO_EVENT
4523,73536,73604,15793,376,-3, NO_EVENT
4524,73519,73596,3602,170,-17, NO_EVENT
4525,73554,73618,10880,306,-61, NO_EVENT
4526,73607,73589,4150,178,83, NO_EVENT
4527,73559,73596,7568,239,-48, NO_EVENT
4528,73625,73600,3212,176,66, NO_EVENT
4529,73568,73572,3176,153,-57, NO_EVENT
4530,73645,73597,2435,134,77, NO_EVENT
4531,73525,73599,5572,218,-120, NO_EVENT
4532,73591,73551,9916,339,37, NO_EVENT
4533,73632,73546,7205,221,7, NO_EVENT
4534,73654,73553,7982,219,22, NO_EVENT
4535,73599,73634,6425,246,-55, NO_EVENT
4536,73617,73663,6021,226,18, NO_EVENT
4537,73619,73654,18865,421,2, NO_EVENT
4538,73462,73637,7423,272,-157, NO_EVENT
4539,73591,73587,3571,209,6, NO_EVENT
4540,73591,73673,4823,221,-116, NO_EVENT
4541,73605,73568,3017,155,14, NO_EVENT
4542,73619,73617,4981,216,14, NO_EVENT
4543,73622,73631,18205,424,3, NO_EVENT
4544,73615,73631,23995,466,-7, NO_EVENT
4545,73602,73670,10780,295,-13, NO_EVENT
4546,73540,73622,6012,226,-153, NO_EVENT
4547,73570,73648,15868,363,-116, NO_EVENT
4548,73534,73587,16814,398,-36, NO_EVENT
4549,73636,73648,8127,296,102, NO_EVENT
4550,73666,73633,4207,186,30, NO_EVENT
4551,73578,73671,2742,197,-88, NO_EVENT
4552,73565,73613,3523,164,-13, NO_EVENT
4553,73679,73657,17222,443,47, NO_EVENT
4554,73576,73625,15334,342,50, NO_EVENT
4555,73535,73609,2661,152,-41, NO_EVENT
4556,73597,73635,5485,259,62, NO_EVENT
4557,73609,73645,14493,358,12, NO_EVENT
4558,73759,73589,7012,265,150, NO_EVENT
4559,73465,73627,11513,299,-294, NO_EVENT
4560,73477,73608,6934,285,-165, NO_EVENT
4561,73649,73583,24362,524,90, NO_EVENT
4562,73722,73628,5192,227,73, NO_EVENT
4563,73740,73616,15880,375,18, NO_EVENT
4564,73706,73687,9162,315,-34, NO_EVENT
4565,73635,73661,8815,269,-71, NO_EVENT
4566,73589,73620,7856,287,-46, NO_EVENT
4567,73690,73618,12281,349,56, NO_EVENT
4568,73570,73633,1423,128,-62, NO_EVENT
4569,73606,73615,7421,268,36, NO_EVENT
4570,73717,73662,19869,431,111, NO_EVENT
4571,73613,73663,15953,401,-104, NO_EVENT
4572,73559,73627,9678,289,-54, NO_EVENT
4573,73499,73614,12875,320,-60, NO_EVENT
4574,73618,73636,18398,429,34, NO_EVENT
4575,73653,73634,953,83,1, NO_EVENT
4576,73699,73607,9672,304,46, NO_EVENT
4577,73568,73603,4968,215,-131, NO_EVENT
4578,73699,73647,3610,133,131, NO_EVENT
4579,73783,73575,15981,422,84, NO_EVENT
4580,73459,73617,11763,324,-324, NO_EVENT
4581,73536,73590,16372,415,-51, NO_EVENT
4582,73633,73665,12062,290,9, NO_EVENT
4583,73615,73692,3435,192,-18, NO_EVENT
4584,73683,73600,13487,347,68, NO_EVENT
4585,73666,73634,4928,173,-17, NO_EVENT
4586,73678,73577,3645,195,12, NO_EVENT
4587,73593,73665,7843,279,-85, NO_EVENT
4588,73768,73641,8089,230,175, NO_EVENT
4589,73508,73657,10945,323,-95, NO_EVENT
4590,73657,73567,6476,235,224, NO_EVENT
4591,73600,73638,10625,329,-57, NO_EVENT
4592,73685,73678,26639,502,85, NO_EVENT
4593,73583,73553,22075,396,-102, NO_EVENT
4594,73607,73607,13420,397,24, NO_EVENT
4595,73507,73606,14786,366,-100, NO_EVENT
4596,73562,73619,2977,145,-21, NO_EVENT
4597,73608,73590,3667,185,75, NO_EVENT
4598,73600,73654,6410,243,-8, NO_EVENT
4599,73615,73636,12303,326,15, NO_EVENT
4600,73706,73641,14302,314,91, NO_EVENT
4601,73717,73592,20187,429,11, NO_EVENT
4602,73615,73643,10046,293,-102, NO_EVENT
4603,73675,73648,6814,241,126, NO_EVENT
4604,73711,73583,2690,169,164, NO_EVENT
4605,73614,73602,7077,252,-97, NO_EVENT
4606,73627,73602,21932,421,13, NO_EVENT
4607,73578,73672,16269,345,-49, NO_EVENT
4608,73649,73578,19717,456,71, NO_EVENT
4609,73500,73601,10688,319,-149, NO_EVENT
4610,73587,73656,3290,181,-84, NO_EVENT
4611,73642,73681,5399,236,-46, NO_EVENT
4612,73563,73593,7509,252,-79, NO_EVENT
4613,73575,73600,1725,123,12, NO_EVENT
4614,73536,73626,9936,267,-39, NO_EVENT
4615,73546,73608,15273,385,10, NO_EVENT
4616,73553,73641,14605,357,7, NO_EVENT
4617,73537,73658,13509,372,-70, NO_EVENT
4618,73614,73622,5082,222,4, NO_EVENT
4619,73609,73616,17655,444,-5, NO_EVENT
4620,73608,73671,12287,340,-1, NO_EVENT
4621,73571,73586,8536,258,-37, NO_EVENT
4622,73635,73585,7796,273,64, NO_EVENT
4623,73661,73687,9451,292,26, NO_EVENT
4624,73622,73619,5844,254,-12, NO_EVENT
4625,73636,73588,4834,176,14, NO_EVENT
4626,73648,73627,2697,164,12, NO_EVENT
4627,73630,73619,17057,456,-18, NO_EVENT
4628,73583,73592,3173,163,-47, NO_EVENT
4629,73549,73636,8565,280,-34, NO_EVENT
4630,73561,73693,20084,407,12, NO_EVENT
4631,73613,73622,13024,393,-34, NO_EVENT
4632,73595,73701,7525,271,-97, NO_EVENT
4633,73619,73616,23914,468,24, NO_EVENT
4634,73602,73581,9229,272,-17, NO_EVENT
4635,73600,73614,5674,235,-2, NO_EVENT
4636,73817,73594,21604,464,217, NO_EVENT
4637,73451,73653,27608,464,-366, NO_EVENT
4638,73566,73670,10712,295,43, NO_EVENT
4639,73470,73585,7125,209,-207, NO_EVENT
4640,73628,73663,27074,559,158, NO_EVENT
4641,73618,73641,8759,268,-10, NO_EVENT
4642,73710,73575,9506,290,92, NO_EVENT
4643,73699,73613,8577,245,-11, NO_EVENT
4644,73449,73609,11029,295,-250, NO_EVENT
4645,73568,73602,1673,127,22, NO_EVENT
4646,73629,73645,8258,290,10, NO_EVENT
4647,73682,73660,10922,347,53, NO_EVENT
4648,73587,73562,3849,219,-95, NO_EVENT
4649,73519,73677,42313,619,-68, NO_EVENT
4650,73619,73621,16819,414,100, NO_EVENT
4651,73588,73634,14030,363,-31, NO_EVENT
4652,73501,73584,11760,339,-87, NO_EVENT
4653,73646,73661,28544,522,40, NO_EVENT
4654,73684,73558,7939,259,95, NO_EVENT
4655,73700,73633,17316,390,16, NO_EVENT
4656,73599,73660,17029,379,-101, NO_EVENT
4657,73683,73632,22606,477,84, NO_EVENT
4658,73615,73604,6170,209,-68, NO_EVENT
4659,73573,73620,4968,222,-42, NO_EVENT
4660,73590,73640,5758,214,-40, NO_EVENT
4661,73651,73585,4871,203,69, NO_EVENT
4662,73629,73615,8524,297,-22, NO_EVENT
4663,73521,73652,25738,485,-108, NO_EVENT
4664,73632,73621,3573,176,111, NO_EVENT
4665,73622,73593,17520,451,-10, NO_EVENT
4666,73613,73638,6959,252,-9, NO_EVENT
4667,73561,73609,5322,204,17, NO_EVENT
4668,73656,73595,5938,203,5, NO_EVENT
4669,73582,73615,5812,254,-74, NO_EVENT
4670,73604,73585,4788,223,22, NO_EVENT
4671,73635,73666,16654,392,31, NO_EVENT
4672,73565,73610,11909,302,-70, NO_EVENT
4673,73753,73625,17521,380,188, NO_EVENT
4674,73599,73654,12364,340,-61, NO_EVENT
4675,73619,73668,20232,379,75, NO_EVENT
4676,73559,73623,10929,331,-60, NO_EVENT
4677,73695,73619,21860,491,136, NO_EVENT
4678,73649,73575,9907,298,-46, NO_EVENT
4679,73636,73633,18492,413,-13, NO_EVENT
4680,73635,73653,1344,115,-1, NO_EVENT
4681,73620,73648,2420,160,-58, NO_EVENT
4682,73624,73626,260,48,-24, NO_EVENT
4683,73626,73682,10492,329,2, NO_EVENT
4684,73733,73677,14578,374,107, NO_EVENT
4685,73618,73634,14328,372,-115, NO_EVENT
4686,73653,73582,6514,242,35, NO_EVENT
4687,73691,73691,9794,300,38, NO_EVENT
4688,73555,73665,21568,446,22, NO_EVENT
4689,73724,73693,14067,332,119, NO_EVENT
4690,73760,73716,93406,957,36, NO_EVENT
4691,73713,73664,21716,446,-47, NO_EVENT
4692,73807,73731,10274,317,94, NO_EVENT
4693,73897,73800,20126,463,90, NO_EVENT
4694,73981,74002,24953,386,84, NO_EVENT
4695,76332,75349,517535,1687,1636, NO_EVENT
4696,80885,78631,1687165,4553,4553, NO_EVENT
4697,84074,82300,922444,3189,3189, NO_EVENT
4698,191982,133635,99979324,107908,107908, TOUCHED
4699,210775,211808,19698019,22512,18793, TOUCHED
4700,215749,212089,7226886,6435,1296, TOUCHED
4701,214373,213740,3271744,3840,-1376, TOUCHED
4702,95605,188616,19194643,118768,-118768, UNTOUCHED
4703,83127,87627,14769425,12478,-12478, NO_EVENT
4704,82237,83010,202170,1169,-890, NO_EVENT
4705,80469,81625,517125,1899,-1768, NO_EVENT
4706,78005,79602,973713,3033,-3033, NO_EVENT
4707,78183,78047,105835,1000,178, NO_EVENT
4708,78722,78439,581644,2266,-1185, NO_EVENT
4709,77227,77827,1377603,3431,-1495, NO_EVENT
4710,79261,78405,894446,2692,2034, NO_EVENT
4711,83516,82122,1867609,4255,4255, NO_EVENT
4712,178918,173757,46017750,32493,22697, TOUCHED
4713,158731,176019,28106024,21573,-20187, TOUCHED
4714,155963,161012,25112179,11566,-2768, TOUCHED
4715,82780,121213,23687048,73675,-73183, UNTOUCHED
4716,78132,80666,2114481,4648,-4648, NO_EVENT
4717,75612,77216,926455,2831,-2520, NO_EVENT
4718,75259,75774,204547,1105,-353, NO_EVENT
4719,74912,74909,34838,568,-255, NO_EVENT
4720,75264,75132,87126,943,291, NO_EVENT
4721,79359,76890,2744153,4099,4095, NO_EVENT
4722,78499,77800,844390,2788,-860, NO_EVENT
4723,81902,80429,1585454,3403,3403, NO_EVENT
4724,86561,83157,651203,4185,4185, NO_EVENT
4725,211221,135225,163722556,124660,124660, TOUCHED
4726,209069,208544,1107059,3604,-2152, TOUCHED
4727,199539,209405,4082107,10365,-9530, TOUCHED
4728,90059,130417,22036102,109480,-109480, UNTOUCHED
4729,83452,86399,4599144,6607,-6607, NO_EVENT
4730,82650,83224,70995,816,-802, NO_EVENT
4731,82243,82565,104708,909,-407, NO_EVENT
4732,82267,82182,15387,321,-41, NO_EVENT
4733,81770,82022,66770,640,-497, NO_EVENT
4734,82251,82028,47522,593,481, NO_EVENT
4735,82354,82137,41741,586,540, NO_EVENT
4736,82810,82408,46072,577,456, NO_EVENT
4737,122014,85116,57202817,39204,39204, TOUCHED
4738,204652,171388,79024523,82638,82638, TOUCHED
4739,211206,210102,17530342,9170,6554, TOUCHED
4740,92627,170573,57883237,118579,-118579, UNTOUCHED
4741,82843,84875,3302362,5143,-5143, NO_EVENT
4742,81686,82332,86299,1157,-1157, NO_EVENT
4743,79944,80821,457718,1756,-1742, NO_EVENT
4744,79080,79311,702134,2344,-1622, NO_EVENT
4745,77658,78561,276415,1422,-1422, NO_EVENT
4746,77555,78645,645866,2369,-843, NO_EVENT
4747,77635,78146,1055914,2475,80, NO_EVENT
4748,79175,78393,731052,2405,-126, NO_EVENT
4749,77826,78440,314732,1417,-1349, NO_EVENT
4750,81289,79208,1360010,3099,3099, NO_EVENT
4751,84188,82517,709926,2899,2899, NO_EVENT
4752,186860,136275,110317328,104593,102672, TOUCHED
4753,199884,196603,65550538,17409,13024, TOUCHED
4754,208406,197384,63812463,18700,8522, TOUCHED
4755,202051,202599,6616883,7330,-6355, TOUCHED
4756,200201,195514,8339037,9586,-1850, TOUCHED
4757,93369,179026,116940377,106832,-106832, UNTOUCHED
4758,84824,88515,5725611,8545,-8545, NO_EVENT
4759,82831,83403,368747,1993,-1993, NO_EVENT
4760,81913,82361,59900,918,-918, NO_EVENT
4761,81330,81333,291047,1471,-382, NO_EVENT
4762,80337,80614,306899,1385,-993, NO_EVENT
4763,81745,81085,276572,1517,1408, NO_EVENT
4764,84563,82741,262208,2343,2278, NO_EVENT
4765,191621,120290,83737611,107058,107058, TOUCHED
4766,189322,185002,41112154,13788,-2299, TOUCHED
4767,180287,184005,12146976,9035,-9035, TOUCHED
4768,193642,193864,169823,861,-683, TOUCHED
4769,188845,193967,10372435,8153,-4797, TOUCHED
4770,85847,108111,64377714,102998,-102998, UNTOUCHED
4771,83440,83793,589933,3074,-2407, NO_EVENT
4772,82197,82755,96190,1243,-1243, NO_EVENT
4773,82385,82269,94720,1011,-310, NO_EVENT
4774,82140,82143,32680,505,-245, NO_EVENT
4775,81905,82104,15321,352,-235, NO_EVENT
4776,83298,82553,32503,920,840, NO_EVENT
4777,85928,83461,546837,2956,2630, NO_EVENT
4778,185745,131076,115582092,99817,99817, TOUCHED
4779,197410,195079,21037062,9605,7451, TOUCHED
4780,201556,201060,6822964,6034,4146, TOUCHED
4781,201094,201926,542339,1641,-462, TOUCHED
4782,104988,173413,12641289,97282,-96106, TOUCHED
4783,88843,92324,8429016,8577,-8577, UNTOUCHED
4784,84699,86635,2444371,4530,-4144, NO_EVENT
4785,83090,83286,35848,558,-543, NO_EVENT
4786,82829,83023,107555,781,-261, NO_EVENT
4787,82250,82402,28392,579,-579, NO_EVENT
4788,81349,81712,141699,932,-901, NO_EVENT
4789,80091,80043,430938,1768,-399, NO_EVENT
4790,79542,79324,405849,1827,-549, NO_EVENT
4791,78858,78863,371608,1874,950, NO_EVENT
4792,79007,79129,163850,1076,149, NO_EVENT
4793,78552,78600,102492,1016,-455, NO_EVENT
4794,78818,79252,640397,2298,266, NO_EVENT
4795,78785,79066,842384,2537,-33, NO_EVENT
4796,78391,78661,209934,1405,-394, NO_EVENT
4797,78371,78804,311368,1684,-20, NO_EVENT
4798,77529,77503,881531,3038,-842, NO_EVENT
4799,76190,76682,460198,2102,-643, NO_EVENT
4800,76655,76216,266950,1423,465, NO_EVENT
4801,78630,77887,765941,2299,1975, NO_EVENT
4802,82157,80543,1572820,3527,3527, NO_EVENT
4803,219385,110134,65008921,135800,135800, TOUCHED
4804,218613,218654,445610,1393,-772, TOUCHED
4805,95088,196225,51211556,124545,-123525, UNTOUCHED
4806,83178,87086,18326438,11955,-11910, NO_EVENT
4807,79069,81445,1465625,4109,-4109, NO_EVENT
4808,77496,78699,623540,2369,-1573, NO_EVENT
4809,76991,78034,809196,2347,-505, NO_EVENT
4810,76809,78139,1290091,2934,-182, NO_EVENT
4811,78372,78028,253819,1719,1563, NO_EVENT
4812,80189,79697,205346,1218,45, NO_EVENT
4813,82043,81151,457948,1854,1854, NO_EVENT
4814,82486,82226,16502,443,443, NO_EVENT
4815,83204,83259,23818,430,62, NO_EVENT
4816,138630,111779,150549560,52801,52801, TOUCHED
4817,219371,219143,149674,784,-155, TOUCHED
4818,171721,211200,125470411,47650,-47650, TOUCHED
4819,84720,96787,160264282,87001,-87001, UNTOUCHED
4820,82923,83443,370334,1797,-1797, NO_EVENT
4821,82165,82635,255916,1430,-1430, NO_EVENT
4822,80622,81724,204332,1615,-1543, NO_EVENT
4823,79202,80260,382470,1669,-1420, NO_EVENT
4824,79116,79611,105881,1082,-1082, NO_EVENT
4825,79547,79341,33912,466,431, NO_EVENT
4826,81102,80309,607414,2286,1555, NO_EVENT
4827,82160,81753,219722,1190,1058, NO_EVENT
4828,86099,84025,2300056,3939,3939, NO_EVENT
4829,219509,177424,1489203,87349,87349, TOUCHED
4830,219558,219077,174985,882,49, TOUCHED
4831,95796,171999,57385004,123762,-123762, UNTOUCHED
4832,82925,86263,11882281,12871,-12871, NO_EVENT
4833,80916,81806,633266,2268,-1964, NO_EVENT
4834,79291,79473,559970,2033,-1625, NO_EVENT
4835,75405,76498,1114399,3886,-3886, NO_EVENT
4836,74027,74637,331637,1427,-1378, NO_EVENT
4837,73789,73905,42269,635,-238, NO_EVENT
4838,73745,73806,2712,137,9, NO_EVENT
4839,73483,73707,9533,350,-290, NO_EVENT
4840,73669,73746,22739,514,186, NO_EVENT
4841,73604,73712,5014,226,-65, NO_EVENT
4842,73638,73619,15288,397,34, NO_EVENT
4843,73531,73647,29036,551,-107, NO_EVENT
4844,73556,73575,14831,399,25, NO_EVENT
4845,73416,73601,19845,360,-270, NO_EVENT
4846,73526,73587,10859,300,-22, NO_EVENT
4847,73656,73601,19273,372,130, NO_EVENT
4848,73590,73662,10210,315,-66, NO_EVENT
4849,73613,73601,11210,308,23, NO_EVENT
4850,73554,73635,3902,195,-59, NO_EVENT
4851,73507,73591,3167,174,-47, NO_EVENT
4852,73450,73637,19967,418,-160, NO_EVENT
4853,73628,73564,3963,184,21, NO_EVENT
4854,73547,73602,7386,254,-81, NO_EVENT
4855,73668,73622,25853,475,121, NO_EVENT
4856,73619,73617,7275,241,-49, NO_EVENT
4857,73570,73587,2174,138,-49, NO_EVENT
4858,73692,73574,6217,231,122, NO_EVENT
4859,73574,73661,28257,493,-69, NO_EVENT
4860,73648,73659,3268,162,-15, NO_EVENT
4861,73740,73728,26321,507,92, NO_EVENT
4862,73832,73761,8601,279,92, NO_EVENT
4863,73875,73786,17318,409,43, NO_EVENT
4864,74399,74014,59200,653,524, NO_EVENT
4865,79428,76268,1916867,4703,4298, NO_EVENT
4866,83177,81593,1509387,3749,3749, NO_EVENT
4867,217462,158226,123744257,134285,134285, TOUCHED
4868,215834,216488,356595,1628,-1628, TOUCHED
4869,216556,216852,153185,1399,722, TOUCHED
4870,83620,128996,93072380,133871,-133871, UNTOUCHED
4871,81775,82648,772760,2462,-1845, NO_EVENT
4872,80212,80685,618131,2104,-1719, NO_EVENT
4873,78336,79075,339666,1876,-1876, NO_EVENT
4874,79189,79554,485456,1991,-1558, NO_EVENT
4875,79797,79055,334610,1577,608, NO_EVENT
4876,77242,78600,559828,2555,-2555, NO_EVENT
4877,78228,78637,573979,2375,986, NO_EVENT
4878,81770,80204,1132463,3542,3542, NO_EVENT
4879,87881,83209,2348089,6111,6111, NO_EVENT
4880,215818,158229,52276119,127937,127937, TOUCHED
4881,215682,216364,377122,1320,-136, TOUCHED
4882,216697,216711,568723,1721,1015, TOUCHED
4883,93033,188378,115982553,124722,-123664, UNTOUCHED
4884,83068,86279,9043715,9965,-9965, NO_EVENT
4885,81923,82976,667589,2254,-1145, NO_EVENT
4886,79746,81264,511086,2398,-2398, NO_EVENT
4887,78530,79444,327511,1906,-1216, NO_EVENT
4888,78681,78858,1349725,3376,375, NO_EVENT
4889,79516,78671,380061,1979,835, NO_EVENT
4890,81341,79682,806700,2670,2459, NO_EVENT
4891,84047,82396,830850,2706,2706, NO_EVENT
4892,153711,131791,40427045,110913,69664, TOUCHED
4893,215903,191575,96936665,63336,62192, TOUCHED
4894,100134,156328,141530345,115769,-115769, TOUCHED
4895,86567,90374,7970310,8519,-8519, UNTOUCHED
4896,83820,84106,1178390,2935,-2255, NO_EVENT
4897,82183,82866,326701,1637,-1637, NO_EVENT
4898,81748,81994,120671,891,-435, NO_EVENT
4899,80756,81364,130409,992,-992, NO_EVENT
4900,81270,81254,318206,1573,-527, NO_EVENT
4901,81832,81698,127603,951,562, NO_EVENT
4902,83329,82681,156366,1497,1497, NO_EVENT
4903,112854,94730,13949752,29359,29193, TOUCHED
4904,216808,199972,71301445,103954,103954, TOUCHED
4905,217320,216360,791086,1871,512, TOUCHED
4906,215554,215751,217088,1766,-1766, TOUCHED
4907,137611,196985,53398616,79422,-77943, TOUCHED
4908,84053,91313,116862229,53558,-53558, UNTOUCHED
4909,82727,83401,181103,1282,-917, NO_EVENT
4910,81867,82319,54431,772,-772, NO_EVENT
4911,80926,81358,266244,1512,-941, NO_EVENT
4912,79770,80641,394379,1919,-1156, NO_EVENT
4913,80711,80293,234135,1420,941, NO_EVENT
4914,82120,81566,218583,1409,1409, NO_EVENT
4915,83529,82958,300307,1457,1409, NO_EVENT
4916,217381,148461,112485421,129334,129334, TOUCHED
4917,217140,217069,85574,609,-241, TOUCHED
4918,216044,216981,120561,1096,-1096, TOUCHED
4919,216041,216214,31798,359,-3, TOUCHED
4920,208567,214971,10406938,8361,-7474, TOUCHED
4921,90127,133506,111846798,118440,-118440, UNTOUCHED
4922,83542,85627,4718683,6585,-6585, NO_EVENT
4923,82323,83062,582597,1988,-1957, NO_EVENT
4924,81468,81863,89808,855,-855, NO_EVENT
4925,80102,80478,227919,1688,-1366, NO_EVENT
4926,78685,79299,346267,1336,-1135, NO_EVENT
4927,76536,77840,375367,2149,-2149, NO_EVENT
4928,74741,75775,367449,1889,-1174, NO_EVENT
4929,74021,74575,156319,1180,-720, NO_EVENT
4930,73749,73907,85917,875,-272, NO_EVENT
4931,73783,73756,9222,315,34, NO_EVENT
4932,73795,73793,655,75,12, NO_EVENT
4933,73613,73740,19173,424,-79, NO_EVENT
4934,73533,73615,2768,174,-79, NO_EVENT
4935,73380,73601,23442,505,-153, NO_EVENT
4936,73751,73603,28649,535,371, NO_EVENT
4937,73653,73657,21826,388,-98, NO_EVENT
4938,73558,73596,40127,646,-95, NO_EVENT
4939,73539,73615,18741,406,-19, NO_EVENT
4940,73557,73594,7871,276,-76, NO_EVENT
4941,73534,73631,7504,288,-84, NO_EVENT
4942,73425,73543,22809,435,-109, NO_EVENT
4943,73596,73656,10117,375,171, NO_EVENT
4944,73601,73616,7929,288,5, NO_EVENT
4945,73651,73623,10900,318,50, NO_EVENT
4946,73815,73693,5192,211,164, NO_EVENT
4947,73614,73648,17978,401,-20, NO_EVENT
4948,73510,73583,7530,261,-91, NO_EVENT
4949,73579,73612,8460,297,69, NO_EVENT
4950,73503,73607,10729,331,-76, NO_EVENT
4951,73663,73663,21884,465,160, NO_EVENT
4952,73679,73614,15536,397,16, NO_EVENT
4953,73531,73643,8644,270,-148, NO_EVENT
4954,73624,73615,5503,229,-43, NO_EVENT
4955,73384,73590,9505,337,-243, NO_EVENT
4956,73366,73630,34335,626,-18, NO_EVENT
4957,73410,73555,24583,424,44, NO_EVENT
4958,73503,73595,24746,466,93, NO_EVENT
4959,73601,73632,8001,305,98, NO_EVENT
4960,73435,73644,27111,507,-166, NO_EVENT
4961,73604,73623,6108,228,-142, NO_EVENT
4962,73560,73627,2993,163,-68, NO_EVENT
4963,73533,73644,15889,387,-27, NO_EVENT
4964,73714,73649,18832,374,181, NO_EVENT
4965,73544,73667,15564,391,-170, NO_EVENT
4966,73598,73643,9788,310,54, NO_EVENT
4967,73562,73631,22561,490,-36, NO_EVENT
4968,73608,73584,5548,225,22, NO_EVENT
4969,73413,73636,12041,349,-203, NO_EVENT
4970,73606,73596,13799,338,64, NO_EVENT
4971,73589,73614,18046,427,-17, NO_EVENT
4972,73616,73683,17162,355,27, NO_EVENT
4973,73595,73655,9295,309,-21, NO_EVENT
4974,73692,73609,13873,392,97, NO_EVENT
4975,73424,73609,28678,486,-268, NO_EVENT
4976,73581,73626,3145,168,-8, NO_EVENT
4977,73599,73603,6111,217,-46, NO_EVENT
4978,73437,73640,33874,548,-162, NO_EVENT
4979,73702,73647,18477,491,265, NO_EVENT
4980,73608,73646,5701,236,-94, NO_EVENT
4981,73578,73637,4075,196,-30, NO_EVENT
4982,73464,73612,17618,437,-114, NO_EVENT
4983,73535,73630,7819,284,-57, NO_EVENT
4984,73423,73574,11905,329,-234, NO_EVENT
4985,73645,73665,15943,493,222, NO_EVENT
4986,73530,73597,4973,219,-115, NO_EVENT
4987,73443,73681,22425,512,-87, NO_EVENT
4988,73605,73592,18927,371,162, NO_EVENT
4989,73526,73580,1737,106,-79, NO_EVENT
4990,73625,73667,16669,395,-3, NO_EVENT
4991,73659,73655,16664,391,53, NO_EVENT
4992,73537,73633,15473,364,-122, NO_EVENT
4993,73571,73598,32837,610,34, NO_EVENT
4994,73598,73662,17474,352,27, NO_EVENT
4995,73617,73620,12075,365,19, NO_EVENT
4996,73490,73664,21334,444,-127, NO_EVENT
4997,73516,73639,4320,217,-99, NO_EVENT
4998,73664,73654,3243,177,100, NO_EVENT
4999,73715,73642,14650,344,51, NO_EVENT
5000,73778,73651,10765,265,63, NO_EVENT
5001,73580,73659,16633,403,-198, NO_EVENT
5002,73747,73653,14979,384,167, NO_EVENT
5003,73519,73664,20487,399,-228, NO_EVENT
5004,73679,73622,8738,305,16, NO_EVENT
5005,73649,73658,5413,243,20, NO_EVENT
5006,73641,73633,10451,356,-8, NO_EVENT
5007,73616,73614,12634,329,-25, NO_EVENT
5008,73648,73671,13098,352,32, NO_EVENT
5009,73588,73625,26058,548,-60, NO_EVENT
5010,73645,73668,3204,180,57, NO_EVENT
5011,73482,73655,14523,390,-136, NO_EVENT
5012,73530,73634,7837,253,13, NO_EVENT
5013,73493,73657,18186,411,-37, NO_EVENT
5014,73550,73566,29176,551,57, NO_EVENT
5015,73650,73637,15847,386,100, NO_EVENT
5016,73611,73678,17272,388,-39, NO_EVENT
5017,73542,73644,17311,362,-69, NO_EVENT
5018,73658,73666,3855,170,76, NO_EVENT
5019,73649,73669,7980,262,34, NO_EVENT
5020,73510,73668,20538,432,-139, NO_EVENT
5021,73548,73639,12069,352,38, NO_EVENT
5022,73571,73669,14079,382,23, NO_EVENT
5023,73617,73682,19087,414,46, NO_EVENT
5024,73495,73643,12578,332,-122, NO_EVENT
5025,73420,73616,25929,530,-208, NO_EVENT
5026,73651,73628,4081,195,58, NO_EVENT
5027,73626,73588,19628,464,-25, NO_EVENT
5028,73453,73650,11319,339,-173, NO_EVENT
5029,73564,73640,20723,482,111, NO_EVENT
5030,73595,73623,8550,289,31, NO_EVENT
5031,73587,73633,6809,220,-8, NO_EVENT
5032,73610,73621,5572,235,-47, NO_EVENT
5033,73612,73623,4294,176,18, NO_EVENT
5034,73485,73601,13675,362,-127, NO_EVENT
5035,73587,73667,21925,445,102, NO_EVENT
5036,73705,73583,15535,364,118, NO_EVENT
5037,73600,73623,6284,227,-105, NO_EVENT
5038,73539,73646,20234,426,-61, NO_EVENT
5039,73470,73650,23301,505,-132, NO_EVENT
5040,73523,73603,38556,616,-54, NO_EVENT
5041,73589,73638,4899,216,-48, NO_EVENT
5042,73495,73647,12230,341,-94, NO_EVENT
5043,73680,73651,16861,435,185, NO_EVENT
5044,73530,73615,12449,332,-150, NO_EVENT
5045,73707,73678,21027,465,177, NO_EVENT
5046,73545,73650,7212,259,-162, NO_EVENT
5047,73575,73610,1714,119,-74, NO_EVENT
5048,73488,73576,6757,238,-109, NO_EVENT
5049,73572,73672,16283,424,84, NO_EVENT
5050,73641,73633,12783,357,69, NO_EVENT
5051,73608,73673,21929,437,-33, NO_EVENT
5052,73700,73657,10405,316,92, NO_EVENT
5053,73452,73677,16143,425,-248, NO_EVENT
5054,73720,73710,13605,337,16, NO_EVENT
5055,73603,73630,1130,100,-40, NO_EVENT
5056,73547,73632,16286,336,-56, NO_EVENT
5057,73536,73599,13202,366,-11, NO_EVENT
5058,73639,73650,11621,320,103, NO_EVENT
5059,73575,73618,12180,366,-64, NO_EVENT
5060,73629,73632,8213,275,54, NO_EVENT
5061,73499,73628,10544,318,-68, NO_EVENT
5062,73491,73570,7250,222,-177, NO_EVENT
5063,73462,73640,11474,373,-29, NO_EVENT
5064,73656,73623,15526,412,194, NO_EVENT
5065,73547,73677,14975,379,-109, NO_EVENT
5066,73670,73599,10515,321,123, NO_EVENT
5067,73661,73650,24101,526,-9, NO_EVENT
5068,73538,73595,7373,239,-143, NO_EVENT
5069,73815,73649,14863,336,205, NO_EVENT
5070,73500,73612,15897,370,-315, NO_EVENT
5071,73543,73621,17399,421,43, NO_EVENT
5072,73672,73667,19250,398,129, NO_EVENT
5073,73634,73648,13624,349,-38, NO_EVENT
5074,73514,73664,13399,387,-120, NO_EVENT
5075,73575,73623,12439,370,-122, NO_EVENT
5076,73488,73619,18470,423,-101, NO_EVENT
5077,73468,73624,17481,436,-20, NO_EVENT
5078,73405,73592,28772,506,-63, NO_EVENT
5079,73567,73593,18217,408,162, NO_EVENT
5080,73591,73655,6820,223,24, NO_EVENT
5081,73578,73626,15075,373,-13, NO_EVENT
5082,73548,73666,17447,402,-75, NO_EVENT
5083,73586,73633,31906,622,-63, NO_EVENT
5084,73643,73644,8150,313,57, NO_EVENT
5085,73711,73633,12094,349,68, NO_EVENT
5086,73541,73700,7683,313,-170, NO_EVENT
5087,73509,73613,21234,484,-32, NO_EVENT
5088,73511,73610,17213,344,2, NO_EVENT
5089,73461,73637,16609,439,-149, NO_EVENT
5090,73495,73634,9531,305,-220, NO_EVENT
5091,73481,73643,11138,352,-14, NO_EVENT
5092,73493,73585,25794,476,12, NO_EVENT
5093,73560,73628,22210,457,67, NO_EVENT
5094,73695,73627,10990,330,135, NO_EVENT
5095,73608,73678,19158,374,-87, NO_EVENT
5096,73383,73570,16519,359,-149, NO_EVENT
5097,73503,73606,6811,247,-120, NO_EVENT
5098,73401,73592,13809,388,-102, NO_EVENT
5099,73592,73615,35636,612,191, NO_EVENT
5100,73526,73655,23080,482,-66, NO_EVENT
5101,73390,73597,18987,487,-136, NO_EVENT
5102,73591,73628,40998,661,201, NO_EVENT
5103,73600,73644,7793,282,1, NO_EVENT
5104,73592,73657,4803,159,7, NO_EVENT
5105,73531,73587,13460,377,-61, NO_EVENT
5106,73557,73653,14186,355,26, NO_EVENT
5107,73487,73585,18685,454,-70, NO_EVENT
5108,73436,73643,36191,517,-51, NO_EVENT
5109,73563,73608,10084,330,127, NO_EVENT
5110,73639,73648,7210,249,76, NO_EVENT
5111,73546,73647,21713,427,-35, NO_EVENT
5112,73585,73621,3896,186,-30, NO_EVENT
5113,73572,73650,16685,388,-13, NO_EVENT
5114,73769,73644,22049,497,197, NO_EVENT
5115,73396,73660,10332,391,-373, NO_EVENT
5116,73601,73582,17318,398,205, NO_EVENT
5117,73629,73654,8475,283,28, NO_EVENT
5118,73459,73647,55627,653,-92, NO_EVENT
5119,73514,73572,10184,279,-80, NO_EVENT
5120,73531,73606,7719,271,17, NO_EVENT
5121,73593,73652,12964,358,62, NO_EVENT
5122,73453,73667,22760,495,-140, NO_EVENT
5123,73499,73617,16761,373,46, NO_EVENT
5124,73640,73626,13191,352,141, NO_EVENT
5125,73563,73641,22665,481,-63, NO_EVENT
5126,73588,73637,1513,114,-60, NO_EVENT
5127,73489,73583,15998,415,-99, NO_EVENT
5128,73397,73574,10113,352,-92, NO_EVENT
5129,73651,73600,43825,603,254, NO_EVENT
5130,73665,73659,22064,515,14, NO_EVENT
5131,73594,73690,10970,300,-71, NO_EVENT
5132,73622,73694,5435,195,-48, NO_EVENT
5133,73691,73598,8635,265,95, NO_EVENT
5134,73618,73569,19250,468,-73, NO_EVENT
5135,73536,73618,22566,464,-82, NO_EVENT
5136,73627,73668,15813,368,91, NO_EVENT
5137,73560,73613,27141,490,-67, NO_EVENT
5138,73529,73639,9296,284,-31, NO_EVENT
5139,73773,73692,17670,385,117, NO_EVENT
5140,73577,73653,12837,317,30, NO_EVENT
5141,73532,73587,10884,337,-45, NO_EVENT
5142,73526,73680,26429,441,-6, NO_EVENT
5143,73464,73694,46329,645,-62, NO_EVENT
5144,73638,73604,14454,380,174, NO_EVENT
5145,73681,73674,19826,390,43, NO_EVENT
5146,73570,73670,13233,349,-39, NO_EVENT
5147,73473,73590,5552,245,-150, NO_EVENT
5148,73514,73675,25467,519,41, NO_EVENT
5149,73595,73672,19232,445,81, NO_EVENT
5150,73627,73678,19118,438,32, NO_EVENT
5151,73668,73659,20900,473,41, NO_EVENT
5152,73610,73699,30568,485,-58, NO_EVENT
5153,73652,73650,4359,215,-36, NO_EVENT
5154,73494,73623,8810,318,-118, NO_EVENT
5155,73623,73660,15272,334,129, NO_EVENT
5156,73630,73630,28197,467,7, NO_EVENT
5157,73604,73672,14441,332,-26, NO_EVENT
5158,73729,73593,26023,472,125, NO_EVENT
5159,73701,73745,39293,579,-28, NO_EVENT
5160,73614,73672,18314,435,5, NO_EVENT
5161,73695,73712,11501,350,-49, NO_EVENT
5162,73629,73692,19563,451,-66, NO_EVENT
5163,73678,73611,22732,428,49, NO_EVENT
5164,73506,73664,14271,378,-172, NO_EVENT
5165,73564,73729,25298,527,58, NO_EVENT
5166,73516,73568,13063,364,-48, NO_EVENT
5167,73711,73705,5707,231,81, NO_EVENT
5168,73737,73742,17083,413,93, NO_EVENT
5169,73690,73730,27148,495,-47, NO_EVENT
5170,73670,73693,29741,564,-20, NO_EVENT
5171,73864,73782,20213,442,194, NO_EVENT
5172,73551,73743,17392,389,-313, NO_EVENT
5173,73556,73721,25327,477,5, NO_EVENT
5174,73568,73781,22387,462,-253, NO_EVENT
5175,73681,73699,5692,248,3, NO_EVENT
5176,73718,73786,7023,210,37, NO_EVENT
5177,73456,73663,29241,562,-262, NO_EVENT
5178,73716,73798,46663,777,260, NO_EVENT
5179,73688,73732,16273,422,-28, NO_EVENT
5180,73601,73701,19952,412,-87, NO_EVENT
5181,73775,73774,8972,270,102, NO_EVENT
5182,73744,73784,1231,102,-31, NO_EVENT
5183,73820,73807,19120,389,76, NO_EVENT
5184,73673,73813,8187,294,-147, NO_EVENT
5185,73752,73785,21060,469,79, NO_EVENT
5186,73821,73818,4847,203,69, NO_EVENT
5187,73654,73771,10446,290,-168, NO_EVENT
5188,73740,73769,5551,204,-42, NO_EVENT
5189,73875,73856,24007,459,135, NO_EVENT
5190,73924,73835,9325,281,49, NO_EVENT
5191,73827,73889,34282,516,-97, NO_EVENT
5192,73657,73790,13312,340,-170, NO_EVENT
5193,73949,73867,28743,514,292, NO_EVENT
5194,73771,73821,2673,150,21, NO_EVENT
5195,74005,73922,6544,234,234, NO_EVENT
5196,73844,74036,17027,399,-161, NO_EVENT
5197,73854,73894,10872,296,10, NO_EVENT
5198,73920,74030,11416,352,66, NO_EVENT
5199,73884,74033,14834,288,-36, NO_EVENT
5200,73983,74220,53980,662,-105, NO_EVENT
5201,74470,74267,18320,487,487, NO_EVENT
5202,74825,74569,32758,486,355, NO_EVENT
5203,74697,74627,41073,602,-128, NO_EVENT
5204,74424,74661,62767,762,-273, NO_EVENT
5205,74540,74760,44621,526,-106, NO_EVENT
5206,74855,74754,42463,672,315, NO_EVENT
5207,74538,74863,23878,553,-317, NO_EVENT
5208,74922,74662,55569,727,384, NO_EVENT
5209,74290,74514,27839,448,-190, NO_EVENT
5210,74281,74445,39743,642,-246, NO_EVENT
5211,74171,74195,24068,452,-110, NO_EVENT
5212,74112,74208,42885,627,-59, NO_EVENT
5213,74192,74002,34931,492,80, NO_EVENT
5214,73949,74042,15679,321,-243, NO_EVENT
5215,74073,74024,2966,150,45, NO_EVENT
5216,73736,73880,26112,502,-337, NO_EVENT
5217,73897,73894,13113,340,161, NO_EVENT
5218,73815,73900,24600,450,-82, NO_EVENT
5219,73782,73845,24386,493,-33, NO_EVENT
5220,73728,73819,16684,381,-54, NO_EVENT
5221,73762,73797,9411,288,83, NO_EVENT
5222,73678,73768,4037,173,-125, NO_EVENT
5223,73825,73831,33060,498,147, NO_EVENT
5224,73964,73852,12190,304,139, NO_EVENT
5225,73848,73925,12883,345,-116, NO_EVENT
5226,73825,73831,15516,360,-23, NO_EVENT
5227,73911,73808,22442,464,280, NO_EVENT
5228,73698,73823,4723,206,-136, NO_EVENT
5229,73848,73811,8999,271,150, NO_EVENT
5230,73860,73860,15505,423,12, NO_EVENT
5231,73858,73838,10947,306,-2, NO_EVENT
5232,73818,73826,19639,425,-40, NO_EVENT
5233,73862,73810,16123,366,44, NO_EVENT
5234,73845,73847,28243,475,59, NO_EVENT
5235,73794,73784,4221,183,52, NO_EVENT
5236,73563,73802,49065,669,-231, NO_EVENT
5237,73944,73832,17187,499,381, NO_EVENT
5238,73554,73775,36928,592,-390, NO_EVENT
5239,73762,73797,28608,548,208, NO_EVENT
5240,73887,73788,24941,476,271, NO_EVENT
5241,73603,73795,21043,479,-135, NO_EVENT
5242,73844,73799,19905,428,241, NO_EVENT
5243,73987,73809,37755,534,143, NO_EVENT
5244,73771,73883,24588,430,-216, NO_EVENT
5245,73732,73752,11148,310,-39, NO_EVENT
5246,73739,73786,4205,154,7, NO_EVENT
5247,73788,73779,22430,454,81, NO_EVENT
5248,73530,73688,8395,274,-274, NO_EVENT
5249,73701,73811,13774,481,171, NO_EVENT
5250,73606,73761,29414,547,-95, NO_EVENT
5251,73669,73849,27097,479,63, NO_EVENT
5252,73809,73749,3436,142,140, NO_EVENT
5253,73815,73771,19500,449,157, NO_EVENT
5254,73750,73849,6777,249,-23, NO_EVENT
5255,73596,73770,11996,375,-154, NO_EVENT
5256,73601,73750,10899,360,5, NO_EVENT
5257,73677,73799,20347,474,76, NO_EVENT
5258,73492,73736,8987,376,-185, NO_EVENT
5259,73744,73693,30963,567,252, NO_EVENT
5260,73649,73740,25588,534,135, NO_EVENT
5261,73812,73753,4023,181,39, NO_EVENT
5262,73787,73841,7141,249,-25, NO_EVENT
5263,73670,73774,26199,483,-117, NO_EVENT
5264,73504,73779,35137,669,-166, NO_EVENT
5265,73739,73740,16496,444,235, NO_EVENT
5266,73652,73740,15286,376,-87, NO_EVENT
5267,73755,73738,20098,420,171, NO_EVENT
5268,73656,73756,6992,258,-99, NO_EVENT
5269,73704,73781,36294,587,48, NO_EVENT
5270,73692,73822,27873,495,-12, NO_EVENT
5271,73633,73806,17093,367,-59, NO_EVENT
5272,73614,73830,37804,551,-19, NO_EVENT
5273,73694,73759,9210,301,-128, NO_EVENT
5274,73712,73823,4097,232,-119, NO_EVENT
5275,73881,73775,30236,544,169, NO_EVENT
5276,73585,73769,27630,541,-296, NO_EVENT
5277,73705,73766,32389,513,120, NO_EVENT
5278,73762,73756,9017,269,57, NO_EVENT
5279,73767,73801,22205,496,5, NO_EVENT
5280,73613,73808,17069,390,-125, NO_EVENT
5281,73702,73793,4373,213,-66, NO_EVENT
5282,73648,73880,20585,431,-54, NO_EVENT
5283,73712,73800,21467,453,64, NO_EVENT
5284,73796,73765,14012,379,84, NO_EVENT
5285,73731,73800,16018,362,-65, NO_EVENT
5286,73773,73779,39124,659,64, NO_EVENT
5287,73784,73802,6751,261,-4, NO_EVENT
5288,73850,73804,19508,489,66, NO_EVENT
5289,73691,73780,11835,324,-159, NO_EVENT
5290,73757,73791,16596,367,66, NO_EVENT
5291,73668,73825,21675,486,-89, NO_EVENT
5292,73908,73812,13249,353,240, NO_EVENT
5293,73824,73816,15621,336,101, NO_EVENT
5294,73862,73800,5338,201,139, NO_EVENT
5295,73680,73821,40228,606,-182, NO_EVENT
5296,73803,73798,13673,390,123, NO_EVENT
5297,73759,73814,16084,385,-44, NO_EVENT
5298,73839,73805,10118,265,80, NO_EVENT
5299,73774,73840,16296,416,133, NO_EVENT
5300,73810,73850,8154,259,111, NO_EVENT
5301,73837,73868,23748,486,27, NO_EVENT
5302,73784,73815,20223,496,-53, NO_EVENT
5303,74073,73908,30480,456,289, NO_EVENT
5304,73818,73871,20921,413,-255, NO_EVENT
5305,73850,73892,10924,313,32, NO_EVENT
5306,73671,73898,16094,394,-249, NO_EVENT
5307,73998,73930,31728,496,327, NO_EVENT
5308,74015,73904,29063,511,17, NO_EVENT
5309,73986,73926,19346,422,-29, NO_EVENT
5310,74010,74066,5731,221,24, NO_EVENT
5311,73998,74090,13509,346,-12, NO_EVENT
5312,73919,74130,45317,532,66, NO_EVENT
5313,74444,74366,16224,632,525, NO_EVENT
5314,74320,74469,21083,421,-124, NO_EVENT
5315,74695,74738,66875,809,375, NO_EVENT
5316,74906,74880,63941,802,211, NO_EVENT
5317,75268,75307,15550,348,126, NO_EVENT
5318,75189,75437,34971,502,-79, NO_EVENT
5319,75421,75491,36681,528,232, NO_EVENT
5320,75545,75640,23950,522,124, NO_EVENT
5321,75639,75902,24105,612,94, NO_EVENT
5322,75454,75803,35326,718,-185, NO_EVENT
5323,76222,75906,84384,815,768, NO_EVENT
5324,76261,75857,60725,670,613, NO_EVENT
5325,75786,76340,273918,1249,-475, NO_EVENT
5326,76018,76173,37904,611,232, NO_EVENT
5327,76308,76275,205791,1274,754, NO_EVENT
5328,76251,76284,71083,883,-57, NO_EVENT
5329,76032,76215,276656,1608,-219, NO_EVENT
5330,75713,76128,69794,850,-565, NO_EVENT
5331,76400,76258,46089,747,687, NO_EVENT
5332,76419,76392,53666,656,19, NO_EVENT
5333,76125,76099,59813,641,381, NO_EVENT
5334,76153,76336,9829,338,28, NO_EVENT
5335,76275,76317,49567,693,122, NO_EVENT
5336,75887,76386,297128,1685,-268, NO_EVENT
5337,76613,76271,114595,1085,726, NO_EVENT
5338,75994,76097,119037,1084,-619, NO_EVENT
5339,76205,76146,168170,1191,350, NO_EVENT
5340,75935,76197,226385,1392,-270, NO_EVENT
5341,76420,76071,113172,949,485, NO_EVENT
5342,75682,75806,38097,577,-252, NO_EVENT
5343,75396,75976,81243,1013,-286, NO_EVENT
5344,75559,75570,62707,826,163, NO_EVENT
5345,75129,75558,70813,907,-430, NO_EVENT
5346,75196,75457,21940,528,-312, NO_EVENT
5347,74900,75288,33457,670,-296, NO_EVENT
5348,75435,75182,66332,706,535, NO_EVENT
5349,75458,75103,34172,550,550, NO_EVENT
5350,74800,74896,31414,812,-658, NO_EVENT
5351,74851,74717,35446,452,51, NO_EVENT
5352,74655,74587,31653,454,-196, NO_EVENT
5353,74218,74444,30861,495,-437, NO_EVENT
5354,74387,74480,81523,864,-72, NO_EVENT
5355,74106,74325,20742,499,-281, NO_EVENT
5356,73972,74092,42136,622,-134, NO_EVENT
5357,73879,74085,23719,458,-93, NO_EVENT
5358,74234,74081,76903,784,355, NO_EVENT
5359,73973,73907,20038,421,90, NO_EVENT
5360,73821,73980,22204,421,-72, NO_EVENT
5361,73865,73906,19287,415,44, NO_EVENT
5362,73749,73869,28963,491,-116, NO_EVENT
5363,73962,73798,35333,573,213, NO_EVENT
5364,73959,73891,16509,394,-3, NO_EVENT
5365,73898,73871,20224,462,131, NO_EVENT
5366,73863,73869,20773,428,62, NO_EVENT
5367,73722,73909,26426,402,-141, NO_EVENT
5368,73778,73786,20500,437,56, NO_EVENT
5369,73927,73812,17132,415,149, NO_EVENT
5370,73948,73917,39729,627,21, NO_EVENT
5371,73850,73832,16011,353,-98, NO_EVENT
5372,73950,73855,17853,351,209, NO_EVENT
5373,73758,73825,10570,349,-52, NO_EVENT
5374,73537,73831,32655,598,-221, NO_EVENT
5375,73829,73879,40525,739,292, NO_EVENT
5376,73904,73875,15611,386,75, NO_EVENT
5377,73955,73957,16125,384,51, NO_EVENT
5378,73839,73831,7533,305,29, NO_EVENT
5379,73855,73846,15442,392,169, NO_EVENT
5380,73972,73832,23363,506,117, NO_EVENT
5381,73848,73898,20988,428,-124, NO_EVENT
5382,73764,73931,26510,489,-84, NO_EVENT
5383,73700,73823,30282,486,-64, NO_EVENT
5384,73887,73840,8811,303,58, NO_EVENT
5385,73867,73900,12458,323,-31, NO_EVENT
5386,73582,73839,18494,499,-285, NO_EVENT
5387,73744,73811,20306,520,162, NO_EVENT
5388,73726,73796,12484,350,-18, NO_EVENT
5389,73690,73891,33342,527,-36, NO_EVENT
5390,73792,73872,21229,427,102, NO_EVENT
5391,73828,73812,11369,303,179, NO_EVENT
5392,73726,73807,3993,165,-129, NO_EVENT
5393,73926,73836,26146,510,200, NO_EVENT
5394,73596,73848,14132,448,-330, NO_EVENT
5395,73731,73816,42454,670,135, NO_EVENT
5396,73832,73845,13629,356,101, NO_EVENT
5397,73847,73832,6209,254,1, NO_EVENT
5398,73739,73792,20753,434,72, NO_EVENT
5399,73665,73817,16157,376,-74, NO_EVENT
5400,73792,73764,9369,289,127, NO_EVENT
5401,73610,73834,16402,434,-182, NO_EVENT
5402,73775,73759,16269,405,165, NO_EVENT
5403,73771,73857,16170,370,-4, NO_EVENT
5404,73681,73763,11648,326,-133, NO_EVENT
5405,73747,73758,4877,201,55, NO_EVENT
5406,73715,73836,31505,464,-32, NO_EVENT
5407,73853,73790,12324,336,138, NO_EVENT
5408,73781,73739,62758,780,-72, NO_EVENT
5409,73807,73755,13319,380,26, NO_EVENT
5410,73727,73795,15494,369,43, NO_EVENT
5411,73877,73794,16892,408,142, NO_EVENT
5412,73815,73810,51605,664,-62, NO_EVENT
5413,73613,73822,42083,640,-202, NO_EVENT
5414,73641,73764,18272,440,28, NO_EVENT
5415,73823,73781,35895,614,182, NO_EVENT
5416,73706,73764,42504,599,-117, NO_EVENT
5417,73926,73837,13661,357,134, NO_EVENT
5418,73602,73833,18364,352,-284, NO_EVENT
5419,73823,73845,7300,369,221, NO_EVENT
5420,73698,73796,17464,406,-125, NO_EVENT
5421,73639,73891,51826,683,-59, NO_EVENT
5422,73817,73821,8284,324,178, NO_EVENT
5423,73904,73873,27486,508,99, NO_EVENT
5424,73651,73854,24656,414,-121, NO_EVENT
5425,73884,73869,3000,274,233, NO_EVENT
5426,73981,73839,21243,400,97, NO_EVENT
5427,73869,74037,34073,521,-112, NO_EVENT
5428,74466,74200,45617,597,597, NO_EVENT
5429,75306,74807,146293,1269,1269, NO_EVENT
5430,79301,76470,997928,3782,3782, NO_EVENT
5431,82164,80837,1121893,2863,2863, NO_EVENT
5432,168361,104044,26431281,86197,86197, TOUCHED
5433,163263,166614,4446833,5098,-5098, TOUCHED
5434,166512,161875,14219915,8991,3249, TOUCHED
5435,163080,160793,9334055,9366,-3432, TOUCHED
5436,166410,164537,1834708,3330,3330, TOUCHED
5437,133878,162133,90208591,34779,-32532, TOUCHED
5438,83875,96921,100723729,50003,-50003, UNTOUCHED
5439,82242,83511,490544,2052,-1633, NO_EVENT
5440,81482,81935,209739,1358,-760, NO_EVENT
5441,78515,80033,502731,2967,-2967, NO_EVENT
5442,79415,79426,403128,2138,900, NO_EVENT
5443,80345,79192,616760,2145,930, NO_EVENT
5444,78759,79061,239178,1344,-810, NO_EVENT
5445,79813,79332,752993,2397,1054, NO_EVENT
5446,79629,79897,40379,572,-300, NO_EVENT
5447,79771,80100,148181,1145,142, NO_EVENT
5448,79607,79629,191357,1234,-352, NO_EVENT
5449,80823,79738,341404,1800,1216, NO_EVENT
5450,79373,80021,80487,1450,-1450, NO_EVENT
5451,79203,79464,441532,2294,-170, NO_EVENT
5452,79294,79041,598561,2310,91, NO_EVENT
5453,78098,78975,483623,1858,-1355, NO_EVENT
5454,75686,76742,199198,2412,-2412, NO_EVENT
5455,75284,75893,157117,1283,-402, NO_EVENT
5456,75102,75420,48466,591,-534, NO_EVENT
5457,74736,75056,80991,833,-366, NO_EVENT
5458,74618,74699,87491,839,-118, NO_EVENT
5459,74605,74599,10461,269,-13, NO_EVENT
5460,74916,74739,14742,363,246, NO_EVENT
5461,74540,74742,42014,614,-376, NO_EVENT
5462,74724,74992,51424,725,184, NO_EVENT
5463,75350,75184,42810,636,626, NO_EVENT
5464,77652,76498,270089,1774,1774, NO_EVENT
5465,80803,79624,1161438,3151,3151, NO_EVENT
5466,172442,106387,105671753,90478,90478, TOUCHED
5467,165953,166221,10460861,9392,-6489, TOUCHED
5468,155309,160500,15802277,10644,-10644, TOUCHED
5469,107228,139091,7695971,53036,-48081, TOUCHED
5470,83093,86035,23332929,24135,-24135, UNTOUCHED
5471,80874,81948,182527,1536,-1402, NO_EVENT
5472,78732,79947,1297534,2587,-2142, NO_EVENT
5473,76532,77348,961648,2601,-2200, NO_EVENT
5474,75370,75777,122679,1162,-1162, NO_EVENT
5475,74992,75350,78932,856,-448, NO_EVENT
5476,74638,74942,82893,781,-354, NO_EVENT
5477,74591,74738,58923,760,-47, NO_EVENT
5478,74539,74543,11147,343,-52, NO_EVENT
5479,74225,74550,52055,769,-314, NO_EVENT
5480,74664,74492,166462,1255,566, NO_EVENT
5481,74421,74482,52014,611,-243, NO_EVENT
5482,74717,74685,34815,620,296, NO_EVENT
5483,74527,74784,64582,755,-190, NO_EVENT
5484,74934,74740,22967,438,194, NO_EVENT
5485,75021,75069,35453,432,109, NO_EVENT
5486,75351,75060,57322,641,330, NO_EVENT
5487,75162,75224,91584,991,-189, NO_EVENT
5488,75526,75289,27880,483,364, NO_EVENT
5489,75883,75633,52862,650,425, NO_EVENT
5490,77546,76653,123866,1663,1663, NO_EVENT
5491,79324,78787,555327,2355,1778, NO_EVENT
5492,82485,81260,764317,3161,3161, NO_EVENT
5493,181726,128528,141373393,97893,97893, TOUCHED
5494,176994,182586,3928685,7273,-4732, TOUCHED
5495,180575,179520,3011898,3809,3581, TOUCHED
5496,83609,101142,56976690,96966,-96966, UNTOUCHED
5497,81583,82629,391762,1949,-1949, NO_EVENT
5498,80156,81172,239591,1618,-1427, NO_EVENT
5499,78020,79289,595618,2294,-2136, NO_EVENT
5500,77236,77514,102671,867,-409, NO_EVENT
5501,76600,77406,317186,1910,-636, NO_EVENT
5502,77604,77001,352497,1566,1004, NO_EVENT
5503,76930,77334,216605,1432,-674, NO_EVENT
5504,79109,77674,650165,2179,2179, NO_EVENT
5505,77685,77471,443076,1937,-682, NO_EVENT
5506,76235,77243,163179,1638,-1450, NO_EVENT
5507,77450,77006,291496,1506,1215, NO_EVENT
5508,77348,77485,778116,2497,-102, NO_EVENT
5509,78348,77818,622357,2426,1000, NO_EVENT
5510,79856,78900,944030,2746,1297, NO_EVENT
5511,81119,80532,478428,2049,1263, NO_EVENT
5512,82786,82244,143908,1667,1667, NO_EVENT
5513,173686,104813,166254913,89876,89876, TOUCHED
5514,168406,172863,1396750,5301,-5280, TOUCHED
5515,173239,172173,6918416,6036,4833, TOUCHED
5516,172101,173566,1109110,2708,-1138, TOUCHED
5517,83773,106536,131812007,88328,-88328, UNTOUCHED
5518,82734,83817,219547,1579,-1039, NO_EVENT
5519,82292,82533,90238,901,-442, NO_EVENT
5520,81817,81973,61532,616,-475, NO_EVENT
5521,79977,80979,196158,1436,-1395, NO_EVENT
5522,79799,80148,123036,877,-178, NO_EVENT
5523,78216,79068,652972,1747,-1583, NO_EVENT
5524,77098,77722,657461,2260,-1118, NO_EVENT
5525,75980,76303,27432,552,-552, NO_EVENT
5526,75324,75829,58144,987,-656, NO_EVENT
5527,75381,75392,100608,952,57, NO_EVENT
5528,75042,75201,83169,845,261, NO_EVENT
5529,75186,75177,14806,342,144, NO_EVENT
5530,75881,75520,38887,695,695, NO_EVENT
5531,78747,76666,872978,2866,2866, NO_EVENT
5532,82189,79683,1544995,4493,3442, NO_EVENT
5533,173204,117788,88431914,91015,91015, TOUCHED
5534,172272,169492,14436731,8346,-932, TOUCHED
5535,172522,171531,842718,2186,2186, TOUCHED
5536,117437,161520,142625580,55991,-55085, TOUCHED
5537,82037,84099,4436410,6105,-6105, UNTOUCHED
5538,79689,81333,716787,2525,-2348, NO_EVENT
5539,76525,78244,488470,3164,-3164, NO_EVENT
5540,75419,75829,330568,1534,-1106, NO_EVENT
5541,74538,74652,35377,440,-241, NO_EVENT
5542,73997,74401,84175,859,-541, NO_EVENT
5543,74094,74136,4905,232,97, NO_EVENT
5544,74266,74075,15752,340,172, NO_EVENT
5545,73953,74136,20403,356,-313, NO_EVENT
5546,74106,74064,33650,551,161, NO_EVENT
5547,73999,73948,16573,413,-107, NO_EVENT
5548,74122,74052,47031,670,123, NO_EVENT
5549,74123,74144,41676,652,1, NO_EVENT
5550,74879,74630,43781,756,756, NO_EVENT
5551,77093,75742,672886,2517,2517, NO_EVENT
5552,82266,80123,1781838,5173,5173, NO_EVENT
5553,158044,115968,48750517,74766,74766, TOUCHED
5554,143258,149635,39964550,15466,-14786, TOUCHED
5555,142455,149045,19303029,10994,-803, TOUCHED
5556,86729,104560,117832619,55726,-55726, UNTOUCHED
5557,82770,84080,1627787,3959,-3959, NO_EVENT
5558,82250,82280,64551,836,-520, NO_EVENT
5559,80638,81332,338731,1612,-1612, NO_EVENT
5560,80072,80488,191158,1221,-66, NO_EVENT
5561,78246,79117,393351,1826,-1826, NO_EVENT
5562,77761,78390,242171,1362,-427, NO_EVENT
5563,79050,78240,286478,1289,1289, NO_EVENT
5564,76697,78080,471220,2226,-2226, NO_EVENT
5565,77429,77454,202214,1557,732, NO_EVENT
5566,76685,76893,51719,688,-129, NO_EVENT
5567,77428,76896,186454,1185,743, NO_EVENT
5568,76896,77318,114162,929,-532, NO_EVENT
5569,77264,76822,229899,1459,261, NO_EVENT
5570,76897,77152,8228,373,-367, NO_EVENT
5571,77660,77579,199959,1266,763, NO_EVENT
5572,79361,78515,272970,1701,1701, NO_EVENT
5573,80940,79853,513716,2106,1579, NO_EVENT
5574,108582,85703,72699458,27642,27642, TOUCHED
5575,177653,159401,28027501,78699,69071, TOUCHED
5576,185341,185012,7465401,8651,7688, TOUCHED
5577,83925,124890,146930124,101416,-101416, UNTOUCHED
5578,82390,82894,591258,2081,-1535, NO_EVENT
5579,80904,81303,109510,904,-807, NO_EVENT
5580,79825,80356,427069,1778,-1079, NO_EVENT
5581,77928,79166,259682,2038,-1897, NO_EVENT
5582,78188,78571,221115,1361,260, NO_EVENT
5583,77698,78661,1006176,3162,-490, NO_EVENT
5584,77143,77736,57758,867,-555, NO_EVENT
5585,78426,77721,272080,1398,1283, NO_EVENT
5586,78060,77817,172990,1370,-366, NO_EVENT
5587,77815,77986,722752,2167,1037, NO_EVENT
5588,77051,77570,728169,2691,-764, NO_EVENT
5589,77380,77589,92234,935,-70, NO_EVENT
5590,77856,77459,192930,1144,476, NO_EVENT
5591,77446,77473,173734,970,-410, NO_EVENT
5592,76881,76917,75076,1016,-565, NO_EVENT
5593,79367,77729,792782,2486,2486, NO_EVENT
5594,78647,78043,265123,1565,1565, NO_EVENT
5595,79400,79482,189933,1541,753, NO_EVENT
5596,82304,80927,679401,2350,2350, NO_EVENT
5597,170472,108754,109233277,88168,88168, TOUCHED
5598,153554,156044,48531590,22283,-16918, TOUCHED
5599,91007,118999,143235521,62547,-62547, UNTOUCHED
5600,82474,84557,1479904,4024,-4024, NO_EVENT
5601,80568,81770,360518,1906,-1906, NO_EVENT
5602,77555,79913,1069645,3013,-3013, NO_EVENT
5603,76329,76608,286886,1605,-1392, NO_EVENT
5604,74846,75529,90135,1483,-1483, NO_EVENT
5605,74825,74903,28031,542,-21, NO_EVENT
5606,74380,74801,137153,1167,-445, NO_EVENT
5607,74451,74402,6604,242,143, NO_EVENT
5608,75022,74375,44564,822,571, NO_EVENT
5609,74453,74486,35563,726,-569, NO_EVENT
5610,74560,74521,35877,536,107, NO_EVENT
5611,74713,74579,27304,484,153, NO_EVENT
5612,75533,75012,93914,907,907, NO_EVENT
5613,76089,75630,38464,704,556, NO_EVENT
5614,77107,76734,130266,1032,1018, NO_EVENT
5615,80407,79039,909842,3165,3165, NO_EVENT
5616,82272,81267,268090,1865,1865, NO_EVENT
5617,83846,82927,291561,1574,1574, NO_EVENT
5618,172899,125465,15432010,88045,88045, TOUCHED
5619,172925,171262,2806098,3701,26, TOUCHED
5620,176204,174005,3267106,3857,3279, TOUCHED
5621,87618,133421,21922017,85560,-85560, UNTOUCHED
5622,83590,85192,2458824,4423,-4028, NO_EVENT
5623,82797,83670,453583,1972,-793, NO_EVENT
5624,82326,82373,50420,768,-471, NO_EVENT
5625,80523,81481,247829,1803,-1803, NO_EVENT
5626,79557,80226,101510,1017,-966, NO_EVENT
5627,79711,79485,238643,1440,154, NO_EVENT
5628,77782,78640,687790,2263,-854, NO_EVENT
5629,76553,77434,193746,1275,-1229, NO_EVENT
5630,76418,76822,135929,1101,-135, NO_EVENT
5631,75565,76230,126622,1092,-853, NO_EVENT
5632,75835,76070,41029,759,270, NO_EVENT
5633,76633,76284,165692,1038,798, NO_EVENT
5634,76828,76719,41087,595,195, NO_EVENT
5635,80435,78797,1134980,3607,3607, NO_EVENT
5636,82446,80950,534215,2428,2428, NO_EVENT
5637,172838,118543,21522570,90392,90392, TOUCHED
5638,173216,172441,602993,1709,378, TOUCHED
5639,173547,172407,4628736,4639,3744, TOUCHED
5640,123332,168595,108959789,53241,-50215, TOUCHED
5641,83569,88603,110663824,39763,-39763, UNTOUCHED
5642,82150,82373,209956,1584,-1419, NO_EVENT
5643,79725,81072,440448,2235,-2235, NO_EVENT
5644,77901,79163,527628,2095,-1824, NO_EVENT
5645,75873,76610,305562,1558,-1289, NO_EVENT
5646,75292,75727,140951,1087,-581, NO_EVENT
5647,74831,75070,84944,764,-461, NO_EVENT
5648,74431,74624,59667,658,-154, NO_EVENT
5649,74349,74580,29524,547,-188, NO_EVENT
5650,74507,74553,21357,455,158, NO_EVENT
5651,74151,74599,18161,592,-356, NO_EVENT
5652,74659,74550,62151,613,508, NO_EVENT
5653,75036,74917,20296,402,348, NO_EVENT
5654,76210,75458,159473,1174,1174, NO_EVENT
5655,79207,78007,997210,2997,2997, NO_EVENT
5656,84377,82332,1983533,4137,4137, NO_EVENT
5657,139420,141156,57686397,81587,55043, TOUCHED
5658,147553,157141,81560872,25040,8133, TOUCHED
5659,106566,135514,33962637,40987,-40987, TOUCHED
5660,83900,92279,51063588,22666,-22666, UNTOUCHED
5661,82745,83484,314557,1429,-1155, NO_EVENT
5662,81945,82261,180278,1163,-800, NO_EVENT
5663,81145,81181,155040,1236,-800, NO_EVENT
5664,80569,80770,107281,911,-224, NO_EVENT
5665,80363,80325,147293,1004,-206, NO_EVENT
5666,79220,79712,98367,1239,-1143, NO_EVENT
5667,80020,79765,920035,2805,800, NO_EVENT
5668,79161,79018,602373,1996,-859, NO_EVENT
5669,79131,79699,519682,1948,-30, NO_EVENT
5670,79123,78931,559183,2227,-8, NO_EVENT
5671,78355,78849,385560,1607,-1091, NO_EVENT
5672,80407,79391,541162,2052,2052, NO_EVENT
5673,79489,79307,79985,867,271, NO_EVENT
5674,80873,79901,200578,1384,1384, NO_EVENT
5675,81186,80485,301244,1346,1337, NO_EVENT
5676,83362,82148,387695,2176,2176, NO_EVENT
5677,164727,120677,105863250,81365,81365, TOUCHED
5678,173296,164393,73054181,19077,8569, TOUCHED
5679,91188,141538,126732745,82108,-82108, UNTOUCHED
5680,83428,86221,7775476,7760,-7760, NO_EVENT
5681,81737,82339,318220,1753,-1691, NO_EVENT
5682,81273,81067,228977,1456,-464, NO_EVENT
5683,79004,80321,208798,1637,-1383, NO_EVENT
5684,80692,79741,411476,1688,1688, NO_EVENT
5685,78840,79290,103629,1852,-1852, NO_EVENT
5686,79527,79096,297764,1620,687, NO_EVENT
5687,77316,78557,462131,2211,-2211, NO_EVENT
5688,78391,77964,454541,1877,1075, NO_EVENT
5689,78096,77425,186374,1069,4, NO_EVENT
5690,77694,77553,257692,1436,-402, NO_EVENT
5691,77038,77628,218889,1309,-937, NO_EVENT
5692,76466,77018,137640,1056,-572, NO_EVENT
5693,76773,76877,43900,696,307, NO_EVENT
5694,77254,77528,143872,1005,-435, NO_EVENT
5695,77552,77398,267334,1422,298, NO_EVENT
5696,78634,78556,80021,642,308, NO_EVENT
5697,78930,79200,316186,1602,296, NO_EVENT
5698,82261,81262,160232,1575,1330, NO_EVENT
5699,172957,93240,152373773,90696,90696, TOUCHED
5700,142517,159023,123731329,30440,-30440, TOUCHED
5701,85960,112148,87124001,56557,-56557, UNTOUCHED
5702,82563,83594,751172,3397,-3397, NO_EVENT
5703,80983,81774,95495,1132,-1116, NO_EVENT
5704,78142,79607,805477,2841,-2841, NO_EVENT
5705,76379,77991,527435,3132,-1763, NO_EVENT
5706,75746,76232,77988,845,-633, NO_EVENT
5707,75574,75547,71975,811,205, NO_EVENT
5708,75466,75290,16776,436,-108, NO_EVENT
5709,74968,75257,96172,909,-498, NO_EVENT
5710,74771,74880,21527,366,44, NO_EVENT
5711,74747,74841,56706,714,-69, NO_EVENT
5712,74779,74898,30166,523,32, NO_EVENT
5713,74795,74862,14926,381,16, NO_EVENT
5714,75278,75085,27471,483,483, NO_EVENT
5715,75618,75350,36236,493,475, NO_EVENT
5716,76435,76341,139581,1469,817, NO_EVENT
5717,79447,78277,1240236,3115,3012, NO_EVENT
5718,83240,81781,924114,3793,3793, NO_EVENT
5719,179496,149961,124654811,96256,96256, TOUCHED
5720,180335,178928,1649198,2928,839, TOUCHED
5721,177146,177151,983342,3840,-3189, TOUCHED
5722,84138,129898,114200033,93008,-93008, UNTOUCHED
5723,82326,83174,554262,1885,-1812, NO_EVENT
5724,81798,81901,108946,829,-382, NO_EVENT
5725,80476,81183,216926,1322,-1322, NO_EVENT
5726,79565,79938,154775,1029,-911, NO_EVENT
5727,79671,79605,351215,1879,342, NO_EVENT
5728,79055,79168,384159,1654,-616, NO_EVENT
5729,77953,78412,805374,2716,-1675, NO_EVENT
5730,78852,78244,196607,1202,899, NO_EVENT
5731,77342,79146,839698,3159,-2115, NO_EVENT
5732,79112,78768,319148,1866,1770, NO_EVENT
5733,78974,79546,260721,1415,-717, NO_EVENT
5734,81624,80340,837942,2650,2650, NO_EVENT
5735,82469,81983,141133,964,845, NO_EVENT
5736,114008,88562,123582569,31123,31123, TOUCHED
5737,168924,158197,152806844,58373,54916, TOUCHED
5738,169758,166450,12397992,7602,834, TOUCHED
5739,168782,168728,1133507,2340,-976, TOUCHED
5740,87958,132454,78307461,80824,-80824, UNTOUCHED
5741,83935,84590,1587976,4490,-4023, NO_EVENT
5742,83208,83860,286187,1317,-727, NO_EVENT
5743,82361,82524,21984,342,-320, NO_EVENT
5744,82263,82302,5558,212,-98, NO_EVENT
5745,81948,82094,29183,428,-315, NO_EVENT
5746,81455,81676,40361,493,-493, NO_EVENT
5747,80712,81147,67701,715,-504, NO_EVENT
5748,79981,80539,148815,1203,-731, NO_EVENT
5749,79185,80040,136495,1445,-796, NO_EVENT
5750,79360,79437,591893,2044,175, NO_EVENT
5751,79287,79233,225390,1316,-73, NO_EVENT
5752,77901,78208,233059,1388,-1386, NO_EVENT
5753,77312,77301,361932,1533,-589, NO_EVENT
5754,76919,76860,70186,895,-393, NO_EVENT
5755,76115,76152,69241,822,-231, NO_EVENT
5756,75692,75795,127274,1119,-423, NO_EVENT
5757,75326,75560,44458,543,-366, NO_EVENT
5758,75490,75211,81698,741,463, NO_EVENT
5759,74897,75093,15978,593,-593, NO_EVENT
5760,75384,75187,18991,487,487, NO_EVENT
5761,74767,75120,30880,617,-617, NO_EVENT
5762,75318,75079,40817,605,152, NO_EVENT
5763,75366,75328,23625,461,48, NO_EVENT
5764,75129,75338,56354,739,-237, NO_EVENT
5765,75521,75288,15193,392,392, NO_EVENT
5766,75416,75379,7644,292,189, NO_EVENT
5767,75088,75205,19214,426,-328, NO_EVENT
5768,75647,75415,41635,646,559, NO_EVENT
5769,75432,75545,19836,367,-215, NO_EVENT
5770,75368,75472,45497,618,95, NO_EVENT
5771,75312,75471,29501,486,-56, NO_EVENT
5772,75204,75351,118949,1057,-108, NO_EVENT
5773,75473,75406,3284,174,165, NO_EVENT
5774,75172,75451,69859,829,-301, NO_EVENT
5775,75125,75454,38624,593,-47, NO_EVENT
5776,75245,75256,15671,362,120, NO_EVENT
5777,75043,75039,19167,392,-153, NO_EVENT
5778,74636,74860,24714,445,-407, NO_EVENT
5779,74458,74762,36275,688,-178, NO_EVENT
5780,74286,74534,45618,545,-172, NO_EVENT
5781,74481,74579,18448,379,-83, NO_EVENT
5782,74477,74498,28544,484,-128, NO_EVENT
5783,74278,74327,21820,419,-199, NO_EVENT
5784,74334,74179,14454,374,56, NO_EVENT
5785,74201,74188,12013,325,-133, NO_EVENT
5786,74145,74123,10733,274,-56, NO_EVENT
5787,73883,74086,20313,424,-287, NO_EVENT
5788,74078,74041,14513,402,195, NO_EVENT
5789,73952,74031,18809,450,-126, NO_EVENT
5790,74252,74034,19181,409,300, NO_EVENT
5791,73953,73963,28560,474,-299, NO_EVENT
5792,73899,73900,17008,383,158, NO_EVENT
5793,73779,73936,14580,379,-147, NO_EVENT
5794,73908,73824,19490,451,129, NO_EVENT
5795,73826,73935,3326,187,-82, NO_EVENT
5796,73845,73899,5538,204,19, NO_EVENT
5797,73777,73871,26527,486,-68, NO_EVENT
5798,73822,73859,14057,356,45, NO_EVENT
5799,73835,73887,24723,488,27, NO_EVENT
5800,73791,73858,5005,197,-14, NO_EVENT
5801,73815,73881,9604,269,24, NO_EVENT
5802,73730,73857,7669,299,-85, NO_EVENT
5803,73741,73821,12138,337,11, NO_EVENT
5804,73868,73894,19205,392,127, NO_EVENT
5805,73771,73846,15492,389,-11, NO_EVENT
5806,73974,73928,9879,306,22, NO_EVENT
5807,73716,73915,22896,491,-258, NO_EVENT
5808,73856,73921,16550,398,140, NO_EVENT
5809,73979,73941,15593,350,123, NO_EVENT
5810,74002,74066,7612,220,23, NO_EVENT
5811,74415,74252,13591,328,328, NO_EVENT
5812,74297,74371,39052,607,-215, NO_EVENT
5813,74569,74629,36319,567,272, NO_EVENT
5814,74852,74776,27530,464,283, NO_EVENT
5815,74688,74806,58948,796,-164, NO_EVENT
5816,75221,75053,48009,608,186, NO_EVENT
5817,75446,75144,32509,591,225, NO_EVENT
5818,75164,75158,28476,582,-282, NO_EVENT
5819,75714,75559,51219,675,550, NO_EVENT
5820,75306,75543,44377,592,-352, NO_EVENT
5821,75513,75481,49254,766,207, NO_EVENT
5822,75271,75348,16921,330,-242, NO_EVENT
5823,75231,75296,25718,550,-40, NO_EVENT
5824,75073,75308,37958,510,-395, NO_EVENT
5825,75015,75206,26617,466,-58, NO_EVENT
5826,75319,75246,53004,702,304, NO_EVENT
5827,75478,75148,43272,587,159, NO_EVENT
5828,75266,75017,55396,562,70, NO_EVENT
5829,75235,74985,42838,556,-31, NO_EVENT
5830,74874,74973,38062,484,-361, NO_EVENT
5831,74934,74829,33812,556,60, NO_EVENT
5832,74741,74478,36703,511,511, NO_EVENT
5833,74525,74521,30920,542,-216, NO_EVENT
5834,74351,74547,47275,695,-174, NO_EVENT
5835,74525,74560,37186,522,174, NO_EVENT
5836,74550,74496,28363,528,25, NO_EVENT
5837,74329,74536,66303,777,-67, NO_EVENT
5838,74920,74620,23823,591,591, NO_EVENT
5839,74972,74801,33689,569,52, NO_EVENT
5840,74984,74977,6957,254,12, NO_EVENT
5841,75730,75527,9817,304,230, NO_EVENT
5842,77492,76557,361477,1822,1762, NO_EVENT
5843,78843,78314,394643,1725,1351, NO_EVENT
5844,82297,80917,271672,1879,1879, NO_EVENT
5845,84779,82967,763641,2534,2482, NO_EVENT
5846,219747,126121,129493268,134968,134968, TOUCHED
5847,219938,219561,52651,610,191, TOUCHED
5848,220000,219782,25550,370,62, TOUCHED
5849,220221,219847,49592,595,221, TOUCHED
5850,220118,219612,314193,1146,-103, TOUCHED
5851,84368,99962,73226978,135750,-135750, UNTOUCHED
5852,84598,84416,305652,1496,230, NO_EVENT
5853,82360,82982,287414,2238,-2238, NO_EVENT
5854,81852,82330,31975,733,-609, NO_EVENT
5855,81222,81491,241022,1531,-630, NO_EVENT
5856,81202,81234,168966,1282,-20, NO_EVENT
5857,80550,80678,130563,973,131, NO_EVENT
5858,80129,80291,234831,1319,-421, NO_EVENT
5859,79772,79671,304944,1593,-357, NO_EVENT
5860,80159,79694,350880,1699,387, NO_EVENT
5861,78245,79471,564027,2201,-1914, NO_EVENT
5862,78346,78289,41968,642,83, NO_EVENT
5863,79238,78884,135147,975,892, NO_EVENT
5864,79405,79228,144168,1035,-342, NO_EVENT
5865,78883,78674,129500,1285,-522, NO_EVENT
5866,79902,79757,82785,802,432, NO_EVENT
5867,82122,81517,439618,2220,2220, NO_EVENT
5868,220134,96282,133990299,138012,138012, TOUCHED
5869,221405,220520,148982,1271,1271, TOUCHED
5870,220765,220824,234606,1018,-640, TOUCHED
5871,85010,112926,100290435,136211,-135755, UNTOUCHED
5872,82365,83541,968001,2645,-2645, NO_EVENT
5873,81725,81919,55262,753,-640, NO_EVENT
5874,80626,80845,85185,1211,-1099, NO_EVENT
5875,78324,79467,430033,2302,-2302, NO_EVENT
5876,77514,79076,279622,2428,-810, NO_EVENT
5877,78891,78190,260961,1377,1377, NO_EVENT
5878,79248,78827,192041,1168,357, NO_EVENT
5879,78110,78030,343927,1790,-1138, NO_EVENT
5880,77524,78036,120521,1058,-586, NO_EVENT
5881,78061,77864,197622,1134,537, NO_EVENT
5882,77268,77893,204261,1461,-793, NO_EVENT
5883,76977,77434,107666,1019,-291, NO_EVENT
5884,77000,77309,118864,1074,134, NO_EVENT
5885,77121,77197,44691,523,121, NO_EVENT
5886,76588,77200,65684,844,-533, NO_EVENT
5887,78867,77577,316569,2279,2279, NO_EVENT
5888,78088,78353,306526,1647,-779, NO_EVENT
5889,81874,80475,788173,2974,2974, NO_EVENT
5890,154246,119828,80801920,72372,72372, TOUCHED
5891,220658,221091,8314,474,-429, TOUCHED
5892,86236,177305,50753356,134422,-134422, UNTOUCHED
5893,82103,83724,1627358,4133,-4133, NO_EVENT
5894,80425,81280,256361,1719,-1005, NO_EVENT
5895,79427,79727,661230,2210,-998, NO_EVENT
5896,77601,77764,284351,2272,-1826, NO_EVENT
5897,76000,76621,290846,1601,-1601, NO_EVENT
5898,75778,76084,38727,521,-521, NO_EVENT
5899,76208,75838,31409,592,430, NO_EVENT
5900,76757,76499,23796,549,549, NO_EVENT
5901,76168,76356,66575,755,-524, NO_EVENT
5902,75930,76383,32192,689,-238, NO_EVENT
5903,75590,75866,181694,1245,-340, NO_EVENT
5904,75295,75572,76162,831,-781, NO_EVENT
5905,75009,75130,59699,707,-286, NO_EVENT
5906,75417,75336,29397,575,408, NO_EVENT
5907,75407,75429,17040,433,-10, NO_EVENT
5908,75977,75766,35681,513,377, NO_EVENT
5909,77792,76856,334693,1815,1815, NO_EVENT
5910,82027,79714,2006634,4235,4235, NO_EVENT
5911,154694,111984,14114577,72667,72667, TOUCHED
5912,218174,210894,87219684,64185,63480, TOUCHED
5913,98731,129018,107665758,83755,-83755, TOUCHED
5914,90136,94147,9386010,8595,-8595, UNTOUCHED
5915,83506,84954,2373099,4326,-4326, NO_EVENT
5916,80669,81594,603797,2053,-1961, NO_EVENT
5917,76639,78582,1786134,4030,-4030, NO_EVENT
5918,75407,75947,232658,1280,-1280, NO_EVENT
5919,74563,74957,72471,844,-844, NO_EVENT
5920,74417,74497,24849,418,-146, NO_EVENT
5921,74668,74575,69305,703,251, NO_EVENT
5922,75113,74831,46641,660,660, NO_EVENT
5923,76470,75770,190440,1357,1357, NO_EVENT
5924,77475,77229,267803,1646,1005, NO_EVENT
5925,77467,78300,624331,2160,146, NO_EVENT
5926,77000,78085,611922,2013,-467, NO_EVENT
5927,75188,75904,387182,1812,-1812, NO_EVENT
5928,74477,74788,48413,553,-536, NO_EVENT
5929,74145,74424,58396,752,-332, NO_EVENT
5930,74723,74402,10805,578,578, NO_EVENT
5931,74734,74576,23504,374,11, NO_EVENT
5932,75597,75154,99554,992,992, NO_EVENT
5933,81577,78436,2396702,5980,5980, NO_EVENT
5934,171474,107588,41547292,89897,89897, TOUCHED
5935,220246,210777,42650914,49322,48772, TOUCHED
5936,107994,202416,83073213,112981,-112252, TOUCHED
5937,84825,90022,54732221,23398,-23169, UNTOUCHED
5938,81449,82173,1024088,3703,-3376, NO_EVENT
5939,77941,79285,984967,3508,-3508, NO_EVENT
5940,76085,76739,390830,1901,-1856, NO_EVENT
5941,75478,75706,52564,647,-460, NO_EVENT
5942,74979,75215,66747,740,-499, NO_EVENT
5943,75028,75150,21050,342,49, NO_EVENT
5944,75224,75249,21450,465,196, NO_EVENT
5945,75455,75765,118989,1023,-417, NO_EVENT
5946,75695,75691,109747,978,240, NO_EVENT
5947,76398,76052,78988,708,703, NO_EVENT
5948,77083,76763,68824,815,205, NO_EVENT
5949,80110,77935,579039,3027,3027, NO_EVENT
5950,78626,79143,589027,2207,-1484, NO_EVENT
5951,79626,79818,383840,2137,1000, NO_EVENT
5952,80828,80481,99132,802,581, NO_EVENT
5953,81520,81240,75736,732,692, NO_EVENT
5954,82067,81953,78348,721,547, NO_EVENT
5955,84913,83417,542560,2445,2445, NO_EVENT
5956,89029,86699,4350872,4641,4116, NO_EVENT
5957,221260,214274,141202165,132231,132231, TOUCHED
5958,220777,220235,270487,1041,1041, TOUCHED
5959,221895,221356,267894,1036,1036, TOUCHED
5960,87964,133683,160667764,132198,-132198, UNTOUCHED
5961,84052,85022,1865316,4175,-3912, NO_EVENT
5962,83019,83965,233662,1505,-1033, NO_EVENT
5963,82223,82437,17491,340,-289, NO_EVENT
5964,81971,81981,70633,718,-252, NO_EVENT
5965,80874,81384,105097,1097,-1097, NO_EVENT
5966,80395,80739,513804,1895,-479, NO_EVENT
5967,79652,80264,150090,1014,-743, NO_EVENT
5968,79541,80210,247603,1442,-111, NO_EVENT
5969,79932,79545,371427,1642,-545, NO_EVENT
5970,80572,79744,230530,1572,640, NO_EVENT
5971,80008,78946,284823,1623,1171, NO_EVENT
5972,79818,79648,155201,1105,-190, NO_EVENT
5973,79915,79489,416714,1986,97, NO_EVENT
5974,80946,80195,184458,1090,1031, NO_EVENT
5975,81497,80953,132894,1072,551, NO_EVENT
5976,82335,81900,103539,939,901, NO_EVENT
5977,87929,83846,1997919,5594,5594, NO_EVENT
5978,220307,161707,34378331,132378,132378, TOUCHED
5979,213521,208799,91426058,21146,-6786, TOUCHED
5980,220183,218577,12203031,7759,6662, TOUCHED
5981,92181,152078,104527093,128002,-128002, UNTOUCHED
5982,84980,86719,7317017,7990,-7201, NO_EVENT
5983,82246,83122,683900,2734,-2734, NO_EVENT
5984,80428,81436,264655,1818,-1818, NO_EVENT
5985,79811,80492,73182,1024,-617, NO_EVENT
5986,80309,79507,152533,1190,498, NO_EVENT
5987,79425,79302,465404,2012,-1116, NO_EVENT
5988,78364,78471,316174,1436,-1061, NO_EVENT
5989,78256,78401,205323,1274,-491, NO_EVENT
5990,77794,78278,85727,905,-462, NO_EVENT
5991,76958,77272,139844,1098,-136, NO_EVENT
5992,76500,76831,115450,987,-458, NO_EVENT
5993,76492,76657,87195,856,-8, NO_EVENT
5994,75924,76260,91516,936,-57, NO_EVENT
5995,76255,76083,15474,360,331, NO_EVENT
5996,76192,76322,42288,599,-63, NO_EVENT
5997,78052,76846,351801,2001,2001, NO_EVENT
5998,78302,77648,109148,1128,250, NO_EVENT
5999,81494,80170,1018928,3192,3192, NO_EVENT
6000,163422,111820,123615828,81928,81928, TOUCHED
6001,220734,211705,100471331,57606,57312, TOUCHED
6002,104634,189555,99005733,116139,-116100, TOUCHED
6003,83274,86036,7416292,7557,-7557, UNTOUCHED
6004,82103,82478,211232,1199,-1171, NO_EVENT
6005,80237,81264,267471,1866,-1866, NO_EVENT
6006,80037,80404,124337,900,-200, NO_EVENT
6007,79738,79858,294873,1679,-299, NO_EVENT
6008,79773,79374,175084,1070,35, NO_EVENT
6009,78632,78951,217739,1598,-1103, NO_EVENT
6010,77736,78319,254785,1460,-896, NO_EVENT
6011,77607,77300,252030,1598,245, NO_EVENT
6012,76451,76708,124924,1206,-1156, NO_EVENT
6013,75629,76107,120044,959,-822, NO_EVENT
6014,75542,75804,127224,1018,-758, NO_EVENT
6015,75482,75412,107687,977,-60, NO_EVENT
6016,74602,75099,75416,894,-880, NO_EVENT
6017,74452,74819,67567,752,-150, NO_EVENT
6018,74298,74680,25794,589,-589, NO_EVENT
6019,74960,74733,66621,941,662, NO_EVENT
6020,74694,74743,23406,424,-266, NO_EVENT
6021,75034,75025,33108,558,340, NO_EVENT
6022,76862,76325,447847,1970,1391, NO_EVENT
6023,81337,79939,1766718,4475,4475, NO_EVENT
6024,220803,109743,136627079,138878,138878, TOUCHED
6025,220783,221038,51839,474,-20, TOUCHED
6026,85503,128970,147925269,135280,-135280, UNTOUCHED
6027,82687,83863,855574,2816,-2816, NO_EVENT
6028,80558,81459,482868,1791,-1469, NO_EVENT
6029,77712,79689,1227911,3007,-2846, NO_EVENT
6030,76239,77043,248693,1656,-1473, NO_EVENT
6031,75080,75578,135709,1159,-1159, NO_EVENT
6032,74292,74861,87550,888,-788, NO_EVENT
6033,74347,74542,20173,443,-219, NO_EVENT
6034,74291,74320,33027,541,-56, NO_EVENT
6035,74187,74355,74317,754,-104, NO_EVENT
6036,74494,74235,16526,433,307, NO_EVENT
6037,74284,74327,42110,598,-210, NO_EVENT
6038,74196,74441,22893,490,-125, NO_EVENT
6039,74268,74547,27252,560,72, NO_EVENT
6040,74448,74565,23363,583,180, NO_EVENT
6041,74821,74889,66443,809,373, NO_EVENT
6042,74710,74889,34485,494,-111, NO_EVENT
6043,74793,74841,43825,553,-268, NO_EVENT
6044,74449,74771,34970,606,-344, NO_EVENT
6045,74828,74700,16610,467,379, NO_EVENT
6046,74245,74583,53832,608,-583, NO_EVENT
6047,74503,74527,31859,556,-105, NO_EVENT
6048,74958,74879,112088,863,455, NO_EVENT
6049,78282,76638,844723,3324,3324, NO_EVENT
6050,108943,82382,32070197,30661,30661, TOUCHED
6051,221206,167187,39120555,112263,112263, TOUCHED
6052,149674,206788,128336667,71532,-71532, TOUCHED
6053,84609,91268,79775158,22422,-21977, UNTOUCHED
6054,81133,82114,520556,2060,-2060, NO_EVENT
6055,77336,79391,1501396,3797,-3797, NO_EVENT
6056,75887,77003,360596,2058,-1449, NO_EVENT
6057,75323,75594,87860,841,-564, NO_EVENT
6058,74860,75148,23104,454,-301, NO_EVENT
6059,75037,74907,30949,553,101, NO_EVENT
6060,74677,74841,69031,751,-360, NO_EVENT
6061,74656,74682,30772,554,-21, NO_EVENT
6062,74377,74450,34213,531,-279, NO_EVENT
6063,74477,74510,30877,497,219, NO_EVENT
6064,74305,74539,89172,897,-172, NO_EVENT
6065,74215,74346,13313,311,-90, NO_EVENT
6066,74609,74576,29835,578,394, NO_EVENT
6067,74524,74495,30719,430,-85, NO_EVENT
6068,74359,74512,67446,804,-179, NO_EVENT
6069,74258,74479,20839,438,-101, NO_EVENT
6070,74271,74464,21087,489,13, NO_EVENT
6071,74340,74338,5110,198,69, NO_EVENT
6072,74139,74204,17432,363,-201, NO_EVENT
6073,74055,74354,28348,564,-305, NO_EVENT
6074,74222,74215,8108,296,167, NO_EVENT
6075,74080,74133,40812,604,-142, NO_EVENT
6076,74006,74018,14320,395,-74, NO_EVENT
6077,73965,74023,18121,393,-41, NO_EVENT
6078,74066,73970,19661,473,115, NO_EVENT
6079,74017,74118,11481,350,-104, NO_EVENT
6080,73847,73996,8919,349,-170, NO_EVENT
6081,73821,73853,22126,462,-26, NO_EVENT
6082,73758,73922,9872,279,-63, NO_EVENT
6083,73840,73929,11995,357,82, NO_EVENT
6084,73899,73877,2244,134,62, NO_EVENT
6085,73761,73876,26931,494,-63, NO_EVENT
6086,73669,73791,9961,253,-92, NO_EVENT
6087,73943,73842,20711,445,274, NO_EVENT
6088,73751,73803,13193,354,-192, NO_EVENT
6089,73907,73769,11000,308,156, NO_EVENT
6090,73801,73857,12884,385,-106, NO_EVENT
6091,73718,73804,15334,339,39, NO_EVENT
6092,73751,73811,5820,207,-178, NO_EVENT
6093,73823,73832,14307,349,72, NO_EVENT
6094,73781,73838,10021,328,-42, NO_EVENT
6095,73768,73776,9814,308,-13, NO_EVENT
6096,73689,73806,17892,370,-79, NO_EVENT
6097,73646,73729,8187,236,-202, NO_EVENT
6098,73681,73740,5154,208,-102, NO_EVENT
6099,73755,73749,4943,195,74, NO_EVENT
6100,73854,73735,4208,198,99, NO_EVENT
6101,73719,73740,17974,428,-135, NO_EVENT
6102,73696,73766,18586,424,-23, NO_EVENT
6103,73728,73796,3803,190,32, NO_EVENT
6104,73660,73811,27756,518,-137, NO_EVENT
6105,73728,73736,7859,274,3, NO_EVENT
6106,73686,73740,16978,415,-42, NO_EVENT
6107,73755,73757,15788,394,69, NO_EVENT
6108,73683,73814,3803,229,-72, NO_EVENT
6109,73749,73798,6311,252,66, NO_EVENT
6110,73735,73773,9989,302,-14, NO_EVENT
6111,73797,73816,9021,260,94, NO_EVENT
6112,73870,73773,1614,144,111, NO_EVENT
6113,73782,73739,13754,324,-88, NO_EVENT
6114,73773,73794,21759,485,-9, NO_EVENT
6115,73856,73860,21360,450,83, NO_EVENT
6116,73837,73915,8966,259,-19, NO_EVENT
6117,74022,73916,39018,635,144, NO_EVENT
6118,74066,73980,14740,357,316, NO_EVENT
6119,74026,74131,24217,480,-40, NO_EVENT
6120,74352,74233,20550,390,326, NO_EVENT
6121,74538,74564,60416,761,186, NO_EVENT
6122,75195,75068,65976,803,657, NO_EVENT
6123,75475,75361,4678,221,99, NO_EVENT
6124,75334,75558,62059,636,-141, NO_EVENT
6125,76118,75686,89212,880,784, NO_EVENT
6126,76121,76151,28747,454,83, NO_EVENT
6127,76061,76151,91157,914,-60, NO_EVENT
6128,76833,76464,50121,772,772, NO_EVENT
6129,77238,76764,42531,675,672, NO_EVENT
6130,77013,76829,66709,856,-225, NO_EVENT
6131,76625,76609,121564,985,-388, NO_EVENT
6132,76251,76654,45731,794,-410, NO_EVENT
6133,76173,76434,190935,1116,-78, NO_EVENT
6134,75340,75931,75569,833,-833, NO_EVENT
6135,75870,75793,53809,694,-58, NO_EVENT
6136,75887,75784,44097,609,17, NO_EVENT
6137,75710,75657,36526,547,-177, NO_EVENT
6138,76229,76145,99069,1030,29, NO_EVENT
6139,76621,76633,39891,646,392, NO_EVENT
6140,79978,77863,1169292,3357,3357, NO_EVENT
6141,80390,79605,656024,2250,2063, NO_EVENT
6142,81732,80945,168070,1342,1342, NO_EVENT
6143,82987,82307,125331,1255,1255, NO_EVENT
6144,156232,102247,62027901,72286,71534, TOUCHED
6145,186598,180843,151554514,31162,30366, TOUCHED
6146,187878,185270,3952428,4970,1409, TOUCHED
6147,188340,187594,453478,1541,462, TOUCHED
6148,146024,184117,26283789,43728,-42316, TOUCHED
6149,83596,90404,102205054,62428,-62428, UNTOUCHED
6150,82296,82944,486107,1842,-1300, NO_EVENT
6151,81130,81781,164415,1205,-1205, NO_EVENT
6152,79964,80579,370841,1563,-1166, NO_EVENT
6153,78932,80021,180791,1621,-1032, NO_EVENT
6154,78234,78489,412042,1634,-698, NO_EVENT
6155,77236,77722,501430,2021,-998, NO_EVENT
6156,76643,77101,386950,1740,-593, NO_EVENT
6157,76031,76367,153242,1024,51, NO_EVENT
6158,75926,75944,60515,720,-105, NO_EVENT
6159,75805,75904,51612,624,-121, NO_EVENT
6160,75986,75883,123832,895,-404, NO_EVENT
6161,75590,75502,39099,805,-396, NO_EVENT
6162,75768,75653,99373,931,178, NO_EVENT
6163,75980,76097,108969,900,96, NO_EVENT
6164,77281,76806,334625,1689,1301, NO_EVENT
6165,79965,78976,1044436,2684,2684, NO_EVENT
6166,82529,81009,408296,2564,2564, NO_EVENT
6167,177044,107250,166727380,94515,94515, TOUCHED
6168,149628,150997,139171494,48825,-27416, TOUCHED
6169,93807,137480,149937016,68961,-55821, UNTOUCHED
6170,83983,86892,10792292,9824,-9824, NO_EVENT
6171,81790,82314,323197,2193,-2193, NO_EVENT
6172,78734,80239,744659,2384,-2313, NO_EVENT
6173,76510,77818,699446,2224,-2224, NO_EVENT
6174,76183,76584,72984,829,-829, NO_EVENT
6175,75322,75965,79647,1184,-861, NO_EVENT
6176,75100,75384,40450,514,-222, NO_EVENT
6177,75330,75422,87361,800,-450, NO_EVENT
6178,75057,75104,24743,493,-273, NO_EVENT
6179,75103,75095,30154,465,46, NO_EVENT
6180,74882,75069,31009,483,-221, NO_EVENT
6181,75158,74977,58385,731,178, NO_EVENT
6182,74804,75082,61716,607,-354, NO_EVENT
6183,75037,74949,7601,287,233, NO_EVENT
6184,74901,75128,47989,572,-136, NO_EVENT
6185,75557,75481,112199,1044,314, NO_EVENT
6186,76155,75804,50381,598,598, NO_EVENT
6187,76984,76766,198905,1244,829, NO_EVENT
6188,81421,79486,954895,3688,3688, NO_EVENT
6189,85344,83278,2184325,3923,3923, NO_EVENT
6190,174185,162598,10261327,88841,88841, TOUCHED
6191,109944,150565,157780653,64241,-64241, TOUCHED
6192,83065,86769,14032622,10763,-10763, UNTOUCHED
6193,81108,82226,323401,1957,-1957, NO_EVENT
6194,78066,79770,923539,3042,-3042, NO_EVENT
6195,75905,76826,239099,1676,-1676, NO_EVENT
6196,75021,75633,84916,1086,-884, NO_EVENT
6197,74657,74778,127743,1180,-364, NO_EVENT
6198,74351,74383,24287,502,36, NO_EVENT
6199,74108,74296,23431,439,-439, NO_EVENT
6200,74218,74093,10312,302,110, NO_EVENT
6201,74009,74208,34200,521,-209, NO_EVENT
6202,74178,74146,80865,857,169, NO_EVENT
6203,74280,74239,7078,243,102, NO_EVENT
6204,74002,74138,11192,316,-88, NO_EVENT
6205,74190,74273,12982,463,188, NO_EVENT
6206,74222,74192,26488,539,32, NO_EVENT
6207,74470,74424,11576,386,248, NO_EVENT
6208,74559,74520,19678,384,89, NO_EVENT
6209,74914,74714,17767,373,301, NO_EVENT
6210,75201,74924,29994,500,287, NO_EVENT
6211,76642,75762,107705,1441,1441, NO_EVENT
6212,80975,77833,1639947,4333,4333, NO_EVENT
6213,104833,89517,110649723,23858,23858, TOUCHED
6214,183124,174613,83180197,78291,78291, TOUCHED
6215,180488,182613,1813630,3204,-2636, TOUCHED
6216,85725,134023,150981840,94915,-94763, UNTOUCHED
6217,81485,83015,1094224,2802,-2802, NO_EVENT
6218,79480,80398,878391,2732,-2005, NO_EVENT
6219,75676,76883,1398524,3955,-3804, NO_EVENT
6220,75063,75233,70900,646,-613, NO_EVENT
6221,75009,75085,44375,675,0, NO_EVENT
6222,75307,75177,18747,385,298, NO_EVENT
6223,76690,75737,127069,1383,1383, NO_EVENT
6224,77372,76585,234384,1487,682, NO_EVENT
6225,77990,77528,324427,1733,756, NO_EVENT
6226,77738,78891,639258,2174,-252, NO_EVENT
6227,76752,78267,678364,2571,-1614, NO_EVENT
6228,77601,77771,210325,1528,849, NO_EVENT
6229,75486,76438,198105,1468,-1204, NO_EVENT
6230,75063,75302,264229,1419,-423, NO_EVENT
6231,74050,74783,73494,1096,-1013, NO_EVENT
6232,74229,74254,26676,472,179, NO_EVENT
6233,73976,74193,28073,512,-300, NO_EVENT
6234,73838,74033,13691,336,-318, NO_EVENT
6235,74058,74184,13658,457,220, NO_EVENT
6236,74319,74138,32368,536,261, NO_EVENT
6237,74701,74446,37399,535,382, NO_EVENT
6238,77144,75683,725640,2443,2443, NO_EVENT
6239,127545,93610,105560257,50401,50401, TOUCHED
6240,175842,171838,171640279,49261,48297, TOUCHED
6241,172026,175077,4597274,4958,-3816, TOUCHED
6242,119738,144468,112394022,52288,-52288, TOUCHED
6243,82071,93459,36179779,37667,-37667, UNTOUCHED
6244,79438,80642,1008807,2869,-2633, NO_EVENT
6245,75267,76366,778175,2694,-2694, NO_EVENT
6246,74531,74687,139718,1081,-736, NO_EVENT
6247,73919,74243,62813,693,-612, NO_EVENT
6248,74067,74071,37834,584,148, NO_EVENT
6249,73922,74062,36053,580,-555, NO_EVENT
6250,74000,74085,10208,295,78, NO_EVENT
6251,74001,74127,6928,270,1, NO_EVENT
6252,74154,74140,37630,583,153, NO_EVENT
6253,74187,74175,39289,577,33, NO_EVENT
6254,74144,74108,26939,449,129, NO_EVENT
6255,74250,74337,16231,354,-172, NO_EVENT
6256,74513,74583,30913,485,263, NO_EVENT
6257,74618,74590,18531,431,105, NO_EVENT
6258,75345,75077,54961,727,727, NO_EVENT
6259,75983,75700,115885,862,862, NO_EVENT
6260,80156,77574,929763,4173,4173, NO_EVENT
6261,82445,81193,921000,2527,2289, NO_EVENT
6262,173105,122727,142069591,90660,90660, TOUCHED
6263,147810,150737,128019612,34457,-25295, TOUCHED
6264,84601,109151,114422813,63209,-63209, UNTOUCHED
6265,82398,83535,557069,2203,-2203, NO_EVENT
6266,81260,81870,92829,1138,-1138, NO_EVENT
6267,78408,79486,528790,2360,-2360, NO_EVENT
6268,76084,77065,609416,2324,-2324, NO_EVENT
6269,75807,76139,54775,646,-476, NO_EVENT
6270,75234,75544,83834,811,-573, NO_EVENT
6271,75313,75196,7193,281,79, NO_EVENT
6272,74749,75085,49600,686,-564, NO_EVENT
6273,74918,74899,42450,663,104, NO_EVENT
6274,74916,75107,43067,619,-2, NO_EVENT
6275,75457,75323,33258,669,541, NO_EVENT
6276,75647,75586,33156,508,190, NO_EVENT
6277,77199,76348,137045,1345,1345, NO_EVENT
6278,78937,78478,473581,2172,1738, NO_EVENT
6279,82369,80992,412329,2158,2158, NO_EVENT
6280,84081,83210,622027,1793,1712, NO_EVENT
6281,188667,173973,81189722,106034,104586, TOUCHED
6282,189022,188381,232897,1166,355, TOUCHED
6283,189966,189678,117673,944,944, TOUCHED
6284,188895,188585,123021,1672,-1071, TOUCHED
6285,84150,107890,68301277,105372,-104745, UNTOUCHED
6286,82274,82864,350062,1876,-1876, NO_EVENT
6287,80791,81724,255158,1545,-1483, NO_EVENT
6288,80743,80844,233472,1379,361, NO_EVENT
6289,77738,79327,1296959,3005,-3005, NO_EVENT
6290,76603,76597,177349,1745,-1135, NO_EVENT
6291,75939,75883,101507,1154,-664, NO_EVENT
6292,75599,75696,25194,523,-153, NO_EVENT
6293,75200,75498,36781,691,-399, NO_EVENT
6294,75133,75498,107215,971,-67, NO_EVENT
6295,75201,75477,174547,1131,68, NO_EVENT
6296,75645,75823,62583,645,-22, NO_EVENT
6297,76629,76464,147858,1308,984, NO_EVENT
6298,78115,77292,352736,1674,1486, NO_EVENT
6299,79864,79544,501637,2025,1245, NO_EVENT
6300,82187,81229,351687,2323,2323, NO_EVENT
6301,178665,103538,24375963,96478,96478, TOUCHED
6302,153039,160295,138772357,28647,-25626, TOUCHED
6303,110971,140810,34102013,42068,-42068, TOUCHED
6304,83251,89846,72211615,27720,-27720, UNTOUCHED
6305,80981,81801,375744,2270,-2270, NO_EVENT
6306,77586,79410,899594,2893,-2893, NO_EVENT
6307,75095,76107,594056,2572,-2491, NO_EVENT
6308,74665,74763,60871,638,-430, NO_EVENT
6309,74324,74363,13194,363,-153, NO_EVENT
6310,74159,74045,17008,307,272, NO_EVENT
6311,73987,74046,15256,326,-172, NO_EVENT
6312,73770,73935,25067,404,-217, NO_EVENT
6313,73999,74033,29375,492,229, NO_EVENT
6314,73845,73969,14081,342,-154, NO_EVENT
6315,73862,73959,30996,465,-64, NO_EVENT
6316,73966,74024,8062,250,-150, NO_EVENT
6317,73875,74109,47891,581,-91, NO_EVENT
6318,74150,74167,12713,389,275, NO_EVENT
6319,74091,74246,32040,421,-59, NO_EVENT
6320,74169,74318,28884,456,78, NO_EVENT
6321,74842,74755,39159,661,190, NO_EVENT
6322,77282,75881,377753,2440,2440, NO_EVENT
6323,83424,80984,2785192,6142,6142, NO_EVENT
6324,188740,140680,131385851,107560,105316, TOUCHED
6325,190693,189629,594100,1953,1953, TOUCHED
6326,87728,147896,104182774,102965,-102965, UNTOUCHED
6327,82529,84499,1931961,5199,-5199, NO_EVENT
6328,79969,81483,736648,2560,-2560, NO_EVENT
6329,76727,78564,2382237,3788,-3788, NO_EVENT
6330,75530,75887,185411,1461,-1197, NO_EVENT
6331,74507,75014,142789,1030,-1023, NO_EVENT
6332,74627,74755,43534,573,-136, NO_EVENT
6333,74531,74713,60458,731,-96, NO_EVENT
6334,74580,74863,61388,770,49, NO_EVENT
6335,75269,75096,97007,873,689, NO_EVENT
6336,74999,75259,16467,376,-117, NO_EVENT
6337,75379,75403,52301,714,380, NO_EVENT
6338,75877,75738,42907,636,498, NO_EVENT
6339,76000,75911,10041,291,123, NO_EVENT
6340,76380,76136,22290,398,241, NO_EVENT
6341,77180,76455,211459,1488,800, NO_EVENT
6342,76523,76716,50208,699,-657, NO_EVENT
6343,77747,76961,87784,1224,1224, NO_EVENT
6344,79672,77911,623945,2372,1925, NO_EVENT
6345,79612,79870,499663,1793,656, NO_EVENT
6346,81998,81265,633166,2386,2386, NO_EVENT
6347,85555,83683,1319060,3557,3557, NO_EVENT
6348,203321,167000,12548289,117766,117766, TOUCHED
6349,203131,203823,500882,1487,-190, TOUCHED
6350,127669,190115,56253376,75462,-75462, TOUCHED
6351,83941,88759,71062583,43728,-43728, UNTOUCHED
6352,82362,83702,1443618,2809,-2809, NO_EVENT
6353,81425,82007,129014,1070,-1070, NO_EVENT
6354,79596,80561,444863,1864,-1829, NO_EVENT
6355,78207,79455,366790,1865,-1389, NO_EVENT
6356,76141,77260,510721,2066,-2066, NO_EVENT
6357,75143,75841,133758,1309,-716, NO_EVENT
6358,75141,75411,42320,583,-2, NO_EVENT
6359,74920,75046,72380,791,-221, NO_EVENT
6360,74565,74776,53228,618,-316, NO_EVENT
6361,74058,74423,55944,650,-559, NO_EVENT
6362,73977,74243,39620,633,-81, NO_EVENT
6363,73878,74186,80228,796,-99, NO_EVENT
6364,73806,74016,28731,479,-72, NO_EVENT
6365,73743,73974,65731,784,-63, NO_EVENT
6366,73842,73879,20406,448,-17, NO_EVENT
6367,73716,73804,6801,256,-126, NO_EVENT
6368,73709,73769,20585,445,-7, NO_EVENT
6369,73771,73851,10279,335,62, NO_EVENT
6370,73737,73843,15558,363,-34, NO_EVENT
6371,73570,73789,22870,473,-167, NO_EVENT
6372,73665,73716,3122,142,-115, NO_EVENT
6373,73656,73689,35211,559,34, NO_EVENT
6374,73552,73671,31350,561,-104, NO_EVENT
6375,73571,73656,22991,455,19, NO_EVENT
6376,73669,73728,18954,405,98, NO_EVENT
6377,73706,73653,21315,473,37, NO_EVENT
6378,73506,73740,15411,380,-200, NO_EVENT
6379,73582,73678,7614,225,-177, NO_EVENT
6380,73576,73732,7652,300,-205, NO_EVENT
6381,73699,73715,19191,432,123, NO_EVENT
6382,73627,73798,34023,452,-72, NO_EVENT
6383,73766,73669,16718,362,139, NO_EVENT
6384,73729,73743,16740,415,-37, NO_EVENT
6385,73827,73719,6310,211,98, NO_EVENT
6386,73526,73699,46467,650,-170, NO_EVENT
6387,73529,73653,3324,212,-121, NO_EVENT
6388,73681,73692,44342,655,152, NO_EVENT
6389,73648,73656,6795,278,-33, NO_EVENT
6390,73560,73652,10765,294,-88, NO_EVENT
6391,73586,73581,7520,267,26, NO_EVENT
6392,73508,73587,14840,290,-78, NO_EVENT
6393,73657,73629,9126,255,100, NO_EVENT
6394,73616,73563,3578,182,69, NO_EVENT
6395,73585,73654,23750,475,-31, NO_EVENT
6396,73729,73631,5080,199,144, NO_EVENT
6397,73546,73651,11572,304,-183, NO_EVENT
6398,73463,73589,3712,202,-83, NO_EVENT
6399,73621,73559,4897,212,158, NO_EVENT
6400,73414,73592,13900,401,-180, NO_EVENT
6401,73671,73624,5808,202,3, NO_EVENT
6402,73507,73548,24218,533,-164, NO_EVENT
6403,73624,73561,25153,482,117, NO_EVENT
6404,73618,73632,23370,432,-6, NO_EVENT
6405,73541,73591,9527,296,-77, NO_EVENT
6406,73465,73600,24836,462,-76, NO_EVENT
6407,73568,73647,15027,354,-45, NO_EVENT
6408,73466,73603,17435,414,-161, NO_EVENT
6409,73561,73591,12481,309,95, NO_EVENT
6410,73541,73591,8548,293,-20, NO_EVENT
6411,73609,73648,16690,389,68, NO_EVENT
6412,73600,73595,9421,296,-9, NO_EVENT
6413,73412,73586,20893,432,-188, NO_EVENT
6414,73511,73613,22361,438,-53, NO_EVENT
6415,73477,73609,12871,298,-271, NO_EVENT
6416,73615,73661,11832,386,138, NO_EVENT
6417,73468,73622,20717,434,-147, NO_EVENT
6418,73678,73682,18940,487,210, NO_EVENT
6419,73493,73593,14634,349,-185, NO_EVENT
6420,73597,73629,30288,552,104, NO_EVENT
6421,73471,73649,19959,462,-110, NO_EVENT
6422,73632,73754,13706,354,-93, NO_EVENT
6423,73530,73637,23576,492,-102, NO_EVENT
6424,73484,73680,30510,515,-46, NO_EVENT
6425,73720,73712,14153,467,236, NO_EVENT
6426,73609,73758,8290,303,-111, NO_EVENT
6427,73600,73725,12941,311,-9, NO_EVENT
6428,73594,73746,9844,297,-129, NO_EVENT
6429,73628,73705,2832,174,-24, NO_EVENT
6430,73612,73756,18809,385,-16, NO_EVENT
6431,73757,73698,11238,315,145, NO_EVENT
6432,73798,73737,26404,475,41, NO_EVENT
6433,73843,73745,29687,567,45, NO_EVENT
6434,73722,73739,11474,334,-121, NO_EVENT
6435,73680,73776,13180,335,-154, NO_EVENT
6436,73784,73758,2964,148,-25, NO_EVENT
6437,73616,73765,6651,282,-168, NO_EVENT
6438,73760,73725,8702,311,144, NO_EVENT
6439,73703,73778,12188,363,-57, NO_EVENT
6440,73672,73680,17087,423,-31, NO_EVENT
6441,73566,73668,16303,385,-106, NO_EVENT
6442,73513,73634,25415,469,-62, NO_EVENT
6443,73523,73582,4801,168,-35, NO_EVENT
6444,73634,73709,39231,565,111, NO_EVENT
6445,73528,73687,14967,342,-106, NO_EVENT
6446,73631,73653,22059,470,103, NO_EVENT
6447,73703,73632,31754,615,72, NO_EVENT
6448,73632,73728,6985,272,-71, NO_EVENT
6449,73472,73583,25989,482,-52, NO_EVENT
6450,73565,73588,5378,226,37, NO_EVENT
6451,73567,73653,16439,347,2, NO_EVENT
6452,73553,73671,10001,330,-14, NO_EVENT
6453,73665,73632,15218,351,112, NO_EVENT
6454,73658,73662,9410,332,-7, NO_EVENT
6455,73543,73659,5527,234,-115, NO_EVENT
6456,73516,73676,37561,528,-40, NO_EVENT
6457,73508,73604,2308,158,-158, NO_EVENT
6458,73491,73707,35697,563,-17, NO_EVENT
6459,73593,73646,14059,413,102, NO_EVENT
6460,73542,73614,34199,576,-51, NO_EVENT
6461,73554,73569,3769,198,12, NO_EVENT
6462,73527,73589,5666,234,-27, NO_EVENT
6463,73528,73671,12078,329,-82, NO_EVENT
6464,73404,73552,5809,257,-180, NO_EVENT
6465,73409,73580,26287,515,5, NO_EVENT
6466,73469,73677,17499,486,60, NO_EVENT
6467,73601,73636,6948,303,132, NO_EVENT
6468,73699,73621,3713,200,98, NO_EVENT
6469,73596,73632,2618,151,-103, NO_EVENT
6470,73358,73569,27126,521,-229, NO_EVENT
6471,73547,73618,3840,203,-26, NO_EVENT
6472,73533,73562,14716,393,-14, NO_EVENT
6473,73527,73673,15048,400,-6, NO_EVENT
6474,73638,73663,59148,691,111, NO_EVENT
6475,73618,73635,14878,386,-20, NO_EVENT
6476,73524,73604,13152,327,-94, NO_EVENT
6477,73566,73609,5956,248,40, NO_EVENT
6478,73611,73628,14398,387,-27, NO_EVENT
6479,73487,73628,10944,314,-124, NO_EVENT
6480,73558,73660,14243,424,71, NO_EVENT
6481,73409,73637,35336,585,-149, NO_EVENT
6482,73615,73619,19665,453,206, NO_EVENT
6483,73675,73640,2793,142,60, NO_EVENT
6484,73531,73697,28939,495,-149, NO_EVENT
6485,73698,73601,7828,229,23, NO_EVENT
6486,73694,73638,14133,367,-4, NO_EVENT
6487,73630,73649,8633,320,-64, NO_EVENT
6488,73631,73661,17583,424,1, NO_EVENT
6489,73763,73678,5530,222,132, NO_EVENT
6490,73690,73719,18663,383,-73, NO_EVENT
6491,73690,73667,19330,466,99, NO_EVENT
6492,73729,73681,13092,364,-13, NO_EVENT
6493,73658,73675,27144,545,-71, NO_EVENT
6494,73875,73707,16860,387,217, NO_EVENT
6495,73775,73771,22530,446,-100, NO_EVENT
6496,73683,73708,10189,309,-92, NO_EVENT
6497,73488,73678,13121,401,-195, NO_EVENT
6498,73629,73761,12206,358,-107, NO_EVENT
6499,73656,73731,5784,206,45, NO_EVENT
6500,73744,73778,18205,402,88, NO_EVENT
6501,73577,73772,16535,449,-167, NO_EVENT
6502,73812,73730,22323,453,235, NO_EVENT
6503,73822,73740,9896,306,10, NO_EVENT
6504,73749,73806,6784,276,-73, NO_EVENT
6505,73620,73811,21645,389,-184, NO_EVENT
6506,73869,73804,46976,677,249, NO_EVENT
6507,73581,73714,17458,390,-288, NO_EVENT
6508,73802,73770,31907,477,221, NO_EVENT
6509,73673,73777,26078,502,-129, NO_EVENT
6510,73681,73742,6801,215,8, NO_EVENT
6511,73871,73763,8679,228,172, NO_EVENT
6512,73760,73773,36884,640,-6, NO_EVENT
6513,73655,73755,18963,428,-105, NO_EVENT
6514,73572,73737,22669,465,-83, NO_EVENT
6515,73634,73794,25577,508,62, NO_EVENT
6516,73834,73770,29128,556,200, NO_EVENT
6517,73713,73802,8905,221,-121, NO_EVENT
6518,73897,73787,26047,479,130, NO_EVENT
6519,73621,73706,5079,213,-101, NO_EVENT
6520,73664,73759,15728,351,43, NO_EVENT
6521,73864,73777,29725,471,200, NO_EVENT
6522,73735,73670,43087,586,-129, NO_EVENT
6523,73622,73681,8060,253,-113, NO_EVENT
6524,73679,73767,7413,272,-52, NO_EVENT
6525,73563,73763,21255,453,-143, NO_EVENT
6526,73552,73672,17199,409,-11, NO_EVENT
6527,73594,73727,9448,338,42, NO_EVENT
6528,73582,73728,26666,504,-12, NO_EVENT
6529,73694,73747,19589,413,112, NO_EVENT
6530,73558,73687,44350,578,-136, NO_EVENT
6531,73530,73666,12783,337,-147, NO_EVENT
6532,73557,73685,11439,248,-28, NO_EVENT
6533,73394,73648,21170,506,-163, NO_EVENT
6534,73710,73724,51028,783,316, NO_EVENT
6535,73637,73695,13361,367,-73, NO_EVENT
6536,73623,73725,22514,480,-14, NO_EVENT
6537,73714,73728,6888,262,91, NO_EVENT
6538,73330,73668,41589,612,-473, NO_EVENT
6539,73552,73663,5479,234,-140, NO_EVENT
6540,74007,73753,13439,455,455, NO_EVENT
6541,73650,73664,29794,535,-357, NO_EVENT
6542,73533,73653,12350,353,-117, NO_EVENT
6543,73709,73621,10544,316,176, NO_EVENT
6544,73812,73745,11644,335,103, NO_EVENT
6545,73570,73758,22725,480,-63, NO_EVENT
6546,73535,73733,13146,417,-211, NO_EVENT
6547,73780,73752,29332,502,245, NO_EVENT
6548,73833,73833,2244,139,53, NO_EVENT
6549,73768,73798,25443,471,-65, NO_EVENT
6550,73897,73779,50926,663,129, NO_EVENT
6551,73785,73885,3176,159,-112, NO_EVENT
6552,73833,73969,45856,577,62, NO_EVENT
6553,73996,73939,5527,203,163, NO_EVENT
6554,73909,73965,24473,541,-87, NO_EVENT
6555,73909,73979,24485,474,0, NO_EVENT
6556,74100,74030,29508,501,191, NO_EVENT
6557,73901,74032,14470,351,-199, NO_EVENT
6558,74090,74086,11111,289,148, NO_EVENT
6559,73839,74036,26579,487,-251, NO_EVENT
6560,74219,74172,38613,701,380, NO_EVENT
6561,74269,74368,13105,340,50, NO_EVENT
6562,74804,74545,67400,671,535, NO_EVENT
6563,74839,74762,90204,806,205, NO_EVENT
6564,75281,74919,36153,552,442, NO_EVENT
6565,75948,75873,173261,1231,667, NO_EVENT
6566,76977,77250,1343350,3701,1029, NO_EVENT
6567,78707,79122,1153022,3747,1730, NO_EVENT
6568,80010,79358,312792,1526,1303, NO_EVENT
6569,82034,80774,494600,2024,2024, NO_EVENT
6570,82853,82254,85146,951,917, NO_EVENT
6571,85651,83891,493422,2798,2798, NO_EVENT
6572,154977,128613,29286784,69326,69326, TOUCHED
6573,142466,148763,43792765,13586,-12511, TOUCHED
6574,156371,150663,31958441,14287,13905, TOUCHED
6575,120684,147893,149420268,35687,-35687, TOUCHED
6576,83464,87415,51213610,37220,-37220, UNTOUCHED
6577,82241,83249,176326,1578,-1102, NO_EVENT
6578,81578,82075,87968,853,-663, NO_EVENT
6579,80338,80996,446224,1925,-1240, NO_EVENT
6580,78224,79505,476323,2218,-2114, NO_EVENT
6581,78633,78668,113068,817,409, NO_EVENT
6582,77032,77925,678022,2291,-1601, NO_EVENT
6583,75700,76750,583001,1924,-1332, NO_EVENT
6584,74664,75402,181382,1250,-1220, NO_EVENT
6585,74661,74750,40804,623,-3, NO_EVENT
6586,74080,74283,41433,581,-581, NO_EVENT
6587,74131,74140,7269,285,51, NO_EVENT
6588,74091,74108,33864,599,-40, NO_EVENT
6589,73811,74141,58192,654,-294, NO_EVENT
6590,74253,74095,22766,494,442, NO_EVENT
6591,73913,74082,43829,592,-340, NO_EVENT
6592,74048,74224,32087,581,135, NO_EVENT
6593,74927,74496,87020,879,879, NO_EVENT
6594,80617,76630,3448703,5445,5445, NO_EVENT
6595,83359,81255,1424986,3475,2742, NO_EVENT
6596,150942,128811,130642477,67583,67583, TOUCHED
6597,147166,147916,17085909,9884,-3776, TOUCHED
6598,83789,97497,106696909,42826,-42826, UNTOUCHED
6599,82043,82987,253700,1534,-1133, NO_EVENT
6600,78953,81049,741439,3090,-3090, NO_EVENT
6601,79857,78990,341848,1626,904, NO_EVENT
6602,77802,77557,799740,2844,525, NO_EVENT
6603,76262,77140,95649,1540,-1540, NO_EVENT
6604,77653,77188,1000005,2954,1391, NO_EVENT
6605,77211,77572,480193,1987,718, NO_EVENT
6606,79394,77976,1396538,2935,2183, NO_EVENT
6607,77257,77509,393677,1884,246, NO_EVENT
6608,76297,77155,440234,1885,-960, NO_EVENT
6609,76668,76471,176957,1267,371, NO_EVENT
6610,76214,77386,1089182,2741,-585, NO_EVENT
6611,75311,76057,87817,1004,-903, NO_EVENT
6612,75414,75572,133466,1083,103, NO_EVENT
6613,74839,74996,23587,416,-335, NO_EVENT
6614,74334,74797,49728,756,-505, NO_EVENT
6615,74202,74527,37570,669,-132, NO_EVENT
6616,74709,74538,48872,665,507, NO_EVENT
6617,74579,74704,37472,571,68, NO_EVENT
6618,76092,75183,154666,1513,1513, NO_EVENT
6619,81745,78940,2802460,5653,5653, NO_EVENT
6620,150468,124949,165711861,64254,64254, TOUCHED
6621,143154,147389,13886334,9230,-3562, TOUCHED
6622,83518,125812,95384813,66247,-66247, UNTOUCHED
6623,81041,82499,426207,2477,-2477, NO_EVENT
6624,79512,79918,349207,1582,-1529, NO_EVENT
6625,76443,78535,780674,2943,-2943, NO_EVENT
6626,75660,76534,280719,1656,-783, NO_EVENT
6627,74834,75600,249966,1272,-1272, NO_EVENT
6628,74692,74744,39794,515,-142, NO_EVENT
6629,74576,74611,67978,758,-116, NO_EVENT
6630,74128,74349,22577,452,-448, NO_EVENT
6631,74143,74288,53382,674,15, NO_EVENT
6632,74454,74227,17673,390,165, NO_EVENT
6633,74185,74170,40270,664,-269, NO_EVENT
6634,73960,74088,16137,393,-225, NO_EVENT
6635,73838,74190,64133,705,-122, NO_EVENT
6636,73949,74077,46959,684,111, NO_EVENT
6637,74203,74130,26352,474,172, NO_EVENT
6638,74239,74133,14074,340,93, NO_EVENT
6639,75307,74750,130878,1147,1068, NO_EVENT
6640,79028,77121,2029217,3721,3721, NO_EVENT
6641,117300,90891,159228172,37714,37714, TOUCHED
6642,121140,122273,21165678,11774,3840, TOUCHED
6643,99305,112833,33124329,21835,-21835, TOUCHED
6644,89852,93682,11678060,9453,-9453, UNTOUCHED
6645,83191,85583,4999885,5253,-5248, NO_EVENT
6646,79115,81460,1258940,3667,-3667, NO_EVENT
6647,76294,78773,1888281,4712,-2821, NO_EVENT
6648,74613,75342,306788,1709,-714, NO_EVENT
6649,74074,74514,74333,992,-539, NO_EVENT
6650,74665,74182,41802,686,591, NO_EVENT
6651,74080,74193,101738,809,-585, NO_EVENT
6652,74275,74312,26431,554,195, NO_EVENT
6653,74215,74218,11579,325,-106, NO_EVENT
6654,73853,73970,18639,420,-362, NO_EVENT
6655,73817,73862,29653,524,-36, NO_EVENT
6656,73670,73930,24158,500,-147, NO_EVENT
6657,73717,73870,14073,409,47, NO_EVENT
6658,73836,73854,24704,485,119, NO_EVENT
6659,73938,73972,21539,393,157, NO_EVENT
6660,73904,73821,15241,364,100, NO_EVENT
6661,73948,74128,70259,743,44, NO_EVENT
6662,75032,74580,89585,1084,1084, NO_EVENT
6663,79733,76794,2570802,4701,4701, NO_EVENT
6664,152018,87994,33255506,71908,71829, TOUCHED
6665,143532,148296,30853906,12148,-8486, TOUCHED
6666,158155,148949,20594627,14623,14623, TOUCHED
6667,101542,147817,135667577,56613,-56613, TOUCHED
6668,81749,86047,36246741,19793,-19793, UNTOUCHED
6669,76930,80434,1466397,4943,-4819, NO_EVENT
6670,74282,75513,675490,2648,-2648, NO_EVENT
6671,74252,74453,80564,874,-324, NO_EVENT
6672,74047,74266,40912,470,-205, NO_EVENT
6673,73837,74036,63332,780,-210, NO_EVENT
6674,74064,73998,48859,674,227, NO_EVENT
6675,73852,73970,50841,617,-212, NO_EVENT
6676,73905,73874,8155,256,-68, NO_EVENT
6677,73724,73833,12821,327,-50, NO_EVENT
6678,74050,74016,34758,576,326, NO_EVENT
6679,74098,74162,29923,550,48, NO_EVENT
6680,74011,74240,41454,606,-87, NO_EVENT
6681,74689,74581,102271,1068,678, NO_EVENT
6682,76374,75158,308088,1734,1734, NO_EVENT
6683,76891,76433,204187,1305,517, NO_EVENT
6684,79635,78331,852114,2744,2744, NO_EVENT
6685,82666,81885,413133,3031,3031, NO_EVENT
6686,157804,125678,15408107,74165,74165, TOUCHED
6687,157082,154548,14976830,8401,-722, TOUCHED
6688,158942,157065,3508364,4330,883, TOUCHED
6689,91413,144644,43208888,68769,-67529, UNTOUCHED
6690,83654,86380,8082759,8037,-7759, NO_EVENT
6691,82182,82918,261597,1473,-1472, NO_EVENT
6692,80732,81757,381571,1825,-1450, NO_EVENT
6693,79747,80034,406310,2162,-1473, NO_EVENT
6694,78406,78928,412564,1622,-1341, NO_EVENT
6695,76756,77349,1214668,3297,-844, NO_EVENT
6696,76027,75827,418359,1886,-729, NO_EVENT
6697,74845,75202,117193,1182,-1182, NO_EVENT
6698,74639,74586,30570,458,79, NO_EVENT
6699,74263,74373,17009,398,-83, NO_EVENT
6700,74034,74351,143939,1194,-229, NO_EVENT
6701,73892,74259,31393,667,-142, NO_EVENT
6702,74210,74237,28505,557,318, NO_EVENT
6703,74451,74312,22313,454,337, NO_EVENT
6704,74731,74843,47444,637,-111, NO_EVENT
6705,77673,75511,377554,2942,2942, NO_EVENT
6706,80789,78697,1731074,3607,3116, NO_EVENT
6707,129997,107121,63329771,61327,49208, TOUCHED
6708,151321,139822,79398433,21324,21324, TOUCHED
6709,128927,138618,106016313,22394,-22394, TOUCHED
6710,84284,91264,90406760,25588,-25084, UNTOUCHED
6711,81228,82184,598946,2228,-2228, NO_EVENT
6712,76309,79381,2963356,4919,-4919, NO_EVENT
6713,74455,75204,247665,1340,-1340, NO_EVENT
6714,74284,74429,38230,575,-171, NO_EVENT
6715,73760,74023,65630,743,-524, NO_EVENT
6716,73933,73899,5513,247,173, NO_EVENT
6717,73847,73945,26280,427,-54, NO_EVENT
6718,73651,73847,18990,469,-105, NO_EVENT
6719,73779,73847,14167,347,128, NO_EVENT
6720,73873,73878,8048,270,94, NO_EVENT
6721,73572,73889,25579,527,-301, NO_EVENT
6722,73614,73830,52948,705,42, NO_EVENT
6723,73735,73833,21802,496,121, NO_EVENT
6724,73776,73862,37560,574,34, NO_EVENT
6725,73742,73736,11223,310,-16, NO_EVENT
6726,73827,73854,36889,569,85, NO_EVENT
6727,73775,73842,14136,380,-52, NO_EVENT
6728,73934,73792,20961,437,159, NO_EVENT
6729,73734,73842,28317,454,-200, NO_EVENT
6730,73942,73914,70316,860,386, NO_EVENT
6731,73908,73885,11747,321,77, NO_EVENT
6732,73788,73829,35284,595,-120, NO_EVENT
6733,73959,73844,31056,561,171, NO_EVENT
6734,73638,73836,26275,521,-321, NO_EVENT
6735,73736,73752,24669,497,98, NO_EVENT
6736,73848,73947,17317,414,-84, NO_EVENT
6737,74652,74226,91964,806,789, NO_EVENT
6738,76628,75754,1295734,3367,1976, NO_EVENT
6739,82672,80102,4293625,6044,6044, NO_EVENT
6740,156157,152063,56582234,16954,14996, TOUCHED
6741,153407,157099,4929011,5754,-2750, TOUCHED
6742,160692,156924,15392659,8031,7285, TOUCHED
6743,144803,155787,34294619,16431,-15889, TOUCHED
6744,82588,112413,18709178,68005,-62215, UNTOUCHED
6745,79142,80205,1603440,3117,-2609, NO_EVENT
6746,74770,76014,1608333,4372,-4372, NO_EVENT
6747,74174,74395,106994,878,-596, NO_EVENT
6748,73697,73969,37663,610,-384, NO_EVENT
6749,73749,73827,11584,249,-27, NO_EVENT
6750,74089,73839,17735,401,340, NO_EVENT
6751,73549,73826,25279,540,-540, NO_EVENT
6752,73660,73892,41200,679,111, NO_EVENT
6753,73770,73796,10007,280,110, NO_EVENT
6754,73851,73879,3176,180,31, NO_EVENT
6755,73791,73855,40278,646,174, NO_EVENT
6756,73815,73882,15651,374,24, NO_EVENT
6757,73655,73879,26418,481,-160, NO_EVENT
6758,73735,73852,33646,560,80, NO_EVENT
6759,74153,73943,46810,579,418, NO_EVENT
6760,76257,75272,512289,2104,2104, NO_EVENT
6761,82859,79924,2323498,6602,6602, NO_EVENT
6762,158957,125071,47888856,76098,76098, TOUCHED
6763,160398,157001,13925661,8313,1441, TOUCHED
6764,156591,158866,5218609,5270,-1050, TOUCHED
6765,85236,133124,92050875,72806,-71355, UNTOUCHED
6766,82238,83140,428772,1658,-1538, NO_EVENT
6767,79133,81096,901077,3105,-3105, NO_EVENT
6768,77492,78784,605886,2351,-1641, NO_EVENT
6769,75153,75833,256633,1290,-1253, NO_EVENT
6770,74486,74830,120697,1044,-667, NO_EVENT
6771,73905,74285,54772,781,-581, NO_EVENT
6772,73794,74126,32027,601,-111, NO_EVENT
6773,73837,73925,16916,328,43, NO_EVENT
6774,73810,73917,30335,516,50, NO_EVENT
6775,73806,73799,5220,205,4, NO_EVENT
6776,73543,73798,28940,538,-263, NO_EVENT
6777,73702,73797,25146,566,159, NO_EVENT
6778,73627,73913,29145,545,-75, NO_EVENT
6779,73947,73853,14940,340,320, NO_EVENT
6780,73879,73889,4343,190,-68, NO_EVENT
6781,73870,73943,43102,627,13, NO_EVENT
6782,74062,74053,29316,460,192, NO_EVENT
6783,75039,74343,72414,977,977, NO_EVENT
6784,80274,77158,2476730,5235,5235, NO_EVENT
6785,129435,105412,60183971,49267,47657, TOUCHED
6786,149413,140300,51491428,19978,19978, TOUCHED
6787,140908,144246,5906720,8505,-8505, TOUCHED
6788,82998,103774,65671575,57910,-57910, UNTOUCHED
6789,80939,82128,992059,2901,-2059, NO_EVENT
6790,75471,78093,1821481,4454,-3369, NO_EVENT
6791,74177,74854,230352,1310,-1294, NO_EVENT
6792,74036,74059,29126,529,-141, NO_EVENT
6793,73958,73997,28485,548,-78, NO_EVENT
6794,73915,73901,17796,458,-2, NO_EVENT
6795,73699,73906,12462,346,-162, NO_EVENT
6796,74056,73998,9545,414,357, NO_EVENT
6797,73853,73965,5036,239,-203, NO_EVENT
6798,74205,73999,14973,364,352, NO_EVENT
6799,74330,74238,19025,391,125, NO_EVENT
6800,74312,74234,45943,623,434, NO_EVENT
6801,74385,74118,20770,412,302, NO_EVENT
6802,74365,74216,38404,455,-20, NO_EVENT
6803,74325,74239,27350,410,-40, NO_EVENT
6804,74092,74143,29814,472,-233, NO_EVENT
6805,74126,74104,20975,483,66, NO_EVENT
6806,73783,74033,41433,683,-261, NO_EVENT
6807,74048,73953,19380,394,265, NO_EVENT
6808,74362,74073,19788,531,314, NO_EVENT
6809,76467,74999,378205,2105,2105, NO_EVENT
6810,153577,89344,56211407,77110,77110, TOUCHED
6811,156766,157019,13415560,8255,3189, TOUCHED
6812,158069,158631,3226735,4365,1303, TOUCHED
6813,153786,156779,6455427,6189,-6189, TOUCHED
6814,81598,97822,112243029,52817,-52817, UNTOUCHED
6815,76146,78866,1770811,4353,-3984, NO_EVENT
6816,74383,75127,799734,2573,-1763, NO_EVENT
6817,74145,74080,48418,540,-238, NO_EVENT
6818,73823,73984,68021,777,-322, NO_EVENT
6819,73780,73854,22007,480,-48, NO_EVENT
6820,73731,73789,1921,141,-86, NO_EVENT
6821,73619,73934,23461,464,-112, NO_EVENT
6822,73760,73838,32041,514,141, NO_EVENT
6823,73840,73955,17651,359,80, NO_EVENT
6824,73927,73928,24735,493,87, NO_EVENT
6825,73861,73868,41935,681,-95, NO_EVENT
6826,73954,73861,19264,421,75, NO_EVENT
6827,74029,73935,7922,274,75, NO_EVENT
6828,74012,73881,9053,278,-17, NO_EVENT
6829,73794,73960,32876,569,-218, NO_EVENT
6830,73760,73795,25225,476,-34, NO_EVENT
6831,73818,73871,24979,510,-169, NO_EVENT
6832,73707,73853,45261,684,-181, NO_EVENT
6833,73770,73803,13135,342,63, NO_EVENT
6834,73840,73918,17177,399,70, NO_EVENT
6835,73849,73938,10155,254,9, NO_EVENT
6836,74799,74317,94822,950,950, NO_EVENT
6837,80449,76842,3623411,5847,5847, NO_EVENT
6838,146388,114520,26626201,65939,65939, TOUCHED
6839,154627,151379,10824789,7544,1662, TOUCHED
6840,106389,137886,139914132,45245,-43842, TOUCHED
6841,82375,87038,41017101,24014,-24014, UNTOUCHED
6842,79393,81295,694762,2982,-2982, NO_EVENT
6843,79156,79339,880406,2935,-237, NO_EVENT
6844,75276,76672,987130,3880,-3880, NO_EVENT
6845,75036,75294,79505,871,-240, NO_EVENT
6846,74939,74955,65144,715,-358, NO_EVENT
6847,74737,74859,17450,396,-202, NO_EVENT
6848,74720,74712,82511,751,-17, NO_EVENT
6849,74495,74622,73641,845,-225, NO_EVENT
6850,74599,74569,48982,746,104, NO_EVENT
6851,74614,74680,19422,353,-292, NO_EVENT
6852,74839,74697,65211,722,225, NO_EVENT
6853,75681,75010,67861,1073,842, NO_EVENT
6854,76937,76048,243640,1502,1256, NO_EVENT
6855,79585,77867,720187,2691,1362, NO_EVENT
6856,81882,80288,1205730,3126,2297, NO_EVENT
6857,158758,100742,167201099,76876,76876, TOUCHED
6858,161084,156933,15136797,9262,2326, TOUCHED
6859,152065,159300,5121113,9019,-9019, TOUCHED
6860,126026,150744,103694858,34261,-26039, TOUCHED
6861,84392,92871,157618567,41634,-41634, UNTOUCHED
6862,83580,83502,91583,1186,-812, NO_EVENT
6863,82236,82379,86298,1406,-1344, NO_EVENT
6864,80077,80951,231618,1627,-1627, NO_EVENT
6865,79213,79787,233375,1240,-864, NO_EVENT
6866,79292,78932,376215,1689,79, NO_EVENT
6867,76807,77743,432666,2485,-2485, NO_EVENT
6868,75596,75986,320290,1534,-1498, NO_EVENT
6869,75204,75279,80846,852,-392, NO_EVENT
6870,74651,74703,101123,817,-553, NO_EVENT
6871,74385,74476,27679,483,-266, NO_EVENT
6872,74208,74198,29926,595,45, NO_EVENT
6873,74310,74218,3344,174,102, NO_EVENT
6874,73957,74166,19720,358,-353, NO_EVENT
6875,74219,74170,41036,581,262, NO_EVENT
6876,74247,74372,84130,729,28, NO_EVENT
6877,74574,74615,45842,622,42, NO_EVENT
6878,76819,75456,385730,2245,2245, NO_EVENT
6879,82047,78930,3254853,5228,5228, NO_EVENT
6880,148905,116133,8142840,66498,66498, TOUCHED
6881,126424,142169,63277712,22481,-22481, TOUCHED
6882,89466,120281,75786371,49694,-36958, UNTOUCHED
6883,82281,84129,4379269,7185,-7185, NO_EVENT
6884,76995,79890,2159904,5286,-5286, NO_EVENT
6885,75305,75959,578520,2138,-1690, NO_EVENT
6886,73949,74299,105283,910,-585, NO_EVENT
6887,73816,73781,3897,222,-133, NO_EVENT
6888,73663,73799,18077,340,-153, NO_EVENT
6889,73652,73779,9750,333,-11, NO_EVENT
6890,73597,73843,19186,473,-55, NO_EVENT
6891,73748,73705,32026,562,151, NO_EVENT
6892,73752,73764,21453,482,82, NO_EVENT
6893,73638,73664,17503,433,-38, NO_EVENT
6894,73632,73634,3914,206,-6, NO_EVENT
6895,73606,73669,24183,513,-26, NO_EVENT
6896,73537,73602,21896,436,-69, NO_EVENT
6897,73452,73637,20657,465,-85, NO_EVENT
6898,73532,73624,21117,428,80, NO_EVENT
6899,73654,73669,9681,323,8, NO_EVENT
6900,73643,73625,24200,475,134, NO_EVENT
6901,73562,73683,13099,368,-81, NO_EVENT
6902,73779,73634,36238,578,217, NO_EVENT
6903,73569,73597,18081,396,-210, NO_EVENT
6904,73552,73597,14846,361,-17, NO_EVENT
6905,73563,73699,44588,570,11, NO_EVENT
6906,73590,73634,10557,323,-17, NO_EVENT
6907,73802,73667,8819,240,216, NO_EVENT
6908,73497,73665,11051,325,-305, NO_EVENT
6909,73548,73634,22905,466,51, NO_EVENT
6910,73537,73702,11641,379,-11, NO_EVENT
6911,73401,73650,26057,567,-136, NO_EVENT
6912,73679,73617,20249,458,278, NO_EVENT
6913,73606,73626,38757,695,-21, NO_EVENT
6914,73666,73667,35762,586,-102, NO_EVENT
6915,73549,73680,12697,376,-117, NO_EVENT
6916,73490,73604,17281,409,-59, NO_EVENT
6917,73622,73619,10602,347,132, NO_EVENT
6918,73647,73636,18242,474,25, NO_EVENT
6919,73786,73703,4196,153,139, NO_EVENT
6920,73633,73630,17341,461,14, NO_EVENT
6921,73549,73613,19665,457,-75, NO_EVENT
6922,73609,73610,19679,387,60, NO_EVENT
6923,73461,73626,16083,439,-148, NO_EVENT
6924,73611,73701,15440,482,150, NO_EVENT
6925,73603,73700,13256,321,-8, NO_EVENT
6926,73577,73630,10503,290,-26, NO_EVENT
6927,73526,73602,13209,363,60, NO_EVENT
6928,73674,73720,19607,436,14, NO_EVENT
6929,73615,73626,7706,280,-59, NO_EVENT
6930,73640,73637,13821,370,25, NO_EVENT
6931,73559,73660,14702,372,-81, NO_EVENT
6932,73228,73637,28457,741,-331, NO_EVENT
6933,73562,73565,22690,545,334, NO_EVENT
6934,73536,73655,13425,374,-80, NO_EVENT
6935,73616,73627,19810,429,24, NO_EVENT
6936,73571,73669,19277,415,-45, NO_EVENT
6937,73386,73616,11429,424,-185, NO_EVENT
6938,73605,73552,29687,527,219, NO_EVENT
6939,73462,73695,21345,543,-143, NO_EVENT
6940,73547,73539,14266,354,85, NO_EVENT
6941,73570,73597,14813,358,56, NO_EVENT
6942,73607,73618,19810,423,150, NO_EVENT
6943,73537,73629,11759,330,-70, NO_EVENT
6944,73586,73631,2400,175,49, NO_EVENT
6945,73505,73605,8247,279,-81, NO_EVENT
6946,73565,73622,8199,309,60, NO_EVENT
6947,73526,73582,15221,419,-39, NO_EVENT
6948,73554,73604,6882,224,28, NO_EVENT
6949,73523,73668,27653,470,-98, NO_EVENT
6950,73654,73480,30177,460,421, NO_EVENT
6951,73395,73621,8708,322,-259, NO_EVENT
6952,73578,73602,15682,462,183, NO_EVENT
6953,73456,73609,12193,354,-122, NO_EVENT
6954,73454,73583,13923,349,-2, NO_EVENT
6955,73584,73634,23594,486,130, NO_EVENT
6956,73682,73644,15762,347,126, NO_EVENT
6957,73586,73600,5796,233,8, NO_EVENT
6958,73520,73601,9483,299,-66, NO_EVENT
6959,73634,73634,9466,314,114, NO_EVENT
6960,73529,73599,5367,224,-105, NO_EVENT
6961,73461,73565,25965,516,-68, NO_EVENT
6962,73555,73602,8159,285,94, NO_EVENT
6963,73689,73641,17391,442,257, NO_EVENT
6964,73651,73576,1297,127,81, NO_EVENT
6965,73548,73625,7550,228,-103, NO_EVENT
6966,73440,73571,30930,581,-108, NO_EVENT
6967,73503,73569,14142,335,63, NO_EVENT
6968,73417,73635,11525,427,-86, NO_EVENT
6969,73658,73616,17481,413,241, NO_EVENT
6970,73632,73614,20426,432,135, NO_EVENT
6971,73568,73608,20685,422,96, NO_EVENT
6972,73638,73628,14256,391,70, NO_EVENT
6973,73620,73652,303,58,-18, NO_EVENT
6974,73576,73665,16495,383,-44, NO_EVENT
6975,73645,73625,8047,290,69, NO_EVENT
6976,73615,73649,31841,511,-30, NO_EVENT
6977,73575,73651,6469,241,-3, NO_EVENT
6978,73654,73591,11036,301,132, NO_EVENT
6979,73720,73621,2899,178,66, NO_EVENT
6980,73546,73635,17485,388,-174, NO_EVENT
6981,73379,73546,13440,286,-167, NO_EVENT
6982,73693,73607,16267,468,314, NO_EVENT
6983,73561,73627,11516,310,-132, NO_EVENT
6984,73550,73645,7665,279,-114, NO_EVENT
6985,73577,73629,13160,377,-98, NO_EVENT
6986,73624,73636,5888,213,47, NO_EVENT
6987,73389,73581,21697,468,-235, NO_EVENT
6988,73581,73618,13075,409,192, NO_EVENT
6989,73644,73632,22659,455,63, NO_EVENT
6990,73608,73669,12231,339,-36, NO_EVENT
6991,73569,73602,18547,453,32, NO_EVENT
6992,73601,73595,28890,552,236, NO_EVENT
6993,73616,73584,7264,268,15, NO_EVENT
6994,73617,73638,3034,143,1, NO_EVENT
6995,73425,73587,12552,379,-192, NO_EVENT
6996,73551,73673,17334,448,126, NO_EVENT
6997,73696,73660,13891,356,145, NO_EVENT
6998,73596,73623,7945,238,32, NO_EVENT
6999,73555,73639,12945,307,-139, NO_EVENT
7000,73559,73574,926,88,4, NO_EVENT
7001,73572,73553,9369,316,13, NO_EVENT
7002,73436,73637,14452,433,-136, NO_EVENT
7003,73473,73578,27357,509,37, NO_EVENT
7004,73324,73547,9660,416,-149, NO_EVENT
7005,73718,73590,26197,518,394, NO_EVENT
7006,73577,73628,16156,391,115, NO_EVENT
7007,73577,73593,3885,198,93, NO_EVENT
7008,73525,73598,10479,307,-52, NO_EVENT
7009,73556,73623,5669,254,31, NO_EVENT
7010,73480,73576,18924,414,-76, NO_EVENT
7011,73590,73598,14299,379,110, NO_EVENT
7012,73565,73604,11109,322,-25, NO_EVENT
7013,73658,73652,12691,340,-34, NO_EVENT
7014,73568,73593,19895,459,155, NO_EVENT
7015,73568,73560,5494,238,0, NO_EVENT
7016,73550,73543,1118,111,-18, NO_EVENT
7017,73688,73575,14483,395,138, NO_EVENT
7018,73355,73583,25058,527,-333, NO_EVENT
7019,73590,73561,17684,435,235, NO_EVENT
7020,73586,73587,10640,328,64, NO_EVENT
7021,73612,73511,22345,430,179, NO_EVENT
7022,73625,73572,6738,273,13, NO_EVENT
7023,73678,73592,6209,236,53, NO_EVENT
7024,73613,73600,5370,242,-65, NO_EVENT
7025,73415,73617,17617,483,-198, NO_EVENT
7026,73565,73534,15537,382,150, NO_EVENT
7027,73522,73561,11869,348,-48, NO_EVENT
7028,73629,73593,11454,333,118, NO_EVENT
7029,73595,73573,7934,271,-99, NO_EVENT
7030,73615,73590,2747,142,20, NO_EVENT
7031,73562,73593,9494,295,-53, NO_EVENT
7032,73365,73588,16742,460,-197, NO_EVENT
7033,73446,73575,9972,348,81, NO_EVENT
7034,73613,73600,27350,473,167, NO_EVENT
7035,73524,73604,23759,503,89, NO_EVENT
7036,73594,73609,1390,115,-42, NO_EVENT
7037,73538,73609,15419,410,-56, NO_EVENT
7038,73586,73595,21211,463,48, NO_EVENT
7039,73599,73556,20875,458,13, NO_EVENT
7040,73484,73590,20375,455,-115, NO_EVENT
7041,73603,73599,7957,298,119, NO_EVENT
7042,73518,73533,11939,359,-27, NO_EVENT
7043,73629,73568,25232,529,70, NO_EVENT
7044,73503,73537,11386,343,-126, NO_EVENT
7045,73609,73573,10686,303,106, NO_EVENT
7046,73526,73558,1789,119,-83, NO_EVENT
7047,73552,73635,11873,344,26, NO_EVENT
7048,73539,73580,9528,313,-13, NO_EVENT
7049,73531,73573,21690,501,176, NO_EVENT
7050,73571,73635,13689,320,24, NO_EVENT
7051,73559,73523,11300,339,-12, NO_EVENT
7052,73590,73626,5908,222,31, NO_EVENT
7053,73551,73578,7181,271,-39, NO_EVENT
7054,73477,73587,16639,399,-74, NO_EVENT
7055,73515,73554,19367,408,38, NO_EVENT
7056,73632,73602,32971,612,117, NO_EVENT
7057,73709,73581,29254,503,358, NO_EVENT
7058,73506,73513,12571,291,111, NO_EVENT
7059,73601,73577,21737,428,95, NO_EVENT
7060,73583,73591,22472,490,-18, NO_EVENT
7061,73389,73581,11890,359,-194, NO_EVENT
7062,73651,73570,13732,400,262, NO_EVENT
7063,73601,73592,19786,442,-50, NO_EVENT
7064,73530,73578,8052,298,113, NO_EVENT
7065,73580,73600,16169,394,126, NO_EVENT
7066,73550,73579,7543,291,-30, NO_EVENT
7067,73567,73589,11367,325,17, NO_EVENT
7068,73660,73608,5848,216,93, NO_EVENT
7069,73438,73621,7992,326,-222, NO_EVENT
7070,73517,73586,8276,288,79, NO_EVENT
7071,73513,73572,11167,299,-15, NO_EVENT
7072,73630,73595,17567,412,161, NO_EVENT
7073,73635,73610,8031,307,5, NO_EVENT
7074,73660,73596,10775,329,25, NO_EVENT
7075,73581,73656,5814,241,-79, NO_EVENT
7076,73647,73643,13453,344,66, NO_EVENT
7077,73550,73607,9596,308,-97, NO_EVENT
7078,73618,73617,15282,354,105, NO_EVENT
7079,73558,73547,8907,303,123, NO_EVENT
7080,73518,73563,4502,188,-40, NO_EVENT
7081,73783,73638,4400,265,265, NO_EVENT
7082,73631,73637,15481,360,-152, NO_EVENT
7083,73583,73586,11581,349,-48, NO_EVENT
7084,73630,73619,15392,404,47, NO_EVENT
7085,73620,73630,20837,442,-56, NO_EVENT
7086,73581,73584,11763,320,127, NO_EVENT
7087,73697,73587,12511,314,116, NO_EVENT
7088,73555,73560,6268,248,-142, NO_EVENT
7089,73673,73622,3817,180,118, NO_EVENT
7090,73550,73583,6885,232,-123, NO_EVENT
7091,73590,73586,18774,436,40, NO_EVENT
7092,73570,73570,4415,211,-20, NO_EVENT
7093,73563,73628,7501,251,-35, NO_EVENT
7094,73645,73649,5245,189,46, NO_EVENT
7095,73645,73659,7402,239,0, NO_EVENT
7096,73558,73588,11946,325,-87, NO_EVENT
7097,73453,73593,11267,321,-105, NO_EVENT
7098,73565,73590,9811,295,112, NO_EVENT
7099,73632,73544,28242,533,67, NO_EVENT
7100,73598,73594,10079,301,96, NO_EVENT
7101,73549,73635,10258,277,-44, NO_EVENT
7102,73529,73584,5159,230,-20, NO_EVENT
7103,73478,73539,1460,104,-51, NO_EVENT
7104,73547,73531,11456,321,69, NO_EVENT
7105,73422,73593,5479,320,-125, NO_EVENT
7106,73593,73565,11633,325,171, NO_EVENT
7107,73566,73575,18817,406,-56, NO_EVENT
7108,73603,73571,9424,297,122, NO_EVENT
7109,73560,73573,13527,327,-43, NO_EVENT
7110,73602,73640,11834,324,42, NO_EVENT
7111,73501,73601,10760,317,-101, NO_EVENT
7112,73516,73553,22476,515,15, NO_EVENT
7113,73669,73671,5519,248,153, NO_EVENT
7114,73613,73564,11428,339,103, NO_EVENT
7115,73616,73580,19695,363,207, NO_EVENT
7116,73560,73553,4167,192,-56, NO_EVENT
7117,73618,73632,5108,216,58, NO_EVENT
7118,73579,73602,5747,251,-39, NO_EVENT
7119,73504,73630,11829,366,-75, NO_EVENT
7120,73643,73659,6109,248,139, NO_EVENT
7121,73628,73633,10539,319,50, NO_EVENT
7122,73602,73558,12832,296,175, NO_EVENT
7123,73683,73621,5966,212,81, NO_EVENT
7124,73611,73601,6803,246,-72, NO_EVENT
7125,73515,73608,4627,212,-96, NO_EVENT
7126,73645,73587,5131,184,130, NO_EVENT
7127,73602,73591,5644,233,-43, NO_EVENT
7128,73673,73651,3815,175,71, NO_EVENT
7129,73553,73579,18448,443,32, NO_EVENT
7130,73575,73572,3993,163,104, NO_EVENT
7131,73576,73611,1763,102,1, NO_EVENT
7132,73692,73642,14559,350,116, NO_EVENT
7133,73636,73610,5739,183,-56, NO_EVENT
7134,73628,73650,9564,322,-8, NO_EVENT
7135,73571,73630,7131,249,-57, NO_EVENT
7136,73591,73599,10532,310,-7, NO_EVENT
7137,73583,73564,2908,178,24, NO_EVENT
7138,73660,73604,12698,377,77, NO_EVENT
7139,73620,73566,20755,475,-40, NO_EVENT
7140,73594,73623,12444,317,-26, NO_EVENT
7141,73593,73622,5509,181,-1, NO_EVENT
7142,73536,73614,16841,372,-57, NO_EVENT
7143,73650,73575,12418,339,136, NO_EVENT
7144,73639,73592,15256,363,269, NO_EVENT
7145,73575,73631,18941,403,-64, NO_EVENT
7146,73628,73631,7701,284,53, NO_EVENT
7147,73605,73631,10377,285,-23, NO_EVENT
7148,73479,73627,15543,397,-126, NO_EVENT
7149,73642,73696,13635,376,163, NO_EVENT
7150,73854,73774,10988,295,51, NO_EVENT
7151,73646,73763,8929,256,-256, NO_EVENT
7152,73955,73900,8299,353,309, NO_EVENT
7153,74791,74357,40478,836,836, NO_EVENT
7154,76218,75488,277256,1427,1427, NO_EVENT
7155,79752,77578,1086304,3526,3526, NO_EVENT
7156,82064,81055,793129,2374,2312, NO_EVENT
7157,85890,84139,2167098,3548,3548, NO_EVENT
7158,218901,203472,22478445,133011,133011, TOUCHED
7159,219027,218701,108755,668,126, TOUCHED
7160,89719,169707,5714373,127453,-127453, UNTOUCHED
7161,83588,84678,3658709,6897,-6131, NO_EVENT
7162,82229,82648,147649,1359,-1359, NO_EVENT
7163,82129,82141,47913,633,356, NO_EVENT
7164,81999,82013,12771,345,-130, NO_EVENT
7165,82599,82240,35217,607,600, NO_EVENT
7166,84171,83203,312397,1730,1730, NO_EVENT
7167,208750,130799,155360610,124579,124579, TOUCHED
7168,218324,217751,11309754,10682,9574, TOUCHED
7169,138461,211780,124160239,80418,-79863, TOUCHED
7170,84100,95022,99116673,54361,-54361, UNTOUCHED
7171,83231,83453,222674,1431,-869, NO_EVENT
7172,82670,82807,181463,1133,-561, NO_EVENT
7173,82144,82349,8683,295,-130, NO_EVENT
7174,82555,82319,19551,411,411, NO_EVENT
7175,83254,83054,272661,1392,699, NO_EVENT
7176,88832,85607,5716111,5614,5578, NO_EVENT
7177,219105,193199,39093878,130273,130273, TOUCHED
7178,219131,219047,6923,170,26, TOUCHED
7179,89648,177114,89938967,129483,-129483, UNTOUCHED
7180,83169,86238,3715125,6479,-6479, NO_EVENT
7181,82407,83061,117297,1070,-762, NO_EVENT
7182,81955,82243,28180,508,-452, NO_EVENT
7183,82143,81876,29938,531,264, NO_EVENT
7184,82100,81989,17189,354,-43, NO_EVENT
7185,83114,82522,149285,1014,1014, NO_EVENT
7186,219443,103785,115832939,136485,136458, TOUCHED
7187,219333,219354,6198,161,-110, TOUCHED
7188,218140,218909,158858,1193,-1193, TOUCHED
7189,83184,111991,2378346,134956,-134956, UNTOUCHED
7190,80200,82221,573788,2984,-2984, NO_EVENT
7191,76645,78481,1819017,3555,-3555, NO_EVENT
7192,76141,76844,1108047,2991,-1479, NO_EVENT
7193,75425,75409,226630,1417,-716, NO_EVENT
7194,76245,75694,305332,1592,820, NO_EVENT
7195,78163,76713,358953,2001,1918, NO_EVENT
7196,83117,81241,2021851,4954,4954, NO_EVENT
7197,216114,127205,113377003,132867,132867, TOUCHED
7198,218349,219009,2523753,4357,2235, TOUCHED
7199,88900,117638,23207180,129449,-129449, UNTOUCHED
7200,82900,85238,2750467,6000,-6000, NO_EVENT
7201,83100,83231,40604,568,200, NO_EVENT
7202,82296,82515,35541,546,-312, NO_EVENT
7203,82558,82314,12718,406,262, NO_EVENT
7204,82542,82454,13091,315,-16, NO_EVENT
7205,83179,82970,88236,866,637, NO_EVENT
7206,83944,83520,91880,810,637, NO_EVENT
7207,124740,98691,148947739,40796,40796, TOUCHED
7208,218199,203832,161050933,94681,93459, TOUCHED
7209,88500,179054,99160036,130602,-129699, UNTOUCHED
7210,82759,84605,3810981,5741,-5741, NO_EVENT
7211,81702,81961,197793,1427,-1057, NO_EVENT
7212,79082,80364,568012,2620,-2620, NO_EVENT
7213,79344,79036,362281,1669,262, NO_EVENT
7214,78629,79201,243900,1383,-715, NO_EVENT
7215,81587,80162,656018,2958,2958, NO_EVENT
7216,83768,82486,421233,2181,2181, NO_EVENT
7217,217496,134647,19124453,133728,133728, TOUCHED
7218,169658,205478,61943502,47838,-47838, TOUCHED
7219,86746,97079,26266274,35187,-35187, UNTOUCHED
7220,83567,83876,863484,3756,-3179, NO_EVENT
7221,82135,82567,281141,1463,-1396, NO_EVENT
7222,80796,81508,184529,1339,-1339, NO_EVENT
7223,80346,80534,196661,1401,-450, NO_EVENT
7224,80303,80556,372991,1457,-808, NO_EVENT
7225,81548,81062,229611,1286,1245, NO_EVENT
7226,83362,82426,258387,1814,1814, NO_EVENT
7227,219163,107533,37013758,135936,135936, TOUCHED
7228,220025,219051,115121,1239,862, TOUCHED
7229,90629,127558,85383877,129396,-129396, UNTOUCHED
7230,83712,86841,4521082,6917,-6917, NO_EVENT
7231,83207,83300,68224,685,-505, NO_EVENT
7232,81640,82241,57722,811,-811, NO_EVENT
7233,81054,81193,458040,1938,-586, NO_EVENT
7234,79889,80070,280913,1638,-1165, NO_EVENT
7235,79709,79643,316252,1427,758, NO_EVENT
7236,78618,79416,377263,1744,-1091, NO_EVENT
7237,81442,79826,432063,2245,2199, NO_EVENT
7238,82319,81559,344953,1718,877, NO_EVENT
7239,86097,83552,1391440,3778,3778, NO_EVENT
7240,219262,153135,86572255,133165,133165, TOUCHED
7241,219157,218728,169884,825,825, TOUCHED
7242,87164,173205,32987294,130515,-130515, UNTOUCHED
7243,82890,83514,839869,4289,-4274, NO_EVENT
7244,82349,82495,35078,501,-198, NO_EVENT
7245,82261,82150,17994,357,-88, NO_EVENT
7246,82373,82084,25350,428,112, NO_EVENT
7247,83127,82624,147827,931,754, NO_EVENT
7248,89291,85094,6300299,6408,6408, NO_EVENT
7249,217769,176705,88183488,128478,128478, TOUCHED
7250,217320,218679,1551679,2646,-449, TOUCHED
7251,218203,217957,85341,883,883, TOUCHED
7252,100004,197262,110868460,119778,-118199, TOUCHED
7253,84938,87452,9618937,15066,-15066, UNTOUCHED
7254,83482,83396,316196,2014,-1456, NO_EVENT
7255,83401,83235,39026,528,-88, NO_EVENT
7256,88391,85818,3665180,4990,4990, NO_EVENT
7257,219700,167135,145275350,101085,101085, TOUCHED
7258,220061,218235,997054,2847,956, TOUCHED
7259,219717,218852,1288615,2297,-344, TOUCHED
7260,218229,219613,166873,1520,-1488, TOUCHED
7261,84647,132723,103862276,133582,-133582, UNTOUCHED
7262,82705,83260,291223,1942,-1942, NO_EVENT
7263,82137,82204,90055,870,-450, NO_EVENT
7264,81823,81761,55156,707,-314, NO_EVENT
7265,82111,81959,16579,334,288, NO_EVENT
7266,83538,82481,113791,1445,1445, NO_EVENT
7267,110833,94813,171416891,27308,27295, TOUCHED
7268,218726,205651,23399612,107893,107893, TOUCHED
7269,148610,213578,23933044,71528,-70116, TOUCHED
7270,85368,96801,29961906,63242,-63242, UNTOUCHED
7271,83165,83699,442243,2203,-2203, NO_EVENT
7272,82522,82882,150760,886,-643, NO_EVENT
7273,81852,82227,44153,670,-670, NO_EVENT
7274,83306,82525,69322,1097,1097, NO_EVENT
7275,87310,83709,1172500,4141,4004, NO_EVENT
7276,202440,138908,79365846,115130,115130, TOUCHED
7277,219202,218328,10554557,16762,16762, TOUCHED
7278,93833,175098,1417814,124549,-124549, UNTOUCHED
7279,84799,88140,7230874,9034,-9034, NO_EVENT
7280,83383,83444,373816,2138,-1416, NO_EVENT
7281,82422,82685,109276,961,-961, NO_EVENT
7282,82756,82384,17672,489,489, NO_EVENT
7283,83723,83099,127490,1029,967, NO_EVENT
7284,92171,86619,5954496,8448,8448, NO_EVENT
7285,218503,158147,158570877,126332,126332, TOUCHED
7286,218732,219051,236449,1048,229, TOUCHED
7287,199934,214268,64885389,18906,-18798, TOUCHED
7288,87876,94322,42112144,18349,-18349, UNTOUCHED
7289,83486,84486,1123227,2467,-2418, NO_EVENT
7290,83784,83459,97320,849,677, NO_EVENT
7291,83070,83487,117539,905,-714, NO_EVENT
7292,86633,84071,1366045,3563,3563, NO_EVENT
7293,204337,117036,4380322,117704,117704, TOUCHED
7294,217830,215384,39020902,15144,13493, TOUCHED
7295,218208,218985,824027,2019,378, TOUCHED
7296,87828,110517,60082497,130380,-130380, UNTOUCHED
7297,83349,85209,2271025,4479,-4479, NO_EVENT
7298,83217,83362,128177,1015,-132, NO_EVENT
7299,82501,82808,48454,673,-673, NO_EVENT
7300,83085,82730,28439,584,584, NO_EVENT
7301,84001,83379,69819,916,916, NO_EVENT
7302,130444,105521,144858311,46443,46443, TOUCHED
7303,220043,215759,131914060,89599,89599, TOUCHED
7304,88139,119570,85240792,113360,-113360, UNTOUCHED
7305,82959,84955,2583903,5180,-5180, NO_EVENT
7306,82792,83159,303157,1570,37, NO_EVENT
7307,82319,82352,78796,833,-473, NO_EVENT
7308,82305,82218,23856,485,-14, NO_EVENT
7309,82554,82561,47643,673,249, NO_EVENT
7310,84134,83529,232400,1342,1342, NO_EVENT
7311,201477,128663,62596722,115571,115571, TOUCHED
7312,154953,214077,5092072,64168,-46524, TOUCHED
7313,86249,103462,161195490,68704,-68704, UNTOUCHED
7314,83088,84036,745934,2633,-2633, NO_EVENT
7315,82377,82418,96914,1009,-711, NO_EVENT
7316,82477,82338,21281,391,100, NO_EVENT
7317,85247,83724,645022,2770,2770, NO_EVENT
7318,218669,137696,91230139,130486,130486, TOUCHED
7319,217505,218667,382028,1645,-1164, TOUCHED
7320,86494,105549,158458764,131011,-131011, UNTOUCHED
7321,82560,83677,937372,3934,-3934, NO_EVENT
7322,81023,81912,310726,1537,-1537, NO_EVENT
7323,78537,79439,924225,2679,-939, NO_EVENT
7324,75480,77481,1336588,3639,-3057, NO_EVENT
7325,74706,75066,118949,870,-774, NO_EVENT
7326,74063,74357,64526,701,-524, NO_EVENT
7327,73712,73895,20764,426,-351, NO_EVENT
7328,73766,73816,25032,460,54, NO_EVENT
7329,73729,73707,29073,553,-37, NO_EVENT
7330,73729,73701,26345,484,0, NO_EVENT
7331,73387,73566,24406,418,-342, NO_EVENT
7332,73649,73683,26667,439,81, NO_EVENT
7333,73547,73542,1375,94,-46, NO_EVENT
7334,73503,73596,31146,497,-44, NO_EVENT
7335,73583,73679,22718,486,80, NO_EVENT
7336,73607,73584,10799,331,24, NO_EVENT
7337,73633,73646,6472,227,26, NO_EVENT
7338,73509,73601,3924,169,-124, NO_EVENT
7339,73557,73604,6628,237,-79, NO_EVENT
7340,73486,73539,7557,224,63, NO_EVENT
7341,73534,73567,23062,468,48, NO_EVENT
7342,73638,73549,16880,423,104, NO_EVENT
7343,73506,73599,14050,360,-132, NO_EVENT
7344,73627,73568,12677,336,121, NO_EVENT
7345,73599,73587,6571,249,-28, NO_EVENT
7346,73452,73559,12919,355,-75, NO_EVENT
7347,73652,73664,15566,428,-25, NO_EVENT
7348,73622,73605,10180,311,-30, NO_EVENT
7349,73607,73617,29005,542,-15, NO_EVENT
7350,73524,73595,13077,299,-83, NO_EVENT
7351,73594,73610,6881,246,70, NO_EVENT
7352,73551,73665,11474,268,-43, NO_EVENT
7353,73626,73621,2449,168,16, NO_EVENT
7354,73645,73658,8624,297,25, NO_EVENT
7355,73559,73572,15905,410,-86, NO_EVENT
7356,73554,73615,4967,167,-5, NO_EVENT
7357,73556,73614,5420,186,2, NO_EVENT
7358,73640,73620,5698,230,84, NO_EVENT
7359,73505,73577,2012,135,-135, NO_EVENT
7360,73382,73621,11924,328,-316, NO_EVENT
7361,73720,73657,4289,179,131, NO_EVENT
7362,73565,73647,14013,367,-155, NO_EVENT
7363,73484,73604,6293,269,-81, NO_EVENT
7364,73579,73597,14794,354,95, NO_EVENT
7365,73601,73569,14630,368,22, NO_EVENT
7366,73590,73665,9502,266,-11, NO_EVENT
7367,73410,73600,11472,319,-301, NO_EVENT
7368,73707,73637,14764,366,126, NO_EVENT
7369,73657,73544,11074,320,-50, NO_EVENT
7370,73593,73648,12205,327,-64, NO_EVENT
7371,73544,73605,11160,364,-49, NO_EVENT
7372,73645,73619,16495,373,101, NO_EVENT
7373,73603,73620,11607,334,-42, NO_EVENT
7374,73457,73586,9996,331,-100, NO_EVENT
7375,73638,73648,6186,235,-29, NO_EVENT
7376,73623,73580,2707,165,-15, NO_EVENT
7377,73641,73603,12207,314,18, NO_EVENT
7378,73605,73709,17285,435,-36, NO_EVENT
7379,73617,73600,11837,343,12, NO_EVENT
7380,73460,73608,13939,392,-157, NO_EVENT
7381,73411,73565,31492,531,-49, NO_EVENT
7382,73616,73641,21491,397,57, NO_EVENT
7383,73586,73543,3738,177,57, NO_EVENT
7384,73602,73610,29296,525,16, NO_EVENT
7385,73590,73588,5933,221,-12, NO_EVENT
7386,73593,73624,14766,347,3, NO_EVENT
7387,73613,73615,2190,137,20, NO_EVENT
7388,73648,73647,7537,259,35, NO_EVENT
7389,73570,73645,10373,316,-72, NO_EVENT
7390,73506,73573,3470,153,-9, NO_EVENT
7391,73548,73603,2021,185,42, NO_EVENT
7392,73577,73598,3299,157,29, NO_EVENT
7393,73572,73688,8331,273,-5, NO_EVENT
7394,73625,73560,3065,180,53, NO_EVENT
7395,73649,73599,18761,459,24, NO_EVENT
7396,73509,73557,7644,255,-34, NO_EVENT
7397,73611,73632,25512,531,76, NO_EVENT
7398,73574,73610,12457,333,-37, NO_EVENT
7399,73583,73587,7036,275,9, NO_EVENT
7400,73694,73636,15788,373,111, NO_EVENT
7401,73606,73575,30662,552,-88, NO_EVENT
7402,73470,73589,19041,409,-136, NO_EVENT
7403,73495,73581,4654,199,-106, NO_EVENT
7404,73479,73638,29762,555,-182, NO_EVENT
7405,73625,73588,17735,394,146, NO_EVENT
7406,73659,73571,8303,209,34, NO_EVENT
7407,73496,73664,10401,345,-163, NO_EVENT
7408,73606,73572,10155,294,110, NO_EVENT
7409,73633,73677,22004,430,27, NO_EVENT
7410,73537,73606,11819,338,-53, NO_EVENT
7411,73803,73653,4554,242,121, NO_EVENT
7412,73569,73691,16082,387,-234, NO_EVENT
7413,73460,73578,21946,470,-109, NO_EVENT
7414,73602,73594,24429,499,142, NO_EVENT
7415,73578,73585,12788,337,-24, NO_EVENT
7416,73686,73641,16472,383,108, NO_EVENT
7417,73621,73658,20476,401,64, NO_EVENT
7418,73568,73587,1407,118,-33, NO_EVENT
7419,73604,73603,4913,181,46, NO_EVENT
7420,73604,73668,16841,342,0, NO_EVENT
7421,73644,73646,7740,283,40, NO_EVENT
7422,73544,73584,9635,286,-100, NO_EVENT
7423,73559,73673,12698,354,15, NO_EVENT
7424,73621,73634,10337,305,62, NO_EVENT
7425,73612,73566,12126,351,91, NO_EVENT
7426,73464,73515,4434,208,-51, NO_EVENT
7427,73647,73655,9731,349,183, NO_EVENT
7428,73689,73599,6778,244,42, NO_EVENT
7429,73511,73640,21142,432,-178, NO_EVENT
7430,73573,73627,21672,448,62, NO_EVENT
7431,73330,73618,29210,584,-243, NO_EVENT
7432,73481,73579,6592,238,-138, NO_EVENT
7433,73543,73601,3178,148,-120, NO_EVENT
7434,73516,73576,9280,287,-27, NO_EVENT
7435,73483,73592,7590,222,-33, NO_EVENT
7436,73652,73611,47229,647,169, NO_EVENT
7437,73538,73664,12208,350,-114, NO_EVENT
7438,73505,73571,9281,274,-33, NO_EVENT
7439,73259,73531,17340,430,-232, NO_EVENT
7440,73587,73585,17743,400,-111, NO_EVENT
7441,73538,73587,27271,521,-49, NO_EVENT
7442,73584,73625,12218,322,46, NO_EVENT
7443,73584,73634,9412,237,0, NO_EVENT
7444,73579,73593,3540,193,-5, NO_EVENT
7445,73416,73584,14878,366,-163, NO_EVENT
7446,73457,73632,25490,485,-156, NO_EVENT
7447,73592,73631,16533,426,20, NO_EVENT
7448,73676,73633,6848,264,84, NO_EVENT
7449,73505,73543,8610,279,-171, NO_EVENT
7450,73608,73608,7819,276,103, NO_EVENT
7451,73646,73642,11632,330,38, NO_EVENT
7452,73493,73587,3062,153,-153, NO_EVENT
7453,73616,73658,6271,244,14, NO_EVENT
7454,73556,73609,11162,264,-178, NO_EVENT
7455,73482,73603,21400,443,-74, NO_EVENT
7456,73622,73629,14129,360,140, NO_EVENT
7457,73609,73629,8410,315,-13, NO_EVENT
7458,73684,73638,8761,293,75, NO_EVENT
7459,73613,73694,11059,288,-71, NO_EVENT
7460,73571,73648,5308,219,13, NO_EVENT
7461,73529,73640,19072,376,-45, NO_EVENT
7462,73456,73576,5643,226,-73, NO_EVENT
7463,73580,73616,12701,380,124, NO_EVENT
7464,73559,73343,63997,635,632, NO_EVENT
7465,73567,73580,275,49,10, NO_EVENT
7466,73521,73529,513,74,-21, NO_EVENT
7467,73351,73426,3043,177,-170, NO_EVENT
7468,73025,73234,9832,326,-326, NO_EVENT
7469,72737,72839,6904,288,-288, NO_EVENT
7470,72686,72730,649,82,-51, NO_EVENT
7471,72687,72675,198,35,1, NO_EVENT
7472,72677,72686,181,41,-10, NO_EVENT
7473,72614,72644,858,75,-63, NO_EVENT
7474,72607,72601,431,59,-7, NO_EVENT
7475,72656,72618,735,70,49, NO_EVENT
7476,72684,72669,490,63,27, NO_EVENT
7477,72708,72684,178,37,37, NO_EVENT
7478,72713,72705,505,66,56, NO_EVENT
7479,72774,72738,512,60,56, NO_EVENT
7480,72774,72767,604,75,47, NO_EVENT
7481,72867,72845,558,104,93, NO_EVENT
7482,72952,72905,782,85,85, NO_EVENT
7483,73066,72996,1628,132,114, NO_EVENT
7484,73232,73129,3824,181,166, NO_EVENT
7485,73431,73319,2687,199,199, NO_EVENT
7486,73513,73467,1466,108,82, NO_EVENT
7487,73511,73521,116,32,-2, NO_EVENT
7488,73557,73536,641,66,-6, NO_EVENT
7489,73536,73550,528,64,9, NO_EVENT
7490,73418,73496,1336,118,-118, NO_EVENT
7491,72782,73120,46970,636,-636, NO_EVENT
7492,72019,72374,57479,763,-763, NO_EVENT
7493,71600,71808,15210,419,-419, NO_EVENT
7494,71218,71402,12576,382,-382, NO_EVENT
7495,70876,71041,10751,342,-342, NO_EVENT
7496,70529,70681,9410,347,-347, NO_EVENT
7497,70234,70359,8416,295,-295, NO_EVENT
7498,69906,70047,7611,239,-232, NO_EVENT
7499,69605,69712,7368,248,-227, NO_EVENT
7500,69296,69449,7992,309,-309, NO_EVENT
7501,69095,69182,5038,201,-201, NO_EVENT
7502,68832,68920,5098,263,-263, NO_EVENT
7503,68471,68658,8290,306,-306, NO_EVENT
7504,67981,68237,23110,490,-490, NO_EVENT
7505,67898,67936,1237,93,-83, NO_EVENT
7506,67948,67882,1338,111,50, NO_EVENT
7507,67853,67907,1425,97,-95, NO_EVENT
7508,67892,67864,936,86,39, NO_EVENT
7509,67910,67882,1286,111,18, NO_EVENT
7510,67949,67920,905,72,14, NO_EVENT
7511,67948,67889,1841,122,-1, NO_EVENT
7512,67854,67865,861,119,-94, NO_EVENT
7513,67850,67859,1504,114,-38, NO_EVENT
7514,67909,67879,992,88,59, NO_EVENT
7515,67858,67885,2186,109,-51, NO_EVENT
7516,67850,67868,843,98,-45, NO_EVENT
7517,67835,67833,173,38,-15, NO_EVENT
7518,67827,67864,1197,101,-8, NO_EVENT
7519,67838,67863,2290,117,-15, NO_EVENT
7520,67810,67868,1393,104,-28, NO_EVENT
7521,67851,67848,1670,122,41, NO_EVENT
7522,67927,67883,1207,102,71, NO_EVENT
7523,67859,67859,1514,112,-68, NO_EVENT
7524,67838,67862,2189,146,-21, NO_EVENT
7525,67867,67863,1335,98,0, NO_EVENT
7526,67919,67870,1239,107,52, NO_EVENT
7527,67928,67883,1604,109,9, NO_EVENT
7528,67914,67854,1247,112,112, NO_EVENT
7529,67840,67855,1341,110,-74, NO_EVENT
7530,67872,67871,1225,107,32, NO_EVENT
7531,67906,67886,1161,81,-13, NO_EVENT
7532,67881,67874,1151,96,-25, NO_EVENT
7533,67926,67866,1997,124,45, NO_EVENT
7534,67894,67903,956,79,17, NO_EVENT
7535,67967,67918,1421,107,73, NO_EVENT
7536,68018,67942,2024,130,51, NO_EVENT
7537,68002,67974,2313,144,71, NO_EVENT
7538,68362,68263,11649,416,360, NO_EVENT
7539,68619,68540,5545,259,257, NO_EVENT
7540,68893,68755,4095,231,231, NO_EVENT
7541,69153,69004,8043,271,260, NO_EVENT
7542,69721,69419,31504,568,568, NO_EVENT
7543,70616,70090,85699,895,895, NO_EVENT
7544,86299,75971,42012316,15683,15683, TOUCHED
7545,86277,86318,423,73,-22, TOUCHED
7546,86217,86214,2221,133,-60, TOUCHED
7547,73498,82145,29676249,12719,-12719, UNTOUCHED
7548,71483,72090,240469,1390,-1390, NO_EVENT
7549,71193,71242,4246,164,-153, NO_EVENT
7550,71497,71337,10026,281,281, NO_EVENT
7551,72590,72017,108382,998,998, NO_EVENT
7552,85884,83007,24562186,12727,12716, TOUCHED
7553,85809,85882,1840,109,-109, TOUCHED
7554,85760,85822,4146,169,-141, TOUCHED
7555,80596,84186,3002971,5164,-5164, TOUCHED
7556,72488,74109,6051796,8108,-8108, UNTOUCHED
7557,72082,72264,16960,406,-406, NO_EVENT
7558,72238,72111,1606,163,156, NO_EVENT
7559,73671,72779,252317,1433,1433, NO_EVENT
7560,85687,85532,91191,785,756, TOUCHED
7561,85598,85632,3687,163,-89, TOUCHED
7562,73091,79454,30460133,12507,-12507, UNTOUCHED
7563,71474,72079,201346,1617,-1617, NO_EVENT
7564,70768,71025,42183,706,-706, NO_EVENT
7565,70387,70518,9144,265,-265, NO_EVENT
7566,70170,70218,2854,165,-153, NO_EVENT
7567,70302,70178,969,147,132, NO_EVENT
7568,85400,74959,35064436,15098,15098, TOUCHED
7569,84144,85121,239696,1285,-1219, TOUCHED
7570,71318,73196,4514739,6375,-6375, UNTOUCHED
7571,70032,70533,84064,956,-956, NO_EVENT
7572,69623,69816,16115,409,-409, NO_EVENT
7573,69401,69483,6374,253,-222, NO_EVENT
7574,69533,69413,2566,171,132, NO_EVENT
7575,71394,70208,376612,1861,1861, NO_EVENT
7576,85547,84857,7890574,14477,14153, TOUCHED
7577,71982,79277,28979976,13565,-13565, UNTOUCHED
7578,70104,70892,293895,1878,-1878, NO_EVENT
7579,69300,69621,56632,804,-804, NO_EVENT
7580,69032,69084,5386,306,-268, NO_EVENT
7581,68957,68949,1907,137,19, NO_EVENT
7582,69103,69017,2973,150,146, NO_EVENT
7583,69539,69313,21010,436,436, NO_EVENT
7584,70521,69968,88529,982,982, NO_EVENT
7585,85672,79705,49338795,15162,15151, TOUCHED
7586,72403,82676,20254386,13342,-13342, UNTOUCHED
7587,70646,71303,243282,1757,-1757, NO_EVENT
7588,69958,70227,41268,688,-688, NO_EVENT
7589,69705,69782,5115,253,-253, NO_EVENT
7590,69712,69693,101,34,15, NO_EVENT
7591,69818,69727,1256,119,116, NO_EVENT
7592,70191,69963,11413,373,373, NO_EVENT
7593,71378,70632,120943,1187,1187, NO_EVENT
7594,86063,81824,38977815,14704,14685, TOUCHED
7595,72390,77771,31398320,13673,-13673, UNTOUCHED
7596,71004,71647,180108,1386,-1386, NO_EVENT
7597,70320,70636,42768,684,-684, NO_EVENT
7598,70086,70198,4896,234,-234, NO_EVENT
7599,70209,70158,1266,123,123, NO_EVENT
7600,70726,70466,24424,517,517, NO_EVENT
7601,86111,73317,22784088,15271,15271, TOUCHED
7602,86605,86738,41141,748,494, TOUCHED
7603,74006,81596,23337893,12599,-12599, UNTOUCHED
7604,71237,71994,417723,1899,-1899, NO_EVENT
7605,70456,70696,35559,560,-560, NO_EVENT
7606,70468,70410,623,90,12, NO_EVENT
7607,70855,70619,14947,387,387, NO_EVENT
7608,71833,71273,78766,978,978, NO_EVENT
7609,87793,80024,49489778,15960,15960, TOUCHED
7610,87923,87869,1093,130,130, TOUCHED
7611,74464,82905,31181615,13459,-13459, UNTOUCHED
7612,71598,72469,474136,2041,-2041, NO_EVENT
7613,70605,70975,61858,754,-754, NO_EVENT
7614,70350,70472,6967,255,-255, NO_EVENT
7615,70482,70376,1882,155,132, NO_EVENT
7616,71047,70678,32789,574,565, NO_EVENT
7617,87513,72766,10327599,16466,16466, TOUCHED
7618,88165,88053,56343,681,652, TOUCHED
7619,74210,84726,26756754,13955,-13955, UNTOUCHED
7620,71715,72634,505465,2495,-2495, NO_EVENT
7621,71043,71355,33172,672,-672, NO_EVENT
7622,70891,70967,3760,157,-152, NO_EVENT
7623,70959,70907,554,76,68, NO_EVENT
7624,71203,71058,5409,244,244, NO_EVENT
7625,71860,71490,32863,657,657, NO_EVENT
7626,88171,78310,51310289,16311,16311, TOUCHED
7627,88279,88268,89,27,5, TOUCHED
7628,88048,88198,7131,229,-229, TOUCHED
7629,85153,87041,1044084,2768,-2768, TOUCHED
7630,72730,74744,6681595,7666,-7666, UNTOUCHED
7631,71924,72232,43845,614,-614, NO_EVENT
7632,71569,71735,15013,308,-308, NO_EVENT
7633,71332,71423,3008,171,-171, NO_EVENT
7634,71317,71298,413,64,-12, NO_EVENT
7635,71647,71456,9687,317,317, NO_EVENT
7636,87481,75939,33305145,15685,15685, TOUCHED
7637,85562,86338,985695,2404,-1919, TOUCHED
7638,72361,77794,28437165,13201,-13201, UNTOUCHED
7639,70967,71577,189180,1394,-1394, NO_EVENT
7640,70285,70594,40123,682,-682, NO_EVENT
7641,69822,70036,17619,463,-463, NO_EVENT
7642,69666,69705,1825,177,-156, NO_EVENT
7643,69552,69547,386,55,-11, NO_EVENT
7644,69700,69575,1835,166,166, NO_EVENT
7645,70822,70026,75479,1122,1122, NO_EVENT
7646,86440,84350,26697232,16301,15618, TOUCHED
7647,85411,85885,66989,1029,-1029, TOUCHED
7648,71624,80673,24426999,13787,-13787, UNTOUCHED
7649,69627,70176,166138,1255,-1255, NO_EVENT
7650,69292,69412,11823,335,-335, NO_EVENT
7651,69200,69212,1538,120,-92, NO_EVENT
7652,69275,69225,569,83,75, NO_EVENT
7653,69627,69423,15861,352,352, NO_EVENT
7654,85284,72665,30528491,15567,15567, TOUCHED
7655,85876,86051,34730,898,592, TOUCHED
7656,72157,81698,23441254,13719,-13719, UNTOUCHED
7657,70035,70907,430464,2122,-2122, NO_EVENT
7658,69413,69643,30161,622,-622, NO_EVENT
7659,69154,69260,5776,259,-259, NO_EVENT
7660,69223,69192,349,56,48, NO_EVENT
7661,69324,69262,2575,130,121, NO_EVENT
7662,69595,69465,7189,271,271, NO_EVENT
7663,70393,69907,53872,798,798, NO_EVENT
7664,85284,78364,44586964,14942,14891, TOUCHED
7665,85263,85305,1195,73,-73, TOUCHED
7666,79508,84933,1284399,5838,-5811, TOUCHED
7667,70526,72726,6962099,8982,-8982, UNTOUCHED
7668,69632,69987,78871,894,-894, NO_EVENT
7669,69287,69402,9897,345,-345, NO_EVENT
7670,69144,69176,1339,156,-143, NO_EVENT
7671,69234,69154,1959,139,96, NO_EVENT
7672,70137,69546,58333,864,864, NO_EVENT
7673,84620,75125,31600398,14483,14483, TOUCHED
7674,71485,76999,25790648,12424,-12424, UNTOUCHED
7675,69762,70380,211196,1723,-1723, NO_EVENT
7676,69222,69425,23210,540,-540, NO_EVENT
7677,68952,69060,4261,234,-234, NO_EVENT
7678,68846,68905,1417,109,-106, NO_EVENT
7679,68913,68856,1038,116,67, NO_EVENT
7680,69048,68949,3642,156,135, NO_EVENT
7681,69385,69180,8580,327,327, NO_EVENT
7682,69899,69608,18714,514,514, NO_EVENT
7683,71281,70419,169819,1382,1382, NO_EVENT
7684,84573,80409,31249399,13578,13292, TOUCHED
7685,71527,75226,23619050,13046,-13046, UNTOUCHED
7686,70658,71003,65168,869,-869, NO_EVENT
7687,70410,70485,6110,255,-248, NO_EVENT
7688,70468,70418,842,95,95, NO_EVENT
7689,70805,70633,10081,291,291, NO_EVENT
7690,71535,71187,48856,673,673, NO_EVENT
7691,84781,74605,20627862,13084,13084, TOUCHED
7692,85154,85160,7772,436,373, TOUCHED
7693,76457,83894,4117849,8697,-8697, UNTOUCHED
7694,71897,73600,2318751,4560,-4560, NO_EVENT
7695,70204,70820,180474,1307,-1307, NO_EVENT
7696,69676,69907,27368,528,-528, NO_EVENT
7697,69575,69590,2340,142,-101, NO_EVENT
7698,69801,69645,7759,259,226, NO_EVENT
7699,71473,70439,250073,1672,1672, NO_EVENT
7700,85233,83061,16701551,13865,13760, TOUCHED
7701,85003,85245,16728,369,-230, TOUCHED
7702,72353,76159,19844337,12104,-12104, UNTOUCHED
7703,70848,71371,173940,1505,-1505, NO_EVENT
7704,70268,70472,25005,425,-425, NO_EVENT
7705,70153,70163,772,84,-52, NO_EVENT
7706,70891,70390,39428,702,702, NO_EVENT
7707,85268,77464,38218413,14448,14377, TOUCHED
7708,85245,85296,1287,91,-23, TOUCHED
7709,84668,85131,46379,649,-577, TOUCHED
7710,71727,74698,10580034,9005,-9005, UNTOUCHED
7711,70323,70830,141724,1074,-1074, NO_EVENT
7712,69712,69946,24443,481,-481, NO_EVENT
7713,69468,69589,4557,245,-245, NO_EVENT
7714,69388,69430,1077,91,-80, NO_EVENT
7715,69376,69384,333,57,-12, NO_EVENT
7716,69419,69399,247,43,43, NO_EVENT
7717,69438,69448,456,55,15, NO_EVENT
7718,69413,69432,298,52,-28, NO_EVENT
7719,69344,69390,557,79,-69, NO_EVENT
7720,69238,69291,1593,113,-106, NO_EVENT
7721,69227,69213,321,58,-11, NO_EVENT
7722,69188,69177,671,84,7, NO_EVENT
7723,69130,69150,1125,96,-44, NO_EVENT
7724,69062,69107,1302,94,-68, NO_EVENT
7725,69086,69080,149,35,24, NO_EVENT
7726,69126,69101,350,60,40, NO_EVENT
7727,69180,69157,1044,99,18, NO_EVENT
7728,69268,69241,656,88,88, NO_EVENT
7729,69552,69405,7376,284,284, NO_EVENT
7730,70131,69832,31671,579,579, NO_EVENT
7731,84445,75921,37216961,14314,14314, TOUCHED
7732,83783,84312,30109,662,-662, TOUCHED
7733,71012,73939,17776408,12771,-12771, UNTOUCHED
7734,70366,70627,36129,646,-646, NO_EVENT
7735,70114,70212,4730,252,-252, NO_EVENT
7736,70199,70132,1067,95,85, NO_EVENT
7737,70430,70289,6591,236,236, NO_EVENT
7738,71827,71079,171052,1266,1266, NO_EVENT
7739,84155,83483,1744735,3382,3312, TOUCHED
7740,72200,78399,28591193,11874,-11874, UNTOUCHED
7741,70803,71302,148352,1397,-1397, NO_EVENT
7742,70140,70391,34482,511,-511, NO_EVENT
7743,69900,69969,5297,203,-197, NO_EVENT
7744,70089,69935,2645,218,193, NO_EVENT
7745,70685,70290,37840,604,596, NO_EVENT
7746,83957,75586,33180107,13272,13272, TOUCHED
7747,72621,81160,18873205,11394,-11394, UNTOUCHED
7748,70625,71444,299831,1996,-1996, NO_EVENT
7749,69849,70215,50264,776,-776, NO_EVENT
7750,69511,69666,11171,338,-338, NO_EVENT
7751,69450,69478,695,73,-62, NO_EVENT
7752,69522,69515,783,83,68, NO_EVENT
7753,69784,69656,6257,262,262, NO_EVENT
7754,70569,70088,54765,785,785, NO_EVENT
7755,71536,74426,7327413,7802,967, NO_EVENT
7756,70632,70983,66063,904,-904, NO_EVENT
7757,70139,70395,22061,493,-493, NO_EVENT
7758,69678,69857,21552,462,-461, NO_EVENT
7759,69411,69509,5742,267,-267, NO_EVENT
7760,69442,69409,1026,95,43, NO_EVENT
7761,69590,69515,4430,196,192, NO_EVENT
7762,70339,69889,46414,749,749, NO_EVENT
7763,79658,75948,16308253,9389,9319, TOUCHED
7764,83246,82926,472768,1981,1624, TOUCHED
7765,72893,78888,11859052,10353,-10353, UNTOUCHED
7766,70598,71282,289859,1526,-1526, NO_EVENT
7767,69726,70053,50169,670,-670, NO_EVENT
7768,69412,69560,9330,274,-274, NO_EVENT
7769,69389,69391,474,70,-23, NO_EVENT
7770,69584,69466,3715,195,195, NO_EVENT
7771,70111,69827,26390,527,527, NO_EVENT
7772,83526,75224,30906818,13415,13415, TOUCHED
7773,83633,83587,1186,107,107, TOUCHED
7774,79708,82836,1915966,3959,-3925, TOUCHED
7775,70588,71449,526976,2211,-2211, UNTOUCHED
7776,69882,70134,29684,510,-510, NO_EVENT
7777,69943,69880,634,95,61, NO_EVENT
7778,70547,70170,30356,604,604, NO_EVENT
7779,83515,73762,21246595,12968,12968, TOUCHED
7780,83378,83511,2063,174,-137, TOUCHED
7781,72618,78274,20313626,10760,-10760, UNTOUCHED
7782,70637,71368,233578,1550,-1550, NO_EVENT
7783,70040,70341,32890,597,-597, NO_EVENT
7784,69836,69943,5765,217,-204, NO_EVENT
7785,69903,69857,659,91,67, NO_EVENT
7786,70435,70134,27829,532,532, NO_EVENT
7787,78140,71913,5439577,7705,7705, NO_EVENT
7788,83622,83206,2239482,5630,5482, TOUCHED
7789,71819,77015,23682835,11803,-11803, UNTOUCHED
7790,70648,71167,115881,1171,-1171, NO_EVENT
7791,70111,70357,31772,537,-537, NO_EVENT
7792,69887,69969,4581,224,-224, NO_EVENT
7793,69806,69819,363,59,-24, NO_EVENT
7794,70184,69974,9514,331,331, NO_EVENT
7795,70884,70427,33650,700,700, NO_EVENT
7796,83598,78760,28872919,12714,12714, TOUCHED
7797,83410,83468,5730,197,-188, TOUCHED
7798,73096,79109,15488125,10238,-10238, UNTOUCHED
7799,70874,71809,412155,2222,-2222, NO_EVENT
7800,70083,70398,60983,791,-791, NO_EVENT
7801,69968,69980,1721,153,-115, NO_EVENT
7802,70556,70178,43620,598,588, NO_EVENT
7803,84465,80684,27201110,13605,13565, TOUCHED
7804,84396,84433,3158,136,-69, TOUCHED
7805,81991,83983,410096,2405,-2405, TOUCHED
7806,70842,73521,10015674,11149,-11149, UNTOUCHED
7807,69690,70165,118565,1152,-1152, NO_EVENT
7808,69257,69422,21389,475,-433, NO_EVENT
7809,68922,69026,5694,211,-211, NO_EVENT
7810,68855,68866,915,85,-42, NO_EVENT
7811,69088,68965,5251,233,233, NO_EVENT
7812,69623,69360,25228,535,535, NO_EVENT
7813,83399,72375,19174478,13776,13776, TOUCHED
7814,84802,84376,304034,1432,1403, TOUCHED
7815,84383,84785,32500,531,-419, TOUCHED
7816,74691,81404,9927205,9692,-9692, UNTOUCHED
7817,70107,71256,2209541,4584,-4584, NO_EVENT
7818,69749,69896,11638,358,-358, NO_EVENT
7819,69787,69717,1137,113,38, NO_EVENT
7820,70143,69939,13737,356,356, NO_EVENT
7821,84711,73181,21191295,14456,14456, TOUCHED
7822,84776,84833,4631,207,65, TOUCHED
7823,85110,84902,18248,362,334, TOUCHED
7824,72199,81118,26493266,12850,-12850, UNTOUCHED
7825,70595,71245,239880,1604,-1604, NO_EVENT
7826,70185,70348,14528,410,-410, NO_EVENT
7827,70097,70125,1277,91,-88, NO_EVENT
7828,70329,70195,4905,232,232, NO_EVENT
7829,71371,70794,115967,978,978, NO_EVENT
7830,84841,80890,25028250,13024,13024, TOUCHED
7831,84781,84826,1959,129,-60, TOUCHED
7832,84724,84764,1692,125,-57, TOUCHED
7833,83625,84316,104117,1099,-1099, TOUCHED
7834,69887,72879,21740807,13738,-13738, UNTOUCHED
7835,69642,69743,5336,245,-245, NO_EVENT
7836,69673,69653,362,55,30, NO_EVENT
7837,69772,69712,394,87,87, NO_EVENT
7838,69881,69816,1345,109,109, NO_EVENT
7839,69851,69869,150,34,-30, NO_EVENT
7840,69828,69849,346,49,-23, NO_EVENT
7841,69726,69773,1819,102,-102, NO_EVENT
7842,69641,69691,1500,98,-97, NO_EVENT
7843,69501,69584,2014,142,-142, NO_EVENT
7844,69390,69453,1450,111,-111, NO_EVENT
7845,69370,69370,677,78,-20, NO_EVENT
7846,69233,69290,1703,137,-137, NO_EVENT
7847,69122,69176,1882,111,-111, NO_EVENT
7848,68993,69036,1935,127,-87, NO_EVENT
7849,68901,68924,2155,139,-92, NO_EVENT
7850,68709,68805,3608,192,-192, NO_EVENT
7851,68647,68669,2300,144,-62, NO_EVENT
7852,68527,68580,1462,134,-53, NO_EVENT
7853,68371,68462,2417,156,-156, NO_EVENT
7854,68466,68450,1420,124,95, NO_EVENT
7855,68441,68458,519,60,-33, NO_EVENT
7856,68503,68478,939,91,34, NO_EVENT
7857,68581,68526,1763,120,78, NO_EVENT
7858,68731,68641,2478,151,150, NO_EVENT
7859,68985,68852,5049,254,254, NO_EVENT
7860,69485,69193,22161,500,500, NO_EVENT
7861,78653,70661,5693854,9168,9168, NO_EVENT
7862,85800,84997,5490345,7240,7147, TOUCHED
7863,71069,78300,45218095,14731,-14731, UNTOUCHED
7864,70114,70559,91674,955,-955, NO_EVENT
7865,69704,69897,15647,410,-410, NO_EVENT
7866,69597,69668,1757,124,-107, NO_EVENT
7867,69688,69631,706,91,91, NO_EVENT
7868,70175,69916,22431,487,487, NO_EVENT
7869,85823,74928,42717564,15523,15523, TOUCHED
7870,85517,85791,15630,373,-306, TOUCHED
7871,71141,75897,27271341,14376,-14376, UNTOUCHED
7872,70059,70511,93499,1082,-1082, NO_EVENT
7873,69577,69757,19504,482,-482, NO_EVENT
7874,69349,69405,4705,253,-228, NO_EVENT
7875,69416,69325,1128,127,118, NO_EVENT
7876,69856,69565,13955,440,440, NO_EVENT
7877,85662,75163,40054637,15806,15806, TOUCHED
7878,85659,85720,1088,95,-95, TOUCHED
7879,71830,82099,19232962,13840,-13840, UNTOUCHED
7880,69749,70547,347607,2081,-2081, NO_EVENT
7881,69113,69405,36879,636,-636, NO_EVENT
7882,68949,68993,4084,182,-135, NO_EVENT
7883,68946,68896,488,81,72, NO_EVENT
7884,69340,69094,15525,394,394, NO_EVENT
7885,84917,71225,16581715,15577,15577, TOUCHED
7886,85362,85362,37656,708,445, TOUCHED
7887,83464,84857,362984,1898,-1898, TOUCHED
7888,70994,78561,11051364,12470,-12470, UNTOUCHED
7889,69479,70062,197321,1515,-1515, NO_EVENT
7890,69037,69233,21390,442,-442, NO_EVENT
7891,69002,69003,382,73,-35, NO_EVENT
7892,69121,69046,1028,116,116, NO_EVENT
7893,69285,69192,2861,164,164, NO_EVENT
7894,69887,69557,28702,602,602, NO_EVENT
7895,82926,75132,35332909,13039,13039, TOUCHED
7896,85789,85770,2146,139,114, TOUCHED
7897,71270,78578,41622686,14519,-14519, UNTOUCHED
7898,69980,70403,110115,938,-938, NO_EVENT
7899,69662,69752,4478,217,-217, NO_EVENT
7900,69672,69652,788,81,10, NO_EVENT
7901,70041,69824,14631,369,369, NO_EVENT
7902,71365,70551,158268,1324,1324, NO_EVENT
7903,85770,83342,18631057,14437,14405, TOUCHED
7904,73793,82395,21872026,11993,-11977, UNTOUCHED
7905,71521,72088,212668,1342,-1342, NO_EVENT
7906,70727,71060,48833,676,-676, NO_EVENT
7907,70496,70608,3821,231,-231, NO_EVENT
7908,70485,70485,240,49,-11, NO_EVENT
7909,70716,70582,5481,231,231, NO_EVENT
7910,71462,71014,48967,746,746, NO_EVENT
7911,85884,79753,42428988,14422,14422, TOUCHED
7912,83375,85235,895257,2509,-2509, TOUCHED
7913,70949,72033,1487229,3675,-3675, UNTOUCHED
7914,69946,70362,52847,786,-786, NO_EVENT
7915,69656,69782,9902,290,-290, NO_EVENT
7916,69550,69580,2172,136,-106, NO_EVENT
7917,69553,69542,795,85,3, NO_EVENT
7918,69858,69684,9456,305,305, NO_EVENT
7919,83309,73171,21346893,13389,13389, TOUCHED
7920,83480,84716,703939,2298,171, TOUCHED
7921,72014,76803,17815401,11466,-11466, UNTOUCHED
7922,70659,71242,180379,1355,-1355, NO_EVENT
7923,70158,70318,15696,501,-501, NO_EVENT
7924,70180,70138,689,76,22, NO_EVENT
7925,70633,70417,19504,404,404, NO_EVENT
7926,78581,72467,7283687,7806,7806, NO_EVENT
7927,84230,84837,1822581,6788,5649, TOUCHED
7928,72390,76954,16220335,10242,-10242, UNTOUCHED
7929,71001,71556,139148,1389,-1389, NO_EVENT
7930,70311,70567,38050,690,-690, NO_EVENT
7931,69968,70087,6044,235,-235, NO_EVENT
7932,69733,69829,5248,200,-197, NO_EVENT
7933,69707,69713,275,53,-26, NO_EVENT
7934,69733,69717,358,53,26, NO_EVENT
7935,69969,69820,5034,236,236, NO_EVENT
7936,70599,70251,30850,630,630, NO_EVENT
7937,85397,79068,42426540,15056,14589, TOUCHED
7938,83004,85065,422209,2729,-2393, TOUCHED
7939,70701,75512,20396866,12303,-12303, UNTOUCHED
7940,69617,70064,113476,1084,-1084, NO_EVENT
7941,69250,69431,11696,367,-367, NO_EVENT
7942,69153,69209,1026,105,-97, NO_EVENT
7943,69159,69142,590,78,6, NO_EVENT
7944,69428,69261,4859,246,215, NO_EVENT
7945,70215,69730,52200,787,787, NO_EVENT
7946,85949,77984,46786212,15734,15734, TOUCHED
7947,84685,85710,213758,1304,-1264, TOUCHED
7948,70884,73838,12315378,9703,-9703, UNTOUCHED
7949,69546,70009,114362,992,-992, NO_EVENT
7950,68857,69145,31094,555,-555, NO_EVENT
7951,68505,68691,13527,352,-352, NO_EVENT
7952,68566,68501,1188,118,61, NO_EVENT
7953,68792,68634,12087,336,336, NO_EVENT
7954,69743,69149,66578,924,924, NO_EVENT
7955,83850,79328,32142905,14890,14107, TOUCHED
7956,83351,83425,121403,970,-499, TOUCHED
7957,82756,82986,35829,595,-595, TOUCHED
7958,82245,82912,89946,972,-798, TOUCHED
7959,70499,77487,18737350,11746,-11746, UNTOUCHED
7960,69636,69927,45209,642,-642, NO_EVENT
7961,69497,69533,2774,165,-139, NO_EVENT
7962,69965,69672,18259,468,468, NO_EVENT
7963,83377,72100,12738527,13412,13412, TOUCHED
7964,85705,85260,503742,2329,2328, TOUCHED
7965,85752,85772,918,103,47, TOUCHED
7966,85598,85724,3320,184,-154, TOUCHED
7967,76468,83822,10439786,9130,-9130, UNTOUCHED
7968,69791,70394,284497,1562,-1562, NO_EVENT
7969,69202,69442,21762,474,-474, NO_EVENT
7970,69016,69093,2470,186,-186, NO_EVENT
7971,69059,69018,723,75,43, NO_EVENT
7972,69460,69225,15781,401,401, NO_EVENT
7973,85556,72793,26091230,16016,16016, TOUCHED
7974,85339,85579,19762,413,-217, TOUCHED
7975,84136,84911,200467,1203,-1203, TOUCHED
7976,71041,75563,21540488,11707,-11707, UNTOUCHED
7977,69684,70169,132627,1037,-1037, NO_EVENT
7978,69191,69393,18081,429,-429, NO_EVENT
7979,69335,69207,2315,182,144, NO_EVENT
7980,70421,69685,91091,1086,1086, NO_EVENT
7981,85586,83329,23424732,15165,15165, TOUCHED
7982,85373,85521,6011,253,-213, TOUCHED
7983,79025,83696,4724479,6348,-6348, UNTOUCHED
7984,69256,70529,1829512,4189,-4189, NO_EVENT
7985,68639,68958,32929,617,-617, NO_EVENT
7986,68366,68521,11386,293,-273, NO_EVENT
7987,68072,68194,6572,294,-294, NO_EVENT
7988,67976,67999,3226,164,-108, NO_EVENT
7989,67997,67965,5248,204,21, NO_EVENT
7990,68338,68098,22283,410,341, NO_EVENT
7991,68981,68588,37667,646,646, NO_EVENT
7992,75186,69777,1392687,6205,6205, NO_EVENT
7993,85381,83964,14685151,10522,10195, TOUCHED
7994,70208,75910,41710215,15173,-15173, UNTOUCHED
7995,69606,69860,38136,602,-602, NO_EVENT
7996,69367,69438,5600,239,-239, NO_EVENT
7997,69440,69370,1239,109,73, NO_EVENT
7998,69702,69567,7037,255,255, NO_EVENT
7999,71081,70263,208478,1309,1309, NO_EVENT
8000,85685,85052,1341322,2945,2943, TOUCHED
8001,73289,83497,12618401,12340,-12340, UNTOUCHED
8002,70228,71137,621708,3061,-3061, NO_EVENT
8003,69587,69864,38995,641,-641, NO_EVENT
8004,69368,69441,5132,219,-219, NO_EVENT
8005,69293,69295,184,45,16, NO_EVENT
8006,69504,69387,5709,246,246, NO_EVENT
8007,69956,69690,21002,452,452, NO_EVENT
8008,71116,70415,106566,1160,1160, NO_EVENT
8009,85710,80788,38436189,14682,14594, TOUCHED
8010,71438,76969,34834024,14272,-14272, UNTOUCHED
8011,70553,70914,74542,885,-885, NO_EVENT
8012,70122,70292,13926,431,-431, NO_EVENT
8013,69869,69956,5156,253,-253, NO_EVENT
8014,69824,69837,672,68,-39, NO_EVENT
8015,69937,69861,1261,116,99, NO_EVENT
8016,70098,70023,2463,161,161, NO_EVENT
8017,70258,70179,1349,160,160, NO_EVENT
8018,70647,70419,14534,389,389, NO_EVENT
8019,85667,76020,37132092,15020,15020, TOUCHED
8020,85523,85740,3814,277,-144, TOUCHED
8021,71135,77266,33653131,14388,-14388, UNTOUCHED
8022,69594,70110,127593,1100,-1100, NO_EVENT
8023,69181,69340,20316,413,-413, NO_EVENT
8024,68996,69074,2232,185,-185, NO_EVENT
8025,69217,69100,4514,221,221, NO_EVENT
8026,69798,69526,31161,504,504, NO_EVENT
8027,84168,73351,24401391,14164,14164, TOUCHED
8028,84205,84343,11375,293,37, TOUCHED
8029,76124,81621,5881780,7871,-7871, UNTOUCHED
8030,74675,75910,2600287,4009,-1449, NO_EVENT
8031,69614,70905,2841851,5018,-5018, NO_EVENT
8032,69070,69312,28566,544,-544, NO_EVENT
8033,68835,68906,5236,240,-235, NO_EVENT
8034,68626,68709,3250,209,-209, NO_EVENT
8035,68563,68574,519,73,-32, NO_EVENT
8036,68546,68553,721,77,-17, NO_EVENT
8037,68587,68544,720,79,41, NO_EVENT
8038,68657,68621,1410,107,70, NO_EVENT
8039,68859,68717,3431,221,221, NO_EVENT
8040,69031,68945,4580,212,172, NO_EVENT
8041,69302,69188,7427,271,271, NO_EVENT
8042,69728,69544,15422,426,426, NO_EVENT
8043,70252,69989,30141,476,476, NO_EVENT
8044,71100,70721,69723,772,772, NO_EVENT
8045,72817,71961,284161,1501,1501, NO_EVENT
8046,90539,89017,5713517,6269,6269, TOUCHED
8047,90877,90746,9603,338,338, TOUCHED
8048,91453,91217,26720,576,576, TOUCHED
8049,91776,91583,14239,323,323, TOUCHED
8050,91996,91892,5331,220,220, TOUCHED
8051,92165,92089,1385,169,169, TOUCHED
8052,92269,92231,2466,127,104, TOUCHED
8053,92585,92420,12487,316,316, TOUCHED
8054,93209,92859,34762,533,530, TOUCHED
8055,94916,93970,185278,1707,1707, TOUCHED
8056,180653,116516,96889861,85737,85737, TOUCHED
8057,180653,180653,0,0,0, TOUCHED
8058,201615,413734,67062632,518296,20962, TOUCHED
8059,96602,100586,12818799,9864,-9864, TOUCHED
8060,94543,95304,437130,2059,-2059, TOUCHED
8061,94210,94197,1603,115,-28, TOUCHED
8062,95644,94628,190033,1434,1434, TOUCHED
8063,114035,106934,75736018,18391,18391, TOUCHED
8064,114035,114035,0,0,0, TOUCHED
8065,779445,699595,27317251,665410,665410, TOUCHED
8066,105498,263765,81105008,673947,-673947, TOUCHED
8067,160188,121003,65985390,54690,54690, TOUCHED
8068,160188,160188,0,0,0, TOUCHED
8069,160188,160188,0,0,0, TOUCHED
8070,1050025,978838,37451117,889837,889837, TOUCHED
8071,1050025,1050025,0,0,0, TOUCHED
8072,1050025,1050025,0,0,0, TOUCHED
8073,1050025,1050025,0,0,0, TOUCHED
8074,2230922,1097260,120087463,1180897,1180897, TOUCHED
8075,2230922,2230922,0,0,0, TOUCHED
8076,2230922,2230922,0,0,0, TOUCHED
8077,2230922,2230922,0,0,0, TOUCHED
8078,2230922,2230922,0,0,0, TOUCHED
8079,2230922,2230922,0,0,0, TOUCHED
8080,2476191,2378083,6561652,245269,245269, TOUCHED
8081,2476191,2476191,0,0,0, TOUCHED
8082,2476191,2476191,0,0,0, TOUCHED
8083,2476191,2476191,0,0,0, TOUCHED
8084,2476191,2476191,0,0,0, TOUCHED
8085,2476191,2476191,0,0,0, TOUCHED
8086,2573080,2569204,16881784,96889,96889, TOUCHED
8087,91509,175823,95089348,343560,-343560, TOUCHED
8088,88489,89697,762799,3020,-3020, TOUCHED
8089,87012,87665,188027,1477,-1477, TOUCHED
8090,86432,86692,31826,580,-580, TOUCHED
8091,86199,86282,4744,233,-233, TOUCHED
8092,86282,86221,1861,121,83, TOUCHED
8093,86775,86483,24803,493,493, TOUCHED
8094,87996,87318,137812,1221,1221, TOUCHED
8095,90756,89214,693249,2760,2760, TOUCHED
8096,93647,92956,1116843,2891,2891, TOUCHED
8097,693236,189581,42304216,599589,599589, TOUCHED
8098,465694,665930,141718756,227542,-227542, TOUCHED
8099,98448,147131,111419620,367246,-367246, TOUCHED
8100,92469,94739,2515354,5979,-5979, TOUCHED
8101,89881,91061,596256,2588,-2588, TOUCHED
8102,89089,89420,62021,792,-792, TOUCHED
8103,89267,89137,6445,221,178, TOUCHED
8104,91537,90329,540493,2095,2095, TOUCHED
8105,97710,95672,4861305,5116,5116, TOUCHED
8106,97710,97710,0,0,0, TOUCHED
8107,103624,275976,126721423,723582,5914, TOUCHED
8108,92685,95812,5788781,6937,-6937, TOUCHED
8109,89299,90689,970598,3386,-3386, TOUCHED
8110,88289,88634,96086,1010,-1010, TOUCHED
8111,89116,88521,67730,827,827, TOUCHED
8112,94876,91608,4279063,5760,5760, TOUCHED
8113,94876,94876,0,0,0, TOUCHED
8114,94876,94876,0,0,0, TOUCHED
8115,102628,401349,14428761,1066175,7752, TOUCHED
8116,89893,93988,10651127,12735,-12735, TOUCHED
8117,87441,88409,507241,2452,-2452, TOUCHED
8118,86926,87103,27772,515,-515, TOUCHED
8119,87286,87017,11360,360,360, TOUCHED
8120,88594,87804,152459,1308,1308, TOUCHED
8121,94625,90364,2084252,6031,6031, TOUCHED
8122,94625,94625,0,0,0, TOUCHED
8123,94625,94625,0,0,0, TOUCHED
8124,100536,358700,56843644,1095388,5911, TOUCHED
8125,90342,93114,4447291,5954,-5954, TOUCHED
8126,88043,88921,435706,2299,-2299, TOUCHED
8127,87774,87841,6807,269,-269, TOUCHED
8128,88304,87958,25038,530,530, TOUCHED
8129,90013,89001,234917,1709,1709, TOUCHED
8130,94891,92186,3041187,4878,4878, TOUCHED
8131,94891,94891,0,0,0, TOUCHED
8132,94891,94891,0,0,0, TOUCHED
8133,1434927,202093,50066999,1340036,1340036, TOUCHED
8134,93478,367899,26419662,1341449,-1341449, TOUCHED
8135,89867,91122,922290,3611,-3611, TOUCHED
8136,89362,89496,21402,505,-505, TOUCHED
8137,90108,89641,42435,746,746, TOUCHED
8138,91328,90691,192071,1220,1220, TOUCHED
8139,95570,93293,1568530,3770,3770, TOUCHED
8140,98180,97971,501370,2610,2610, TOUCHED
8141,98180,98180,0,0,0, TOUCHED
8142,98180,98180,0,0,0, TOUCHED
8143,99754,408291,127197979,1276509,1574, TOUCHED
8144,93762,95780,2003411,4070,-4070, TOUCHED
8145,92124,92766,223252,1638,-1638, TOUCHED
8146,92037,92012,2926,151,-87, TOUCHED
8147,92934,92498,73353,787,787, TOUCHED
8148,96209,94262,766022,3275,3275, TOUCHED
8149,100755,99335,3288434,4546,4546, TOUCHED
8150,100755,100755,0,0,0, TOUCHED
8151,1065043,370755,25658746,964288,964288, TOUCHED
8152,102599,366053,138331038,962444,-962444, TOUCHED
8153,95755,98825,5520468,6844,-6844, TOUCHED
8154,92253,93732,960771,3502,-3502, TOUCHED
8155,91265,91563,108450,1034,-988, TOUCHED
8156,92668,91800,261928,1403,1403, TOUCHED
8157,95654,95186,690734,1946,1946, TOUCHED
8158,95654,95654,0,0,0, TOUCHED
8159,116621,343334,135509988,1028506,20967, TOUCHED
8160,96291,104076,47958805,20330,-20330, TOUCHED
8161,90471,93152,2942089,5820,-5820, TOUCHED
8162,87590,89073,746885,2881,-2881, TOUCHED
8163,86101,86873,203860,1489,-1489, TOUCHED
8164,85315,85725,56677,786,-786, TOUCHED
8165,85020,85134,8373,295,-295, TOUCHED
8166,85046,85031,95,27,26, TOUCHED
8167,85828,85402,45604,782,782, TOUCHED
8168,88323,86792,588223,2495,2495, TOUCHED
8169,89753,89638,150505,1430,1430, TOUCHED
8170,89753,89753,0,0,0, TOUCHED
8171,89753,89753,0,0,0, TOUCHED
8172,171850,680627,39813493,1444348,82097, TOUCHED
8173,90442,100367,108560654,81408,-81408, TOUCHED
8174,88306,89180,406522,2136,-2136, TOUCHED
8175,87672,87855,56954,726,-634, TOUCHED
8176,89039,88043,135720,1367,1367, TOUCHED
8177,92824,91150,2449513,3785,3785, TOUCHED
8178,92824,92824,0,0,0, TOUCHED
8179,92824,92824,0,0,0, TOUCHED
8180,103646,407170,119859259,1304366,10822, TOUCHED
8181,89060,93666,19141183,14586,-14586, TOUCHED
8182,86841,87793,460794,2219,-2219, TOUCHED
8183,85770,86342,104471,1071,-1071, TOUCHED
8184,85340,85530,18799,430,-430, TOUCHED
8185,85726,85479,17261,386,386, TOUCHED
8186,87438,86462,275240,1712,1712, TOUCHED
8187,91172,89789,1984797,3734,3734, TOUCHED
8188,91172,91172,0,0,0, TOUCHED
8189,91172,91172,0,0,0, TOUCHED
8190,1399520,666845,15445648,1308348,1308348, TOUCHED
8191,93906,684927,104709988,1305614,-1305614, TOUCHED
8192,88722,90291,1699100,5184,-5184, TOUCHED
8193,87649,88044,97502,1073,-1073, TOUCHED
8194,88005,87707,17734,438,356, TOUCHED
8195,91743,89172,1107834,3738,3738, TOUCHED
8196,91743,91743,0,0,0, TOUCHED
8197,534890,481712,121807216,443147,443147, TOUCHED
8198,843841,547248,57535134,308951,308951, TOUCHED
8199,95832,251381,166713435,748009,-748009, TOUCHED
8200,90635,92900,2247805,5197,-5197, TOUCHED
8201,88845,89718,306588,1790,-1790, TOUCHED
8202,88353,88525,31205,499,-492, TOUCHED
8203,89096,88659,65892,708,708, TOUCHED
8204,92946,90692,1448750,3554,3554, TOUCHED
8205,92946,92946,0,0,0, TOUCHED
8206,795954,374149,71762165,703008,703008, TOUCHED
8207,795954,795954,0,0,0, TOUCHED
8208,795954,795954,0,0,0, TOUCHED
8209,92184,292515,72053922,993900,-993900, TOUCHED
8210,90161,90834,298284,2023,-2023, TOUCHED
8211,90233,90082,4286,225,72, TOUCHED
8212,92261,90870,264967,2028,2028, TOUCHED
8213,94867,94048,1089252,2606,2606, TOUCHED
8214,94867,94867,0,0,0, TOUCHED
8215,1123105,259385,20024744,1028238,1028238, TOUCHED
8216,99981,501306,9731912,1023124,-1023124, TOUCHED
8217,93325,95892,3393276,6656,-6656, TOUCHED
8218,91553,92274,381796,1772,-1772, TOUCHED
8219,90799,90946,29283,464,-432, TOUCHED
8220,91907,91246,128623,1069,1069, TOUCHED
8221,96328,94096,2469051,4421,4421, TOUCHED
8222,96328,96328,0,0,0, TOUCHED
8223,720646,520864,117842133,624318,624318, TOUCHED
8224,114111,553088,55302912,606535,-606535, TOUCHED
8225,97255,103090,16096285,16856,-16856, TOUCHED
8226,93103,94964,1930527,4152,-4152, TOUCHED
8227,90622,91561,477120,2481,-2481, TOUCHED
8228,90044,90170,37768,624,-578, TOUCHED
8229,92255,90690,343133,2211,2211, TOUCHED
8230,96907,95400,3613728,4652,4652, TOUCHED
8231,96907,96907,0,0,0, TOUCHED
8232,1071349,369750,42959101,974442,974442, TOUCHED
8233,96856,106749,56981975,21886,-21886, TOUCHED
8234,91352,93571,3463822,5504,-5504, TOUCHED
8235,89202,89799,285092,1462,-1462, TOUCHED
8236,89177,89044,3934,204,134, TOUCHED
8237,91411,90109,452403,2234,2234, TOUCHED
8238,96778,94770,4178668,5367,5367, TOUCHED
8239,96778,96778,0,0,0, TOUCHED
8240,96778,96778,0,0,0, TOUCHED
8241,96217,586048,168246752,1057684,-561, TOUCHED
8242,88430,91864,5974057,7787,-7787, TOUCHED
8243,86520,87416,353631,1910,-1910, TOUCHED
8244,86410,86364,6559,245,-110, TOUCHED
8245,88127,86936,195355,1717,1717, TOUCHED
8246,90467,89746,855706,2340,2340, TOUCHED
8247,338044,308334,116133972,247577,247577, TOUCHED
8248,777942,408427,66175186,439898,439898, TOUCHED
8249,89182,147780,7892693,688760,-688760, TOUCHED
8250,86253,87554,783856,2929,-2929, TOUCHED
8251,85101,85550,118138,1152,-1152, TOUCHED
8252,84963,84957,2136,183,-138, TOUCHED
8253,85451,85201,24030,488,488, TOUCHED
8254,86628,85985,145438,1177,1177, TOUCHED
8255,91490,88587,2381031,4862,4862, TOUCHED
8256,91490,91490,0,0,0, TOUCHED
8257,96845,236453,37438153,589419,5355, TOUCHED
8258,89597,91828,2734123,4640,-4640, TOUCHED
8259,87104,88154,510327,2493,-2493, TOUCHED
8260,87037,86859,13285,364,-67, TOUCHED
8261,90302,88700,1482952,3265,3265, TOUCHED
8262,226883,199566,64121369,136581,136581, TOUCHED
8263,91133,277855,56234844,496678,-135750, TOUCHED
8264,72415,77382,35978493,18718,-18718, UNTOUCHED
8265,70688,71527,254259,1727,-1727, NO_EVENT
8266,69901,70262,61960,787,-787, NO_EVENT
8267,69480,69674,14685,421,-421, NO_EVENT
8268,69168,69318,11083,312,-312, NO_EVENT
8269,68825,68979,11563,343,-343, NO_EVENT
8270,68412,68639,13211,379,-379, NO_EVENT
8271,68146,68297,6717,266,-266, NO_EVENT
8272,68034,68079,3903,181,-112, NO_EVENT
8273,67866,67932,980,120,-66, NO_EVENT
8274,67915,67935,3256,175,49, NO_EVENT
8275,67913,67913,726,82,-2, NO_EVENT
8276,67945,67885,1424,109,9, NO_EVENT
8277,67892,67879,2071,130,-53, NO_EVENT
8278,67892,67865,1217,100,0, NO_EVENT
8279,67870,67868,2044,130,-66, NO_EVENT
8280,67808,67871,1102,116,-62, NO_EVENT
8281,67875,67838,918,78,67, NO_EVENT
8282,67883,67856,1456,112,-38, NO_EVENT
8283,67836,67872,1534,112,-47, NO_EVENT
8284,67871,67853,246,41,35, NO_EVENT
8285,67911,67873,904,90,0, NO_EVENT
8286,67875,67850,943,108,-36, NO_EVENT
8287,67847,67856,206,40,-28, NO_EVENT
8288,67903,67875,845,85,43, NO_EVENT
8289,67833,67906,1744,119,-70, NO_EVENT
8290,67844,67908,2863,130,11, NO_EVENT
8291,67869,67889,934,90,13, NO_EVENT
8292,67884,67938,2828,169,15, NO_EVENT
8293,67898,67910,1135,95,14, NO_EVENT
8294,68070,68013,7064,263,172, NO_EVENT
8295,68237,68156,1116,127,92, NO_EVENT
8296,68423,68358,2713,186,186, NO_EVENT
8297,68517,68498,2445,173,94, NO_EVENT
8298,68674,68629,1457,118,118, NO_EVENT
8299,68748,68731,868,103,74, NO_EVENT
8300,68942,68834,3128,194,194, NO_EVENT
8301,69088,68982,3614,193,146, NO_EVENT
8302,69600,69333,20866,483,483, NO_EVENT
8303,70363,69902,51125,763,763, NO_EVENT
8304,85299,72038,8799795,14936,14936, TOUCHED
8305,85751,85731,40773,612,452, TOUCHED
8306,85877,85863,5667,206,126, TOUCHED
8307,73175,82285,27089413,12702,-12702, UNTOUCHED
8308,70512,71461,527281,2663,-2663, NO_EVENT
8309,69679,69975,51505,833,-833, NO_EVENT
8310,69487,69551,3429,159,-159, NO_EVENT
8311,69412,69424,351,60,-17, NO_EVENT
8312,69372,69404,911,92,-40, NO_EVENT
8313,69241,69316,1760,131,-131, NO_EVENT
8314,69151,69198,1594,111,-90, NO_EVENT
8315,68997,69029,1796,126,-109, NO_EVENT
8316,68765,68881,4215,232,-232, NO_EVENT
8317,68638,68688,3768,151,-127, NO_EVENT
8318,68335,68494,6600,303,-303, NO_EVENT
8319,68134,68289,2579,208,-208, NO_EVENT
8320,67879,68066,3989,255,-255, NO_EVENT
8321,67863,67917,4324,165,-16, NO_EVENT
8322,67951,67895,3397,141,95, NO_EVENT
8323,67867,67923,4285,220,-84, NO_EVENT
8324,67871,67882,353,62,4, NO_EVENT
8325,67814,67841,538,72,-61, NO_EVENT
8326,67853,67849,1050,96,39, NO_EVENT
8327,67837,67891,785,95,-16, NO_EVENT
8328,67870,67876,1523,107,25, NO_EVENT
8329,67904,67856,1397,97,34, NO_EVENT
8330,67876,67882,1020,88,-28, NO_EVENT
8331,67908,67871,1139,101,5, NO_EVENT
8332,67921,67896,1035,88,13, NO_EVENT
8333,67840,67872,961,92,-81, NO_EVENT
8334,67810,67894,534,116,-73, NO_EVENT
8335,67909,67834,620,99,99, NO_EVENT
8336,67887,67855,1132,97,-22, NO_EVENT
8337,67828,67850,2074,105,-59, NO_EVENT
8338,67848,67876,1507,108,20, NO_EVENT
8339,67880,67853,1219,116,32, NO_EVENT
8340,67912,67843,702,114,32, NO_EVENT
8341,67894,67888,142,39,-18, NO_EVENT
8342,67926,67880,3122,135,32, NO_EVENT
8343,67876,67891,1008,99,-50, NO_EVENT
8344,67921,67880,1315,105,0, NO_EVENT
8345,67895,67890,1449,117,-26, NO_EVENT
8346,67974,67898,3109,148,79, NO_EVENT
8347,67945,67895,1952,125,77, NO_EVENT
8348,68015,67898,4917,184,70, NO_EVENT
8349,67855,67894,2109,160,-160, NO_EVENT
8350,67920,67936,4940,212,77, NO_EVENT
8351,67908,67939,3202,169,-12, NO_EVENT
8352,68163,68062,6611,255,255, NO_EVENT
8353,68190,68204,8025,253,83, NO_EVENT
8354,68539,68410,10724,349,349, NO_EVENT
8355,68709,68630,4767,170,170, NO_EVENT
8356,68881,68791,3290,162,162, NO_EVENT
8357,68973,68935,2243,141,109, NO_EVENT
8358,69120,69054,2297,152,147, NO_EVENT
8359,69266,69198,2552,146,146, NO_EVENT
8360,69491,69382,3886,225,225, NO_EVENT
8361,69707,69589,5208,242,242, NO_EVENT
8362,69861,69769,2035,154,154, NO_EVENT
8363,69799,69829,430,62,-62, NO_EVENT
8364,69670,69725,3089,164,-129, NO_EVENT
8365,69509,69596,3383,161,-161, NO_EVENT
8366,69398,69452,1883,117,-70, NO_EVENT
8367,69298,69314,1404,116,-52, NO_EVENT
8368,69267,69272,528,66,-31, NO_EVENT
8369,69267,69246,171,41,0, NO_EVENT
8370,69241,69271,606,68,-26, NO_EVENT
8371,69180,69176,518,74,-29, NO_EVENT
8372,69116,69117,588,71,-21, NO_EVENT
8373,69121,69128,273,45,5, NO_EVENT
8374,69292,69204,3728,182,171, NO_EVENT
8375,69614,69442,11482,337,322, NO_EVENT
8376,70471,70041,64192,780,780, NO_EVENT
8377,83970,77912,34210130,13178,13178, TOUCHED
8378,71196,77620,31224746,12774,-12774, UNTOUCHED
8379,70036,70538,122133,1160,-1160, NO_EVENT
8380,69709,69845,11307,327,-327, NO_EVENT
8381,70028,69818,11339,327,319, NO_EVENT
8382,71756,70625,276857,1728,1728, NO_EVENT
8383,83983,82769,10906053,12299,12227, TOUCHED
8384,71829,76601,21529881,11977,-11977, UNTOUCHED
8385,70304,70881,178984,1525,-1525, NO_EVENT
8386,69901,70029,15552,407,-403, NO_EVENT
8387,70068,69949,3770,170,169, NO_EVENT
8388,71490,70729,211305,1313,1313, NO_EVENT
8389,83986,82282,14021836,10301,10280, TOUCHED
8390,73317,81418,13354458,10669,-10669, UNTOUCHED
8391,70569,71464,505292,2748,-2748, NO_EVENT
8392,69752,70032,50637,817,-817, NO_EVENT
8393,69577,69611,3892,185,-125, NO_EVENT
8394,69761,69630,2259,184,184, NO_EVENT
8395,70847,70155,96005,1086,1086, NO_EVENT
8396,83979,79616,29409467,13132,13132, TOUCHED
8397,72656,80288,20679583,11415,-11323, UNTOUCHED
8398,70673,71533,358333,1983,-1983, NO_EVENT
8399,70012,70297,42379,661,-661, NO_EVENT
8400,69861,69905,1788,151,-151, NO_EVENT
8401,70120,69957,6973,259,259, NO_EVENT
8402,71088,70554,93177,968,968, NO_EVENT
8403,83990,80533,23263011,12479,12479, TOUCHED
8404,75098,82898,5798228,8922,-8922, UNTOUCHED
8405,70515,71706,1404940,4583,-4583, NO_EVENT
8406,69795,70080,45590,720,-720, NO_EVENT
8407,69654,69701,1447,141,-141, NO_EVENT
8408,69820,69714,3887,166,148, NO_EVENT
8409,70583,70116,41642,726,726, NO_EVENT
8410,76477,72202,4741764,5894,5894, NO_EVENT
8411,73441,83043,4150931,10461,-10363, NO_EVENT
8412,70814,71791,607050,2627,-2627, NO_EVENT
8413,70218,70467,36538,596,-596, NO_EVENT
8414,70132,70141,844,119,-86, NO_EVENT
8415,70419,70242,8097,287,287, NO_EVENT
8416,71095,70724,42554,676,676, NO_EVENT
8417,83568,73232,14838985,12473,12473, TOUCHED
8418,83767,83813,6146,289,199, TOUCHED
8419,71597,76858,28291118,12170,-12170, UNTOUCHED
8420,70481,70902,112371,1116,-1116, NO_EVENT
8421,70122,70240,11174,359,-359, NO_EVENT
8422,70187,70129,800,92,65, NO_EVENT
8423,70547,70346,14975,355,355, NO_EVENT
8424,71448,70981,84133,863,863, NO_EVENT
8425,83913,78875,28979624,12182,12182, TOUCHED
8426,83088,83741,68459,836,-825, TOUCHED
8427,71800,74839,14030533,11288,-11288, UNTOUCHED
8428,70685,71179,106050,1115,-1115, NO_EVENT
8429,70167,70381,29661,518,-518, NO_EVENT
8430,69880,69946,6404,338,-287, NO_EVENT
8431,69821,69796,190,43,15, NO_EVENT
8432,70345,70029,20503,513,513, NO_EVENT
8433,74657,71564,2491236,4312,4312, NO_EVENT
8434,83881,84173,14826,429,-269, TOUCHED
8435,81923,83376,278298,1958,-1958, TOUCHED
8436,70921,73798,12996921,11002,-11002, UNTOUCHED
8437,69862,70356,99200,1059,-1059, NO_EVENT
8438,69600,69700,7612,262,-262, NO_EVENT
8439,69757,69632,6611,230,157, NO_EVENT
8440,70983,70328,136768,1113,1113, NO_EVENT
8441,84815,80675,23363411,13413,13413, TOUCHED
8442,84684,84655,6808,265,-131, TOUCHED
8443,83876,84467,56251,808,-808, TOUCHED
8444,69910,72899,17646102,13966,-13966, UNTOUCHED
8445,69129,69420,56440,781,-781, NO_EVENT
8446,69090,69050,386,58,31, NO_EVENT
8447,69795,69363,32759,671,671, NO_EVENT
8448,85250,77896,53937329,15455,15455, TOUCHED
8449,84567,85109,58920,724,-683, TOUCHED
8450,71416,75416,20587969,13151,-13151, UNTOUCHED
8451,70214,70724,118186,1202,-1202, NO_EVENT
8452,69630,69824,27348,584,-584, NO_EVENT
8453,69565,69563,578,71,-49, NO_EVENT
8454,69752,69647,4874,192,187, NO_EVENT
8455,70303,70003,30004,551,551, NO_EVENT
8456,83996,75680,37644924,13693,13693, TOUCHED
8457,73199,81382,15105812,11292,-11115, UNTOUCHED
8458,70719,71677,494484,2480,-2480, NO_EVENT
8459,70214,70365,23675,505,-505, NO_EVENT
8460,70360,70235,2723,169,146, NO_EVENT
8461,79566,71731,8415571,9206,9206, TOUCHED
8462,84277,83649,1509834,4711,4711, TOUCHED
8463,84106,84248,7013,236,-171, TOUCHED
8464,72845,81055,14936867,11341,-11341, UNTOUCHED
8465,71608,72060,125718,1237,-1237, NO_EVENT
8466,71433,71455,2936,216,-175, NO_EVENT
8467,71589,71469,2984,173,156, NO_EVENT
8468,72692,71992,90924,1103,1103, NO_EVENT
8469,83701,81769,11448996,11040,11009, TOUCHED
8470,83321,83697,28028,499,-380, TOUCHED
8471,73057,78212,12192171,9583,-9583, UNTOUCHED
8472,72132,72446,66497,925,-925, NO_EVENT
8473,72060,72063,668,95,-72, NO_EVENT
8474,72292,72140,5439,232,232, NO_EVENT
8475,79980,72890,2148430,7688,7688, TOUCHED
8476,83379,83001,1280484,3681,3399, TOUCHED
8477,73625,78688,16382047,9754,-9754, UNTOUCHED
8478,73036,73256,42214,589,-589, NO_EVENT
8479,73010,72975,865,76,8, NO_EVENT
8480,73061,73053,376,67,12, NO_EVENT
8481,73577,73271,23869,457,457, NO_EVENT
8482,83804,77158,16004595,10227,10227, TOUCHED
8483,83541,83697,6885,263,-263, TOUCHED
8484,74808,78361,12166222,8733,-8733, UNTOUCHED
8485,74069,74234,29587,482,-482, NO_EVENT
8486,80109,78044,5706220,6059,5861, TOUCHED
8487,73703,76906,5117891,6406,-6406, UNTOUCHED
8488,73043,73151,20005,396,-386, NO_EVENT
8489,83693,76236,20725955,10635,10625, TOUCHED
8490,82304,83199,226426,1389,-1389, TOUCHED
8491,73474,75904,7061312,8830,-8830, UNTOUCHED
8492,72388,72862,92325,1086,-1086, NO_EVENT
8493,71762,72065,38069,626,-626, NO_EVENT
8494,71439,71551,10218,323,-323, NO_EVENT
8495,71776,71517,11138,353,337, NO_EVENT
8496,83020,78204,22742943,11244,11244, TOUCHED
8497,80052,83037,594203,3703,-3703, TOUCHED
8498,72568,76446,7510104,7484,-7484, UNTOUCHED
8499,71122,71603,123091,1074,-1074, NO_EVENT
8500,70593,70710,14669,354,-324, NO_EVENT
8501,70560,70483,1042,110,66, NO_EVENT
8502,71679,70894,76311,1119,1119, NO_EVENT
8503,83791,81381,19079412,12246,12112, TOUCHED
8504,81787,83319,400756,2016,-2004, TOUCHED
8505,71476,74049,6641844,10311,-10311, UNTOUCHED
8506,70037,70600,165759,1439,-1439, NO_EVENT
8507,69603,69754,16327,434,-434, NO_EVENT
8508,69459,69503,2067,130,-115, NO_EVENT
8509,69726,69575,4721,267,267, NO_EVENT
8510,70843,70139,100624,1117,1117, NO_EVENT
8511,83749,80255,22718061,12906,12906, TOUCHED
8512,74247,80958,6347200,9502,-9502, UNTOUCHED
8513,70664,72107,1137405,3583,-3583, NO_EVENT
8514,69626,70098,105831,1038,-1038, NO_EVENT
8515,69018,69314,31524,608,-608, NO_EVENT
8516,68789,68878,6098,246,-229, NO_EVENT
8517,68648,68677,469,61,-61, NO_EVENT
8518,68891,68714,5735,287,287, NO_EVENT
8519,69815,69217,73743,924,924, NO_EVENT
8520,78219,78222,21283701,13365,8404, NO_EVENT
8521,81248,82551,1084084,2730,378, TOUCHED
8522,69652,72777,12218501,11596,-11596, UNTOUCHED
8523,68650,69047,96539,1002,-1002, NO_EVENT
8524,68682,68587,2422,155,32, NO_EVENT
8525,69234,68907,40766,611,552, NO_EVENT
8526,84318,77048,42657693,14805,14805, TOUCHED
8527,84295,84315,508,69,-23, TOUCHED
8528,83209,83664,128696,1086,-1086, TOUCHED
8529,71107,78695,16967539,12102,-12102, UNTOUCHED
8530,68874,69591,395729,2233,-2233, NO_EVENT
8531,68322,68475,26233,582,-552, NO_EVENT
8532,68772,68508,21716,431,431, NO_EVENT
8533,69405,69049,38815,633,633, NO_EVENT
8534,84795,71534,11034456,15390,15390, TOUCHED
8535,76343,82949,7441600,8452,-8452, UNTOUCHED
8536,70753,72026,1540476,5590,-5590, NO_EVENT
8537,70402,70510,7536,351,-351, NO_EVENT
8538,70406,70374,377,55,4, NO_EVENT
8539,71144,70704,55975,722,722, NO_EVENT
8540,84658,77368,28569991,13353,13246, TOUCHED
8541,84373,84568,6914,285,-285, TOUCHED
8542,75710,80766,9732016,8663,-8663, UNTOUCHED
8543,72125,73056,592720,2311,-2311, NO_EVENT
8544,71284,71562,44780,625,-625, NO_EVENT
8545,71320,71214,3408,175,94, NO_EVENT
8546,84062,78015,32819832,12685,12633, TOUCHED
8547,83693,83900,12526,369,-369, TOUCHED
8548,83145,83471,27407,548,-548, TOUCHED
8549,72453,79005,12483546,10348,-10348, UNTOUCHED
8550,70455,71156,339524,1998,-1998, NO_EVENT
8551,70160,70237,8363,320,-295, NO_EVENT
8552,70308,70213,2530,158,148, NO_EVENT
8553,70585,70479,8855,244,244, NO_EVENT
8554,71444,71018,63565,738,738, NO_EVENT
8555,83989,77256,30030123,12402,12342, TOUCHED
8556,77202,82517,5603956,6795,-6787, UNTOUCHED
8557,72573,73392,433298,1920,-1920, NO_EVENT
8558,72187,72335,12483,386,-386, NO_EVENT
8559,72193,72172,489,67,6, NO_EVENT
8560,72882,72499,40757,689,689, NO_EVENT
8561,83727,78307,21364566,10845,10845, TOUCHED
8562,82285,83281,141947,1372,-1372, TOUCHED
8563,74814,77730,7302205,7471,-7471, UNTOUCHED
8564,72832,73566,271898,1545,-1545, NO_EVENT
8565,71728,72188,104560,898,-898, NO_EVENT
8566,70969,71280,45721,586,-586, NO_EVENT
8567,70643,70763,7191,243,-243, NO_EVENT
8568,70984,70797,12308,296,296, NO_EVENT
8569,83768,74727,21714565,12642,12642, TOUCHED
8570,74129,80184,8616377,9639,-9639, UNTOUCHED
8571,70973,72361,882755,3156,-3156, NO_EVENT
8572,69990,70419,92219,983,-983, NO_EVENT
8573,69786,69845,6251,246,-204, NO_EVENT
8574,70139,69920,11192,353,353, NO_EVENT
8575,71776,70767,241923,1637,1637, NO_EVENT
8576,83200,80596,19679611,11859,11424, TOUCHED
8577,79497,82297,747167,3609,-3609, TOUCHED
8578,71177,73713,7224244,8320,-8320, UNTOUCHED
8579,70046,70558,124862,1131,-1131, NO_EVENT
8580,69680,69794,13068,366,-366, NO_EVENT
8581,69893,69752,3542,213,213, NO_EVENT
8582,70410,70132,33303,517,517, NO_EVENT
8583,72849,71346,574749,2280,2280, NO_EVENT
8584,83786,83316,4587604,11036,10937, TOUCHED
8585,72975,78668,18659003,10590,-10590, UNTOUCHED
8586,71041,71765,321435,1934,-1934, NO_EVENT
8587,70383,70654,32066,658,-658, NO_EVENT
8588,70297,70302,1308,132,-86, NO_EVENT
8589,70539,70395,7593,237,237, NO_EVENT
8590,71016,70762,21620,446,446, NO_EVENT
8591,72004,71532,102210,921,921, NO_EVENT
8592,83382,79708,24156106,11241,10994, TOUCHED
8593,74910,81024,9064954,8472,-8472, UNTOUCHED
8594,72442,73189,347404,1695,-1695, NO_EVENT
8595,71653,71935,40740,789,-789, NO_EVENT
8596,71416,71497,4482,237,-237, NO_EVENT
8597,71427,71398,541,63,11, NO_EVENT
8598,71833,71583,19366,408,408, NO_EVENT
8599,72920,72283,115639,1064,1064, NO_EVENT
8600,83611,80732,18266785,10819,10691, TOUCHED
8601,79715,83102,586285,3871,-3871, TOUCHED
8602,72829,74861,4007273,6886,-6886, UNTOUCHED
8603,71674,72238,120451,1155,-1155, NO_EVENT
8604,71041,71375,31267,633,-633, NO_EVENT
8605,70604,70834,12962,437,-437, NO_EVENT
8606,70406,70511,4385,198,-198, NO_EVENT
8607,70355,70361,237,65,-51, NO_EVENT
8608,70580,70451,4249,225,225, NO_EVENT
8609,71174,70823,35513,594,594, NO_EVENT
8610,80809,72674,6042649,9635,9635, TOUCHED
8611,74149,79906,11969734,9214,-6660, UNTOUCHED
8612,71331,72169,452384,1998,-1998, NO_EVENT
8613,70251,70636,64097,816,-816, NO_EVENT
8614,70237,70193,1834,114,-14, NO_EVENT
8615,71439,70594,104531,1202,1202, NO_EVENT
8616,83205,79946,25456436,12260,11766, TOUCHED
8617,73545,80377,8969747,9660,-9660, UNTOUCHED
8618,70645,72013,839350,2900,-2900, NO_EVENT
8619,69658,70102,95593,987,-987, NO_EVENT
8620,69187,69413,21174,471,-471, NO_EVENT
8621,69070,69163,1270,121,-117, NO_EVENT
8622,69235,69175,1685,165,165, NO_EVENT
8623,69521,69319,7783,302,301, NO_EVENT
8624,70193,69772,33731,672,672, NO_EVENT
8625,81630,71742,5338299,11437,11437, TOUCHED
8626,83026,83066,438301,2130,1396, TOUCHED
8627,72427,77313,16015070,10599,-10599, UNTOUCHED
8628,70503,71430,353817,1924,-1924, NO_EVENT
8629,69602,70049,72239,901,-901, NO_EVENT
8630,69246,69425,21831,361,-356, NO_EVENT
8631,69021,69062,5392,267,-225, NO_EVENT
8632,68965,68958,388,88,-56, NO_EVENT
8633,68992,68966,866,88,56, NO_EVENT
8634,69214,69097,3683,222,222, NO_EVENT
8635,69678,69441,20053,464,464, NO_EVENT
8636,70813,70228,117960,1135,1135, NO_EVENT
8637,71875,71692,119202,1211,1062, NO_EVENT
8638,70346,71032,229977,1529,-1529, NO_EVENT
8639,69280,69708,90385,860,-860, NO_EVENT
8640,68495,68867,26323,621,-621, NO_EVENT
8641,68244,68374,9311,272,-251, NO_EVENT
8642,68062,68033,8279,315,-182, NO_EVENT
8643,67915,67934,2428,146,-12, NO_EVENT
8644,67862,67904,1177,109,-53, NO_EVENT
8645,67922,67905,465,70,60, NO_EVENT
8646,67861,67886,1760,109,-57, NO_EVENT
8647,67796,67810,486,69,-65, NO_EVENT
8648,67905,67864,4068,155,109, NO_EVENT
8649,67909,67847,1137,116,116, NO_EVENT
8650,67847,67853,1712,108,-62, NO_EVENT
8651,67867,67833,1917,134,20, NO_EVENT
8652,67825,67827,860,87,-55, NO_EVENT
8653,67860,67821,1634,125,35, NO_EVENT
8654,67869,67840,1239,106,9, NO_EVENT
8655,67891,67834,3623,149,-15, NO_EVENT
8656,67893,67800,2217,135,2, NO_EVENT
8657,67808,67832,464,85,-85, NO_EVENT
8658,67902,67800,1682,142,137, NO_EVENT
8659,67837,67847,1861,121,-65, NO_EVENT
8660,67858,67836,197,42,21, NO_EVENT
8661,67821,67846,2476,129,-64, NO_EVENT
8662,67847,67829,441,63,26, NO_EVENT
8663,67810,67883,1973,130,-37, NO_EVENT
8664,67903,67909,3103,191,91, NO_EVENT
8665,68962,68448,95326,1059,1059, NO_EVENT
8666,70122,69491,138580,1160,1160, NO_EVENT
8667,79705,71952,5827103,9583,9583, TOUCHED
8668,83364,83186,1137822,4226,3659, TOUCHED
8669,74246,79558,11919782,9213,-9118, UNTOUCHED
8670,71803,72939,523241,2443,-2443, NO_EVENT
8671,70989,71376,58842,814,-814, NO_EVENT
8672,70910,70894,2132,144,-79, NO_EVENT
8673,71267,71010,13553,391,357, NO_EVENT
8674,72630,71741,152802,1363,1363, NO_EVENT
8675,83903,80809,21391918,11364,11273, TOUCHED
8676,76205,82355,7388805,7698,-7698, UNTOUCHED
8677,72570,73447,453763,1991,-1991, NO_EVENT
8678,71705,72016,58797,679,-679, NO_EVENT
8679,71222,71380,14758,334,-334, NO_EVENT
8680,71280,71210,1192,104,70, NO_EVENT
8681,71858,71534,31856,549,549, NO_EVENT
8682,84063,76429,27258352,12025,12025, TOUCHED
8683,83949,84012,1440,114,-114, TOUCHED
8684,73869,81546,12843556,10143,-10080, UNTOUCHED
8685,71907,72812,325913,1962,-1962, NO_EVENT
8686,71287,71603,37953,620,-620, NO_EVENT
8687,71037,71165,7912,250,-250, NO_EVENT
8688,71003,71010,626,69,-34, NO_EVENT
8689,71336,71142,9947,333,333, NO_EVENT
8690,83232,72269,5290501,11896,11896, TOUCHED
8691,83363,83495,18089,402,131, TOUCHED
8692,79942,82394,1079163,3421,-3421, TOUCHED
8693,71389,72249,2616726,8553,-8553, UNTOUCHED
8694,70818,71025,28112,571,-571, NO_EVENT
8695,70583,70652,4718,235,-235, NO_EVENT
8696,70470,70531,1625,117,-99, NO_EVENT
8697,70565,70524,833,76,68, NO_EVENT
8698,71602,70964,66648,928,928, NO_EVENT
8699,83356,78482,24828233,12222,11754, TOUCHED
8700,71914,74566,11223894,11442,-11442, UNTOUCHED
8701,71033,71416,73515,881,-881, NO_EVENT
8702,70709,70812,10268,324,-324, NO_EVENT
8703,70580,70610,1093,129,-129, NO_EVENT
8704,71038,70802,14808,458,458, NO_EVENT
8705,83944,75032,25970118,12906,12906, TOUCHED
8706,83889,83834,3883,211,-55, TOUCHED
8707,82431,83511,253058,1469,-1458, TOUCHED
8708,71529,73831,6376111,7085,-7085, UNTOUCHED
8709,70518,70874,76467,1011,-1011, NO_EVENT
8710,70127,70270,11411,310,-310, NO_EVENT
8711,70033,70068,686,74,-71, NO_EVENT
8712,70203,70125,3378,170,170, NO_EVENT
8713,70657,70411,19244,454,454, NO_EVENT
8714,82134,71680,4745111,11477,11477, TOUCHED
8715,83556,83621,432766,1838,1422, TOUCHED
8716,72202,74321,9627858,11354,-11354, UNTOUCHED
8717,71816,71962,16611,386,-386, NO_EVENT
8718,71737,71761,1764,113,-79, NO_EVENT
8719,71793,71782,2363,139,56, NO_EVENT
8720,72108,71932,8655,315,315, NO_EVENT
8721,73155,72456,68634,1047,1047, NO_EVENT
8722,83774,81509,13006977,10666,10619, TOUCHED
8723,73642,77342,14080584,10132,-10132, UNTOUCHED
8724,72441,73015,125768,1201,-1201, NO_EVENT
8725,71838,72137,36562,603,-603, NO_EVENT
8726,71536,71664,9952,302,-302, NO_EVENT
8727,71670,71541,4088,208,134, NO_EVENT
8728,72943,72062,107866,1273,1273, NO_EVENT
8729,81457,81180,14699521,11038,8514, TOUCHED
8730,72571,74819,5235842,8886,-8886, UNTOUCHED
8731,71138,71793,186682,1433,-1433, NO_EVENT
8732,70406,70725,51939,732,-732, NO_EVENT
8733,70230,70305,1424,176,-176, NO_EVENT
8734,71064,70601,62044,834,834, NO_EVENT
8735,83616,76979,32936782,12918,12552, TOUCHED
8736,77936,82718,2083759,5680,-5680, UNTOUCHED
8737,71142,72846,2996084,6794,-6794, NO_EVENT
8738,70085,70513,99288,1057,-1057, NO_EVENT
8739,69709,69841,12413,376,-376, NO_EVENT
8740,69697,69675,276,62,-12, NO_EVENT
8741,70061,69844,16551,375,375, NO_EVENT
8742,75672,71464,3525568,5533,5533, NO_EVENT
8743,84081,83974,9680,235,235, TOUCHED
8744,72173,78247,24051538,11700,-11700, UNTOUCHED
8745,70204,70919,312083,1969,-1969, NO_EVENT
8746,69564,69764,29340,474,-474, NO_EVENT
8747,69315,69365,3040,172,-137, NO_EVENT
8748,69333,69288,1314,106,18, NO_EVENT
8749,69692,69517,11075,359,359, NO_EVENT
8750,70853,70183,118086,1161,1161, NO_EVENT
8751,84120,80314,28050302,13272,13267, TOUCHED
8752,73136,80955,16070838,10898,-10898, UNTOUCHED
8753,70541,71521,565430,2595,-2595, NO_EVENT
8754,69857,70125,46682,684,-684, NO_EVENT
8755,69666,69720,2842,191,-191, NO_EVENT
8756,69739,69698,411,66,52, NO_EVENT
8757,70045,69865,8975,300,293, NO_EVENT
8758,71171,70449,96738,1126,1126, NO_EVENT
8759,84128,80033,33929834,13076,12957, TOUCHED
8760,71685,79256,25894174,12469,-12443, UNTOUCHED
8761,70231,70829,192372,1454,-1454, NO_EVENT
8762,69876,70025,15233,355,-355, NO_EVENT
8763,69838,69841,258,51,-38, NO_EVENT
8764,70193,69991,11177,355,355, NO_EVENT
8765,71214,70644,111834,1021,1021, NO_EVENT
8766,84148,80745,21949595,12441,12404, TOUCHED
8767,84080,84180,3164,184,-68, TOUCHED
8768,73030,79215,22273838,11050,-11050, UNTOUCHED
8769,71155,71798,233253,1370,-1370, NO_EVENT
8770,70428,70672,33489,532,-532, NO_EVENT
8771,70108,70193,4685,196,-196, NO_EVENT
8772,70226,70139,1396,118,118, NO_EVENT
8773,70940,70489,46364,714,714, NO_EVENT
8774,84168,78378,30216760,13228,13228, TOUCHED
8775,84293,84187,8465,254,125, TOUCHED
8776,84146,84223,1209,107,-83, TOUCHED
8777,73002,82895,9010123,11174,-11144, UNTOUCHED
8778,71548,72037,161307,1454,-1454, NO_EVENT
8779,71642,71487,3410,197,94, NO_EVENT
8780,84054,74031,11712235,12412,12412, TOUCHED
8781,84250,84218,5676,215,196, TOUCHED
8782,84358,84311,869,108,108, TOUCHED
8783,84063,84195,11694,295,-295, TOUCHED
8784,78418,82595,4500467,5645,-5645, UNTOUCHED
8785,70916,71550,220224,1471,-1471, NO_EVENT
8786,70480,70680,14673,436,-436, NO_EVENT
8787,70542,70492,464,81,62, NO_EVENT
8788,70882,70683,11529,340,340, NO_EVENT
8789,82939,73660,17956659,12057,12057, TOUCHED
8790,84194,83696,354201,1334,1255, TOUCHED
8791,79518,83490,2247565,4730,-4676, TOUCHED
8792,72392,73324,1900907,7126,-7126, UNTOUCHED
8793,71490,71854,69689,902,-902, NO_EVENT
8794,71064,71253,18804,426,-426, NO_EVENT
8795,70934,70967,996,130,-130, NO_EVENT
8796,71237,71047,9502,303,303, NO_EVENT
8797,72547,71788,153073,1310,1310, NO_EVENT
8798,84323,82082,15689506,11831,11776, TOUCHED
8799,74866,83487,3405249,9456,-9456, UNTOUCHED
8800,71811,72974,774660,3055,-3055, NO_EVENT
8801,71049,71413,56161,762,-762, NO_EVENT
8802,70748,70874,10351,301,-301, NO_EVENT
8803,70668,70687,772,88,-80, NO_EVENT
8804,70978,70780,7918,310,310, NO_EVENT
8805,71502,71208,27810,524,524, NO_EVENT
8806,73098,72143,200736,1596,1596, NO_EVENT
8807,84373,82259,14422459,11337,11275, TOUCHED
8808,74191,81018,17706085,10182,-10182, UNTOUCHED
8809,71624,72316,345396,1703,-1703, NO_EVENT
8810,70757,71106,41562,654,-654, NO_EVENT
8811,70543,70643,5785,214,-214, NO_EVENT
8812,70615,70536,961,113,72, NO_EVENT
8813,70890,70716,8592,276,275, NO_EVENT
8814,71639,71200,47390,749,749, NO_EVENT
8815,84437,76742,30602279,12798,12798, TOUCHED
8816,74874,83561,3628188,9541,-9421, UNTOUCHED
8817,72488,76739,12374890,9608,-2386, NO_EVENT
8818,71368,71678,75544,801,-801, NO_EVENT
8819,71023,71136,11590,308,-308, NO_EVENT
8820,71119,71012,1167,152,120, NO_EVENT
8821,71618,71285,19718,499,499, NO_EVENT
8822,73607,72405,462579,1989,1989, NO_EVENT
8823,84247,84189,49277,585,499, TOUCHED
8824,74415,82368,8430171,9832,-9832, UNTOUCHED
8825,71896,72735,459359,2519,-2519, NO_EVENT
8826,71431,71594,24865,465,-465, NO_EVENT
8827,71440,71413,178,48,9, NO_EVENT
8828,71925,71613,29375,508,485, NO_EVENT
8829,84138,77158,30068484,12213,12213, TOUCHED
8830,84053,84125,1299,128,-41, TOUCHED
8831,73293,80742,15346463,10760,-10760, UNTOUCHED
8832,71702,72224,170293,1591,-1591, NO_EVENT
8833,71283,71420,9837,419,-419, NO_EVENT
8834,71380,71298,1725,146,97, NO_EVENT
8835,72122,71658,58100,742,742, NO_EVENT
8836,84113,81872,15265381,11991,11991, TOUCHED
8837,84041,84134,3691,173,-3, TOUCHED
8838,82666,83880,136068,1410,-1375, TOUCHED
8839,72155,74080,10570247,10511,-10511, UNTOUCHED
8840,71623,71853,21385,532,-532, NO_EVENT
8841,71436,71515,4063,187,-187, NO_EVENT
8842,71401,71426,211,39,-35, NO_EVENT
8843,71448,71425,248,47,47, NO_EVENT
8844,71813,71604,12143,365,365, NO_EVENT
8845,73543,72206,208780,1730,1730, NO_EVENT
8846,83978,82511,11140910,10511,10435, TOUCHED
8847,74892,80376,13317484,9086,-9086, UNTOUCHED
8848,72885,73449,225645,1378,-1378, NO_EVENT
8849,72366,72530,16380,365,-365, NO_EVENT
8850,72142,72230,5272,189,-173, NO_EVENT
8851,72285,72139,4666,232,232, NO_EVENT
8852,84370,75799,23134502,12085,12085, TOUCHED
8853,83655,84090,40008,715,-715, TOUCHED
8854,73913,78415,13722340,9742,-9742, UNTOUCHED
8855,72238,73064,262708,1675,-1675, NO_EVENT
8856,71404,71798,76907,834,-834, NO_EVENT
8857,70967,71146,19017,437,-437, NO_EVENT
8858,71028,70961,548,94,61, NO_EVENT
8859,75479,71563,718390,4451,4451, NO_EVENT
8860,83511,82415,9276647,8651,8032, TOUCHED
8861,73821,79389,11682369,9690,-9690, UNTOUCHED
8862,71048,71881,423365,1946,-1946, NO_EVENT
8863,69800,70312,96000,994,-994, NO_EVENT
8864,69497,69618,11493,303,-303, NO_EVENT
8865,69424,69420,1033,113,-73, NO_EVENT
8866,69818,69601,13592,394,394, NO_EVENT
8867,73220,70735,982507,3402,3402, NO_EVENT
8868,82315,82511,7839924,10771,9095, TOUCHED
8869,72176,76428,13391460,9303,-9303, UNTOUCHED
8870,70762,71261,154592,1414,-1414, NO_EVENT
8871,70380,70499,10887,384,-382, NO_EVENT
8872,70516,70430,3032,136,136, NO_EVENT
8873,71161,70827,42448,598,598, NO_EVENT
8874,72949,72005,288792,1622,1622, NO_EVENT
8875,82608,81202,15374384,10481,8866, TOUCHED
8876,73970,77362,9531520,8638,-8638, UNTOUCHED
8877,71711,72450,316239,1646,-1646, NO_EVENT
8878,70863,71170,45719,620,-620, NO_EVENT
8879,70559,70654,6030,238,-238, NO_EVENT
8880,70658,70567,1099,136,97, NO_EVENT
8881,71185,70824,21117,527,527, NO_EVENT
8882,73180,71927,476926,1995,1995, NO_EVENT
8883,78786,83148,1885474,5285,-4089, NO_EVENT
8884,72125,74027,3794424,6661,-6661, NO_EVENT
8885,71107,71601,85091,1018,-1018, NO_EVENT
8886,70605,70863,25870,502,-502, NO_EVENT
8887,70529,70541,1644,110,-76, NO_EVENT
8888,70704,70587,4130,210,175, NO_EVENT
8889,71467,71034,59842,763,763, NO_EVENT
8890,84002,78157,28544595,12535,12535, TOUCHED
8891,78198,82591,2767731,5662,-5662, UNTOUCHED
8892,72032,73865,3389377,6166,-6166, NO_EVENT
8893,71184,71574,67257,848,-848, NO_EVENT
8894,70880,71003,13660,318,-304, NO_EVENT
8895,70792,70804,599,98,-88, NO_EVENT
8896,71128,70931,10559,336,336, NO_EVENT
8897,72291,71610,110758,1163,1163, NO_EVENT
8898,83792,79971,21244160,11629,11501, TOUCHED
8899,75367,81974,5222297,8195,-8195, UNTOUCHED
8900,72552,73632,712944,2815,-2815, NO_EVENT
8901,71787,72138,60532,765,-765, NO_EVENT
8902,71446,71600,13027,341,-341, NO_EVENT
8903,71495,71445,415,77,49, NO_EVENT
8904,71983,71684,18467,488,488, NO_EVENT
8905,73318,72550,212622,1335,1335, NO_EVENT
8906,83400,82616,6282281,6472,5788, TOUCHED
8907,74111,79071,13832261,9289,-9289, UNTOUCHED
8908,72273,72863,212112,1307,-1307, NO_EVENT
8909,71420,71753,55856,853,-853, NO_EVENT
8910,70916,71117,22018,504,-504, NO_EVENT
8911,70621,70715,4487,183,-167, NO_EVENT
8912,70586,70561,527,64,47, NO_EVENT
8913,70836,70654,6395,268,254, NO_EVENT
8914,71780,71145,62857,944,944, NO_EVENT
8915,83538,78397,32059097,12379,11758, TOUCHED
8916,72803,78255,14749240,10735,-10735, UNTOUCHED
8917,71425,72009,181301,1378,-1378, NO_EVENT
8918,70747,71058,41917,678,-678, NO_EVENT
8919,70377,70548,12330,370,-370, NO_EVENT
8920,70201,70270,2458,176,-176, NO_EVENT
8921,70301,70231,1962,112,100, NO_EVENT
8922,70786,70519,19027,485,485, NO_EVENT
8923,76425,72029,2822341,5639,5639, NO_EVENT
8924,76265,80883,10252412,7818,-160, NO_EVENT
8925,72058,73111,867882,2728,-2728, NO_EVENT
8926,71053,71380,66788,770,-770, NO_EVENT
8927,70385,70668,26818,547,-547, NO_EVENT
8928,70086,70213,7715,299,-299, NO_EVENT
8929,70131,70080,513,81,45, NO_EVENT
8930,70752,70366,31083,621,621, NO_EVENT
8931,83694,77865,35704020,13250,12942, TOUCHED
8932,82061,83230,193338,1644,-1644, TOUCHED
8933,73496,78428,11183007,8565,-8565, UNTOUCHED
8934,71382,71745,104068,887,-887, NO_EVENT
8935,70933,71074,13226,323,-323, NO_EVENT
8936,70796,70829,1942,132,-115, NO_EVENT
8937,70766,70741,460,63,-20, NO_EVENT
8938,71692,71026,62215,926,926, NO_EVENT
8939,84664,79571,29659718,12972,12972, TOUCHED
8940,84254,84369,9833,410,-410, TOUCHED
8941,81085,82444,1033909,3169,-3169, TOUCHED
8942,71308,74392,9763854,8121,-8121, UNTOUCHED
8943,69927,70383,119003,967,-967, NO_EVENT
8944,69442,69639,9732,343,-343, NO_EVENT
8945,69370,69407,784,73,-72, NO_EVENT
8946,69673,69517,7657,303,303, NO_EVENT
8947,84217,71650,14541192,14544,14544, TOUCHED
8948,84596,84586,19150,459,379, TOUCHED
8949,77091,82361,6744802,7505,-7505, UNTOUCHED
8950,70876,72009,905015,2812,-2812, NO_EVENT
8951,69994,70250,41625,599,-599, NO_EVENT
8952,69705,69815,3147,189,-189, NO_EVENT
8953,69909,69788,3034,204,204, NO_EVENT
8954,75496,70604,2134950,5587,5587, NO_EVENT
8955,82587,81784,5449388,7477,7091, TOUCHED
8956,81430,82325,309091,1577,-1157, TOUCHED
8957,70951,74864,13526065,9389,-9389, UNTOUCHED
8958,70343,70491,20462,395,-381, NO_EVENT
8959,70414,70369,1742,92,91, NO_EVENT
8960,70681,70560,6081,269,269, NO_EVENT
8961,70887,70771,4679,206,206, NO_EVENT
8962,71403,71094,22208,516,516, NO_EVENT
8963,83984,72646,6011311,12581,12581, TOUCHED
8964,76661,83062,4253774,7735,-7323, UNTOUCHED
8965,72660,73869,1051623,4001,-4001, NO_EVENT
8966,71811,72194,69780,849,-849, NO_EVENT
8967,71448,71634,14765,363,-363, NO_EVENT
8968,71424,71420,237,44,-24, NO_EVENT
8969,72015,71601,35214,599,591, NO_EVENT
8970,84024,77931,27317662,12221,12009, TOUCHED
8971,75270,81118,6660876,8754,-8754, UNTOUCHED
8972,71719,73214,1130618,3551,-3551, NO_EVENT
8973,70428,71062,136554,1291,-1291, NO_EVENT
8974,70030,70174,17223,398,-398, NO_EVENT
8975,70355,70082,14551,419,325, NO_EVENT
8976,84449,74475,26564270,14094,14094, TOUCHED
8977,82417,83401,325014,2032,-2032, TOUCHED
8978,74052,79199,8280689,8365,-8365, UNTOUCHED
8979,70320,71417,820516,2623,-2623, NO_EVENT
8980,68822,69409,130179,1179,-1179, NO_EVENT
8981,68193,68535,32562,629,-629, NO_EVENT
8982,67966,67981,13900,318,-227, NO_EVENT
8983,67884,67924,4793,227,-54, NO_EVENT
8984,67953,67922,565,75,69, NO_EVENT
8985,67796,67849,2945,157,-157, NO_EVENT
8986,67877,67862,1996,119,68, NO_EVENT
8987,67833,67870,139,45,-44, NO_EVENT
8988,67859,67845,344,46,26, NO_EVENT
8989,67811,67823,360,57,3, NO_EVENT
8990,67805,67835,1196,107,-6, NO_EVENT
8991,67903,67826,2901,134,98, NO_EVENT
8992,67769,67791,1895,130,-1, NO_EVENT
8993,67796,67832,3756,128,27, NO_EVENT
8994,67778,67816,1287,106,-18, NO_EVENT
8995,67861,67854,1075,86,44, NO_EVENT
8996,67798,67829,1581,117,-63, NO_EVENT
8997,67791,67829,883,79,-7, NO_EVENT
8998,67909,67824,2152,126,107, NO_EVENT
8999,67862,67860,1311,97,-47, NO_EVENT
9000,67824,67873,2112,128,-38, NO_EVENT
9001,67826,67860,2434,132,-39, NO_EVENT
9002,67900,67872,2284,120,74, NO_EVENT
9003,67936,67902,2086,136,36, NO_EVENT
9004,67850,67894,4074,156,16, NO_EVENT
9005,68166,67916,8282,324,316, NO_EVENT
9006,68687,68380,22770,521,521, NO_EVENT
9007,69751,69146,124768,1042,1042, NO_EVENT
9008,84864,81315,28319165,14555,14555, TOUCHED
9009,84297,84702,29859,567,-567, TOUCHED
9010,70656,73856,18716879,13641,-13641, UNTOUCHED
9011,69582,70067,115152,1074,-1074, NO_EVENT
9012,69040,69274,31749,542,-542, NO_EVENT
9013,68697,68829,8786,343,-343, NO_EVENT
9014,68406,68533,5073,231,-204, NO_EVENT
9015,68207,68298,3418,199,-199, NO_EVENT
9016,67998,68154,5002,240,-209, NO_EVENT
9017,67934,67994,6895,288,-79, NO_EVENT
9018,67877,67922,2005,141,-57, NO_EVENT
9019,67927,67922,2032,142,50, NO_EVENT
9020,67924,67954,2841,158,-4, NO_EVENT
9021,67819,67884,944,105,-105, NO_EVENT
9022,67876,67893,845,116,57, NO_EVENT
9023,67932,67870,1684,119,56, NO_EVENT
9024,67927,67927,179,42,-5, NO_EVENT
9025,68758,68243,103260,864,831, NO_EVENT
9026,70023,69474,159881,1265,1265, NO_EVENT
9027,69459,69772,42605,618,-618, NO_EVENT
9028,68900,69130,17390,423,-423, NO_EVENT
9029,68807,68843,1693,105,-93, NO_EVENT
9030,69153,68937,12891,370,346, NO_EVENT
9031,85334,73839,40617926,16181,16181, TOUCHED
9032,85250,85268,1744,130,-84, TOUCHED
9033,70678,79740,35796378,14572,-14572, UNTOUCHED
9034,68879,69668,324638,1799,-1799, NO_EVENT
9035,67868,68355,98390,1011,-1011, NO_EVENT
9036,67978,67902,3243,137,110, NO_EVENT
9037,67954,67894,3460,167,97, NO_EVENT
9038,68038,67896,3682,183,84, NO_EVENT
9039,67858,67939,6428,236,-180, NO_EVENT
9040,68175,68011,8728,278,278, NO_EVENT
9041,68395,68263,7817,240,220, NO_EVENT
9042,68926,68656,19186,531,531, NO_EVENT
9043,81360,71259,19523671,12379,12379, TOUCHED
9044,85754,85529,732860,4461,4394, TOUCHED
9045,85799,85816,1473,136,45, TOUCHED
9046,85663,85828,8162,268,-268, TOUCHED
9047,70679,83999,8972329,15003,-15003, UNTOUCHED
9048,69227,69748,185158,1452,-1452, NO_EVENT
9049,68868,69007,12575,372,-359, NO_EVENT
9050,68698,68744,2194,185,-170, NO_EVENT
9051,68575,68619,1698,116,-86, NO_EVENT
9052,68767,68673,3156,192,192, NO_EVENT
9053,69751,69153,92941,984,984, NO_EVENT
9054,85605,79990,44207405,15987,15854, TOUCHED
9055,73262,83285,13826886,12376,-12376, UNTOUCHED
9056,70493,71568,703458,2769,-2769, NO_EVENT
9057,69681,70060,58011,812,-812, NO_EVENT
9058,69310,69486,15105,371,-371, NO_EVENT
9059,69027,69141,5266,283,-283, NO_EVENT
9060,69012,69025,686,73,-35, NO_EVENT
9061,69137,69068,2321,131,125, NO_EVENT
9062,69431,69270,6260,294,294, NO_EVENT
9063,69769,69588,11445,338,338, NO_EVENT
9064,70838,70263,112367,1069,1069, NO_EVENT
9065,85212,82960,13072236,14374,14374, TOUCHED
9066,79681,84731,1148195,5544,-5544, TOUCHED
9067,70855,73302,8392293,8826,-8826, UNTOUCHED
9068,69949,70377,87706,906,-906, NO_EVENT
9069,69676,69759,9343,277,-273, NO_EVENT
9070,69679,69673,60,24,3, NO_EVENT
9071,69930,69811,5759,251,251, NO_EVENT
9072,70372,70164,17535,442,442, NO_EVENT
9073,71151,70765,53604,674,674, NO_EVENT
9074,85123,74335,19295266,13740,13740, TOUCHED
9075,83752,84539,269817,1371,-1371, TOUCHED
9076,71989,74941,14036634,11763,-11763, UNTOUCHED
9077,70830,71283,108001,1159,-1159, NO_EVENT
9078,70182,70444,39288,648,-648, NO_EVENT
9079,69880,70001,7892,256,-256, NO_EVENT
9080,69661,69738,3747,191,-191, NO_EVENT
9081,69677,69670,244,50,16, NO_EVENT
9082,69730,69692,442,65,53, NO_EVENT
9083,69866,69777,1924,142,136, NO_EVENT
9084,70296,70030,16386,430,430, NO_EVENT
9085,81152,72317,11034324,10744,10744, TOUCHED
9086,82944,83402,755732,3169,1792, TOUCHED
9087,73130,79377,11585868,9679,-9679, UNTOUCHED
9088,69894,71171,855659,3236,-3236, NO_EVENT
9089,68879,69315,96439,1015,-1015, NO_EVENT
9090,68419,68566,21277,479,-460, NO_EVENT
9091,68021,68170,3362,240,-240, NO_EVENT
9092,68057,67975,5747,204,36, NO_EVENT
9093,68019,68011,6610,243,-38, NO_EVENT
9094,68523,68281,11766,348,316, NO_EVENT
9095,69375,68831,62547,852,852, NO_EVENT
9096,83406,79532,37083499,14769,14031, TOUCHED
9097,72106,81459,8976839,11317,-11300, UNTOUCHED
9098,69387,70330,673586,2719,-2719, NO_EVENT
9099,68753,69026,33140,634,-634, NO_EVENT
9100,68549,68628,5785,204,-204, NO_EVENT
9101,68374,68370,4261,169,-71, NO_EVENT
9102,68379,68300,1590,111,5, NO_EVENT
9103,68411,68350,3332,149,32, NO_EVENT
9104,68785,68628,8938,374,374, NO_EVENT
9105,69313,68992,23444,533,533, NO_EVENT
9106,70691,69822,160304,1378,1378, NO_EVENT
9107,84221,78893,33867844,13609,13530, TOUCHED
9108,81672,83527,908297,2549,-2549, TOUCHED
9109,71920,73393,3249467,5394,-5394, UNTOUCHED
9110,70463,71110,188294,1249,-1249, NO_EVENT
9111,69620,69936,46722,665,-665, NO_EVENT
9112,69406,69492,4956,214,-214, NO_EVENT
9113,69393,69373,494,66,-13, NO_EVENT
9114,69533,69445,2495,154,140, NO_EVENT
9115,69767,69662,6807,234,234, NO_EVENT
9116,70442,70141,34935,563,563, NO_EVENT
9117,71696,70976,110123,1162,1162, NO_EVENT
9118,84021,77272,28552905,12636,12325, TOUCHED
9119,83199,83762,63829,822,-822, TOUCHED
9120,72609,74446,4148242,5733,-5733, UNTOUCHED
9121,71467,71940,100816,1142,-1142, NO_EVENT
9122,71049,71231,15012,418,-418, NO_EVENT
9123,70819,70886,3896,234,-230, NO_EVENT
9124,70840,70806,258,47,43, NO_EVENT
9125,70901,70855,1534,93,90, NO_EVENT
9126,71190,71059,6843,253,253, NO_EVENT
9127,71494,71347,7793,268,268, NO_EVENT
9128,71960,71685,17317,466,466, NO_EVENT
9129,72948,72378,123280,988,988, NO_EVENT
9130,83942,82093,15075400,9926,9607, TOUCHED
9131,73503,78911,17663884,10439,-10439, UNTOUCHED
9132,71955,72492,157014,1151,-1151, NO_EVENT
9133,71449,71636,19466,397,-397, NO_EVENT
9134,71185,71302,7582,234,-234, NO_EVENT
9135,71058,71116,1308,118,-118, NO_EVENT
9136,71200,71131,1088,108,108, NO_EVENT
9137,71457,71298,6302,249,249, NO_EVENT
9138,71784,71588,15562,353,353, NO_EVENT
9139,72855,72288,107372,977,977, NO_EVENT
9140,84063,82250,10969882,8426,8426, TOUCHED
9141,84032,84103,1130,118,-31, TOUCHED
9142,80602,83211,1086029,3430,-3430, TOUCHED
9143,72662,74585,4569442,7940,-7940, UNTOUCHED
9144,71622,72083,93732,1040,-1040, NO_EVENT
9145,71143,71375,17380,479,-479, NO_EVENT
9146,70891,70990,7580,258,-252, NO_EVENT
9147,70693,70786,3017,198,-198, NO_EVENT
9148,70591,70632,1302,102,-102, NO_EVENT
9149,70540,70547,321,66,-51, NO_EVENT
9150,70580,70530,907,86,82, NO_EVENT
9151,70871,70713,10334,270,267, NO_EVENT
9152,71615,71239,58783,668,668, NO_EVENT
9153,72489,72225,67445,703,703, NO_EVENT
9154,71790,72166,54023,687,-687, NO_EVENT
9155,71031,71328,40044,610,-610, NO_EVENT
9156,70706,70781,9572,300,-242, NO_EVENT
9157,71327,70877,27318,621,621, NO_EVENT
9158,83928,76289,27581578,12601,12601, TOUCHED
9159,82445,82983,260786,1483,-1483, TOUCHED
9160,74098,78128,7788560,7646,-7646, UNTOUCHED
9161,71062,72266,751886,3036,-3036, NO_EVENT
9162,69932,70362,99662,1130,-1130, NO_EVENT
9163,69647,69734,6154,285,-285, NO_EVENT
9164,70091,69828,13845,385,385, NO_EVENT
9165,74849,70852,919372,4758,4758, NO_EVENT
9166,83637,81574,11470208,9222,8788, TOUCHED
9167,77247,81963,4059675,6390,-6390, UNTOUCHED
9168,71318,73053,1936474,5929,-5929, NO_EVENT
9169,69907,70436,159879,1411,-1411, NO_EVENT
9170,69485,69605,10651,292,-292, NO_EVENT
9171,69375,69352,461,55,-5, NO_EVENT
9172,69515,69430,1784,140,140, NO_EVENT
9173,69721,69634,5255,206,206, NO_EVENT
9174,70322,70010,31297,601,601, NO_EVENT
9175,71652,70924,161211,1330,1330, NO_EVENT
9176,81908,79304,29678574,12826,10256, TOUCHED
9177,74014,78588,7840952,7894,-7894, UNTOUCHED
9178,71360,72318,495530,2654,-2654, NO_EVENT
9179,70341,70768,84732,1019,-1019, NO_EVENT
9180,69899,70073,17702,366,-366, NO_EVENT
9181,69619,69747,5210,241,-241, NO_EVENT
9182,69595,69604,175,42,-24, NO_EVENT
9183,69592,69586,495,64,-3, NO_EVENT
9184,69721,69674,1323,129,129, NO_EVENT
9185,69975,69881,8469,265,254, NO_EVENT
9186,70435,70225,14306,371,371, NO_EVENT
9187,70927,70703,23259,436,436, NO_EVENT
9188,71424,71257,23745,411,411, NO_EVENT
9189,71886,71753,12268,295,295, NO_EVENT
9190,72194,72071,7765,270,270, NO_EVENT
9191,72527,72361,10672,318,318, NO_EVENT
9192,73763,73110,141005,1097,1097, NO_EVENT
9193,83831,81456,13802150,9674,9444, TOUCHED
9194,83973,83928,7316,216,142, TOUCHED
9195,84006,84018,2640,152,33, TOUCHED
9196,84066,84075,1735,131,60, TOUCHED
9197,84030,84086,1079,98,-36, TOUCHED
9198,83969,84020,2032,107,-61, TOUCHED
9199,84007,84026,1948,123,-31, TOUCHED
9200,84017,84061,2412,120,10, TOUCHED
9201,84053,84063,2711,131,36, TOUCHED
9202,84132,84136,1357,125,79, TOUCHED
9203,84119,84135,1504,114,-13, TOUCHED
9204,83555,83861,35383,564,-564, TOUCHED
9205,74461,79694,9066139,8577,-8577, UNTOUCHED
9206,70589,72091,1260926,3872,-3872, NO_EVENT
9207,69202,69797,174687,1387,-1387, NO_EVENT
9208,68522,68806,43287,680,-680, NO_EVENT
9209,67864,68057,29069,432,-432, NO_EVENT
9210,67920,67889,1332,119,56, NO_EVENT
9211,67849,67879,598,71,-71, NO_EVENT
9212,67873,67864,1793,119,34, NO_EVENT
9213,67902,67855,1065,98,29, NO_EVENT
9214,67863,67864,972,101,-39, NO_EVENT
9215,67788,67843,471,84,-73, NO_EVENT
9216,67813,67837,937,105,25, NO_EVENT
9217,67823,67842,974,85,10, NO_EVENT
9218,67888,67883,194,42,36, NO_EVENT
9219,67884,67851,1084,91,-4, NO_EVENT
9220,67902,67850,1144,98,18, NO_EVENT
9221,67842,67849,375,60,-8, NO_EVENT
9222,67838,67845,286,56,-4, NO_EVENT
9223,67877,67857,1492,97,39, NO_EVENT
9224,67885,67897,219,46,-9, NO_EVENT
9225,67917,67908,261,52,32, NO_EVENT
9226,68329,68081,17493,412,412, NO_EVENT
9227,68641,68478,10437,297,297, NO_EVENT
9228,69012,68835,10070,371,371, NO_EVENT
9229,69400,69216,12522,388,388, NO_EVENT
9230,69800,69590,13931,400,400, NO_EVENT
9231,70242,70016,20651,442,442, NO_EVENT
9232,70942,70619,39432,601,601, NO_EVENT
9233,73006,71900,390119,1881,1881, NO_EVENT
9234,83668,82460,6810767,7014,6351, TOUCHED
9235,81839,83160,286993,1829,-1829, TOUCHED
9236,72880,76760,9079186,8959,-8959, UNTOUCHED
9237,70847,71871,396894,2033,-2033, NO_EVENT
9238,69967,70379,71105,880,-880, NO_EVENT
9239,69447,69695,22002,520,-520, NO_EVENT
9240,69247,69301,6296,255,-200, NO_EVENT
9241,69043,69106,2947,204,-204, NO_EVENT
9242,69048,69039,1268,94,-14, NO_EVENT
9243,69222,69126,2795,174,174, NO_EVENT
9244,69802,69463,30424,580,580, NO_EVENT
9245,76112,71030,2606820,6310,6310, NO_EVENT
9246,78570,81094,6762358,8239,2458, NO_EVENT
9247,71410,73941,4136074,5931,-5931, NO_EVENT
9248,69668,70287,240237,1742,-1742, NO_EVENT
9249,68857,69197,42188,674,-674, NO_EVENT
9250,68548,68703,13822,316,-309, NO_EVENT
9251,68040,68324,19192,508,-508, NO_EVENT
9252,67999,67984,4205,159,-41, NO_EVENT
9253,67895,67943,3960,212,39, NO_EVENT
9254,68039,67905,3486,207,144, NO_EVENT
9255,67945,67900,3741,222,-94, NO_EVENT
9256,67950,67933,2602,149,56, NO_EVENT
9257,68469,68078,33751,534,519, NO_EVENT
9258,84278,72074,25462856,15809,15809, TOUCHED
9259,76002,79781,17453621,10463,-8276, UNTOUCHED
9260,69426,70370,640198,2478,-2478, NO_EVENT
9261,68859,69098,30946,567,-567, NO_EVENT
9262,68641,68729,5604,218,-218, NO_EVENT
9263,68516,68591,2501,141,-125, NO_EVENT
9264,68572,68573,1080,110,1, NO_EVENT
9265,68658,68591,865,96,86, NO_EVENT
9266,68700,68671,536,61,42, NO_EVENT
9267,68812,68760,2757,147,112, NO_EVENT
9268,69146,68959,7338,304,304, NO_EVENT
9269,70450,69621,112433,1304,1304, NO_EVENT
9270,84282,80213,33914951,13983,13832, TOUCHED
9271,83926,84056,18078,410,-356, TOUCHED
9272,82786,83534,174554,1158,-1140, TOUCHED
9273,72137,75320,7557550,7737,-7737, UNTOUCHED
9274,70197,70869,272858,1469,-1469, NO_EVENT
9275,69510,69733,29307,524,-524, NO_EVENT
9276,69333,69392,4668,197,-177, NO_EVENT
9277,69345,69339,531,71,12, NO_EVENT
9278,69582,69464,3995,237,237, NO_EVENT
9279,69856,69726,5920,274,274, NO_EVENT
9280,70523,70206,35013,573,573, NO_EVENT
9281,71795,71153,161046,1178,1178, NO_EVENT
9282,84483,80629,28920016,12364,12168, TOUCHED
9283,84097,84463,16567,489,-386, TOUCHED
9284,72084,76391,20718729,12013,-12013, UNTOUCHED
9285,70574,71288,206370,1510,-1510, NO_EVENT
9286,69866,70200,52262,708,-708, NO_EVENT
9287,69400,69598,18874,466,-466, NO_EVENT
9288,69080,69177,10551,320,-320, NO_EVENT
9289,68758,68900,3702,228,-228, NO_EVENT
9290,68611,68677,2784,147,-147, NO_EVENT
9291,68382,68462,5815,264,-229, NO_EVENT
9292,68250,68274,5445,247,-132, NO_EVENT
9293,67877,67962,9207,263,-254, NO_EVENT
9294,68009,67900,1301,139,132, NO_EVENT
9295,67870,67900,2689,176,-139, NO_EVENT
9296,67827,67904,981,121,-62, NO_EVENT
9297,67943,67895,4035,152,116, NO_EVENT
9298,67917,67888,2400,134,-26, NO_EVENT
9299,67918,67882,1702,124,13, NO_EVENT
9300,67941,67887,1359,89,23, NO_EVENT
9301,67834,67890,1314,111,-107, NO_EVENT
9302,67880,67955,2531,168,-69, NO_EVENT
9303,68211,67988,12868,331,331, NO_EVENT
9304,68512,68349,10387,301,301, NO_EVENT
9305,68745,68650,5325,192,192, NO_EVENT
9306,68970,68855,3722,209,209, NO_EVENT
9307,69172,69038,4394,211,202, NO_EVENT
9308,69479,69333,9806,307,307, NO_EVENT
9309,69820,69668,8868,341,341, NO_EVENT
9310,70107,69982,7538,276,276, NO_EVENT
9311,70386,70258,4649,223,223, NO_EVENT
9312,70652,70499,4919,266,266, NO_EVENT
9313,71138,70840,20487,486,486, NO_EVENT
9314,72074,72065,229535,1369,936, NO_EVENT
9315,71904,71932,3012,185,-170, NO_EVENT
9316,71926,71938,455,73,22, NO_EVENT
9317,71841,71891,1165,93,-85, NO_EVENT
9318,71415,71687,20315,426,-426, NO_EVENT
9319,71284,71347,2094,131,-131, NO_EVENT
9320,71210,71235,501,74,-74, NO_EVENT
9321,71177,71196,158,40,-33, NO_EVENT
9322,71053,71130,1676,124,-124, NO_EVENT
9323,70980,71004,721,75,-73, NO_EVENT
9324,70955,70947,286,64,-25, NO_EVENT
9325,70957,70946,33,17,2, NO_EVENT
9326,71102,71008,2417,152,145, NO_EVENT
9327,72912,71733,408014,1810,1810, NO_EVENT
9328,73477,73375,23693,590,565, NO_EVENT
9329,71705,72632,318659,1772,-1772, NO_EVENT
9330,73266,71957,294433,1736,1561, NO_EVENT
9331,75399,74615,413032,2133,2133, NO_EVENT
9332,75980,75699,36881,581,581, NO_EVENT
9333,76500,76292,26233,476,476, NO_EVENT
9334,76776,76695,6177,300,276, NO_EVENT
9335,76585,76700,8841,216,-191, NO_EVENT
9336,76446,76538,2149,157,-101, NO_EVENT
9337,76276,76288,11630,308,-170, NO_EVENT
9338,77034,76698,64822,758,758, NO_EVENT
9339,76779,77036,10875,334,-282, NO_EVENT
9340,75693,76215,101464,1086,-1086, NO_EVENT
9341,74989,75360,48624,704,-704, NO_EVENT
9342,74193,74508,51026,666,-666, NO_EVENT
9343,73630,73800,18712,563,-563, NO_EVENT
9344,73685,73699,1027,109,55, NO_EVENT
9345,73807,73780,908,122,122, NO_EVENT
9346,73620,73748,2085,187,-187, NO_EVENT
9347,73400,73530,6507,226,-220, NO_EVENT
9348,73136,73165,3154,165,-150, NO_EVENT
9349,73072,73099,1853,112,-83, NO_EVENT
9350,72789,72897,8213,235,-225, NO_EVENT
9351,73382,72960,39892,644,593, NO_EVENT
9352,75193,74349,322148,1811,1811, NO_EVENT
9353,75763,75586,33494,593,570, NO_EVENT
9354,74315,75277,231794,1448,-1448, NO_EVENT
9355,71069,71899,763710,2362,-2362, NO_EVENT
9356,70556,70689,17749,369,-369, NO_EVENT
9357,70209,70374,8148,291,-291, NO_EVENT
9358,70018,70116,4182,191,-191, NO_EVENT
9359,69872,69940,2293,146,-146, NO_EVENT
9360,69809,69817,627,80,-63, NO_EVENT
9361,69749,69755,300,73,-60, NO_EVENT
9362,69786,69738,778,95,45, NO_EVENT
9363,69743,69775,169,51,-31, NO_EVENT
9364,69851,69811,1030,108,108, NO_EVENT
9365,69883,69879,390,57,32, NO_EVENT
9366,69894,69892,154,42,11, NO_EVENT
9367,69860,69877,72,34,-34, NO_EVENT
9368,69888,69883,67,32,28, NO_EVENT
9369,69913,69892,161,36,15, NO_EVENT
9370,70013,69959,760,107,107, NO_EVENT
9371,70008,70010,987,96,-5, NO_EVENT
9372,70199,70116,1689,191,191, NO_EVENT
9373,70224,70195,522,65,25, NO_EVENT
9374,70371,70316,1285,147,147, NO_EVENT
9375,70455,70416,878,86,84, NO_EVENT
9376,70619,70570,773,92,92, NO_EVENT
9377,70819,70746,3337,164,164, NO_EVENT
9378,72748,71542,468318,1855,1855, NO_EVENT
9379,77317,76192,1552447,3453,3453, NO_EVENT
9380,77365,77364,1645,121,48, NO_EVENT
9381,77428,77446,1233,115,63, NO_EVENT
9382,77329,77331,2804,157,-89, NO_EVENT
9383,77299,77309,512,69,-30, NO_EVENT
9384,76731,77081,27731,545,-545, NO_EVENT
9385,74721,75730,408157,2010,-2010, NO_EVENT
9386,71819,73480,1007209,2902,-2902, NO_EVENT
9387,70822,71248,110554,997,-997, NO_EVENT
9388,70426,70621,13344,396,-396, NO_EVENT
9389,70096,70252,9229,330,-330, NO_EVENT
9390,69898,69973,3916,198,-198, NO_EVENT
9391,69734,69794,2039,164,-164, NO_EVENT
9392,69610,69672,869,112,-112, NO_EVENT
9393,69536,69577,357,74,-74, NO_EVENT
9394,69516,69536,64,28,-20, NO_EVENT
9395,69491,69503,273,49,-25, NO_EVENT
9396,69485,69495,131,35,-6, NO_EVENT
9397,69413,69450,432,60,-54, NO_EVENT
9398,69472,69443,540,63,40, NO_EVENT
9399,69495,69471,116,38,23, NO_EVENT
9400,69630,69558,1770,135,135, NO_EVENT
9401,69773,69674,3337,188,143, NO_EVENT
9402,70420,69988,45350,647,647, NO_EVENT
9403,70697,70664,1708,116,40, NO_EVENT
9404,70940,70865,3177,148,148, NO_EVENT
9405,70984,70972,695,77,44, NO_EVENT
9406,70882,70942,498,102,-102, NO_EVENT
9407,70879,70897,408,58,-3, NO_EVENT
9408,70899,70913,1246,89,20, NO_EVENT
9409,73151,71652,622837,2252,2252, NO_EVENT
9410,74654,73968,184047,1503,1503, NO_EVENT
9411,75671,75246,112191,1017,1017, NO_EVENT
9412,76209,76044,19131,375,375, NO_EVENT
9413,75868,76106,13038,374,-341, NO_EVENT
9414,75844,75843,480,56,-24, NO_EVENT
9415,75667,75694,4902,205,-151, NO_EVENT
9416,75621,75650,179,46,-46, NO_EVENT
9417,75638,75624,513,78,17, NO_EVENT
9418,75620,75628,546,73,-18, NO_EVENT
9419,75436,75535,2888,162,-153, NO_EVENT
9420,75205,75322,2497,231,-231, NO_EVENT
9421,74941,75007,9861,305,-264, NO_EVENT
9422,75081,74969,4356,205,205, NO_EVENT
9423,75530,75352,15074,342,342, NO_EVENT
9424,75370,75612,9934,327,-160, NO_EVENT
9425,74842,75062,32499,528,-528, NO_EVENT
9426,74349,74578,32186,472,-472, NO_EVENT
9427,74894,74464,35763,563,563, NO_EVENT
9428,75777,75382,74619,883,883, NO_EVENT
9429,75925,75882,2363,155,148, NO_EVENT
9430,75738,75798,3809,164,-146, NO_EVENT
9431,75715,75724,2031,142,-23, NO_EVENT
9432,75912,75796,5905,228,197, NO_EVENT
9433,76010,75948,1366,113,98, NO_EVENT
9434,76406,76190,22640,448,448, NO_EVENT
9435,76788,76628,20303,382,382, NO_EVENT
9436,76962,76895,3222,174,174, NO_EVENT
9437,77090,77011,3288,171,128, NO_EVENT
9438,77151,77123,793,80,61, NO_EVENT
9439,77310,77237,1103,118,118, NO_EVENT
9440,77240,77280,544,73,-70, NO_EVENT
9441,77422,77256,5652,222,182, NO_EVENT
9442,78093,77850,34271,671,671, NO_EVENT
9443,78179,78154,954,100,86, NO_EVENT
9444,78155,78139,278,47,34, NO_EVENT
9445,78352,78244,3208,197,197, NO_EVENT
9446,78527,78417,4075,216,216, NO_EVENT
9447,78527,78516,436,54,0, NO_EVENT
9448,78350,78495,2945,208,-208, NO_EVENT
9449,78131,78149,6862,289,-219, NO_EVENT
9450,78279,78236,914,101,101, NO_EVENT
9451,78181,78276,789,133,-98, NO_EVENT
9452,76775,77556,310745,1406,-1406, NO_EVENT
9453,76335,76545,20257,440,-440, NO_EVENT
9454,77014,76643,67000,684,679, NO_EVENT
9455,77237,77150,4541,159,158, NO_EVENT
9456,77499,77359,6307,262,262, NO_EVENT
9457,77801,77669,7933,302,302, NO_EVENT
9458,78062,77930,7713,261,261, NO_EVENT
9459,78190,78128,1592,128,128, NO_EVENT
9460,78283,78217,1847,136,136, NO_EVENT
9461,78239,78257,554,54,-44, NO_EVENT
9462,77840,78037,12098,332,-332, NO_EVENT
9463,77812,77788,924,88,-28, NO_EVENT
9464,77842,77841,864,80,43, NO_EVENT
9465,77912,77880,870,86,70, NO_EVENT
9466,78013,77988,1813,134,101, NO_EVENT
9467,77695,77837,8254,318,-318, NO_EVENT
9468,77451,77558,7672,244,-244, NO_EVENT
9469,77334,77345,232,45,-31, NO_EVENT
9470,77318,77318,460,69,-16, NO_EVENT
9471,76914,77152,17508,373,-373, NO_EVENT
9472,76244,76573,36198,670,-670, NO_EVENT
9473,75985,76010,8902,337,-259, NO_EVENT
9474,76171,76079,5184,238,238, NO_EVENT
9475,76091,76095,502,94,-80, NO_EVENT
9476,76078,76057,576,72,-13, NO_EVENT
9477,76057,76078,154,43,-30, NO_EVENT
9478,75919,75979,981,138,-138, NO_EVENT
9479,75849,75857,868,100,-70, NO_EVENT
9480,75815,75853,671,83,-34, NO_EVENT
9481,75504,75601,7009,222,-222, NO_EVENT
9482,75376,75417,1365,133,-128, NO_EVENT
9483,75269,75309,1173,107,-107, NO_EVENT
9484,75284,75277,153,33,22, NO_EVENT
9485,75302,75339,728,91,18, NO_EVENT
9486,75365,75307,932,118,63, NO_EVENT
9487,76309,75782,131611,944,944, NO_EVENT
9488,76360,76364,773,77,44, NO_EVENT
9489,76323,76354,162,50,-37, NO_EVENT
9490,76450,76402,3631,150,127, NO_EVENT
9491,76473,76444,469,70,41, NO_EVENT
9492,76527,76484,844,85,54, NO_EVENT
9493,76670,76580,2643,157,143, NO_EVENT
9494,76894,76788,3210,168,168, NO_EVENT
9495,76865,76873,568,65,-29, NO_EVENT
9496,76815,76862,629,85,-50, NO_EVENT
9497,76619,76678,2206,196,-196, NO_EVENT
9498,76614,76580,674,66,-5, NO_EVENT
9499,76640,76613,1213,106,103, NO_EVENT
9500,76505,76567,1573,135,-135, NO_EVENT
9501,76554,76485,1173,106,49, NO_EVENT
9502,76756,76663,3535,164,164, NO_EVENT
9503,77006,76836,5420,252,250, NO_EVENT
9504,78038,77511,158662,1032,1032, NO_EVENT
9505,78371,78234,7081,277,277, NO_EVENT
9506,78351,78370,928,85,-20, NO_EVENT
9507,78278,78276,246,50,-6, NO_EVENT
9508,78195,78205,1406,132,-83, NO_EVENT
9509,78035,78108,2141,132,-129, NO_EVENT
9510,77718,77858,12460,317,-317, NO_EVENT
9511,77745,77715,500,65,57, NO_EVENT
9512,77970,77827,3407,225,225, NO_EVENT
9513,78129,78025,2416,159,159, NO_EVENT
9514,78337,78215,3436,209,208, NO_EVENT
9515,78414,78361,1659,120,77, NO_EVENT
9516,78372,78437,985,113,-42, NO_EVENT
9517,77596,77984,61699,776,-776, NO_EVENT
9518,75792,76687,261877,1523,-1523, NO_EVENT
9519,73458,74565,468786,2334,-2334, NO_EVENT
9520,72796,73277,26235,673,-662, NO_EVENT
9521,74612,73465,398436,1965,1816, NO_EVENT
9522,74132,74301,30327,520,-480, NO_EVENT
9523,75786,74938,181746,1389,1389, NO_EVENT
9524,77114,76605,109113,1328,1328, NO_EVENT
9525,77273,77227,5114,190,159, NO_EVENT
9526,77363,77317,326,72,72, NO_EVENT
9527,77339,77360,516,65,-24, NO_EVENT
9528,77362,77372,242,45,-13, NO_EVENT
9529,77305,77250,5038,182,-57, NO_EVENT
9530,76801,76821,63667,746,-504, NO_EVENT
9531,76825,76839,535,60,-44, NO_EVENT
9532,76949,76881,1243,124,124, NO_EVENT
9533,76945,76958,1381,101,-4, NO_EVENT
9534,76950,76948,587,72,5, NO_EVENT
9535,76983,76993,765,93,33, NO_EVENT
9536,76766,76795,3104,161,-133, NO_EVENT
9537,76875,76821,911,109,109, NO_EVENT
9538,77139,77026,15973,323,264, NO_EVENT
9539,77117,77145,1173,92,-28, NO_EVENT
9540,76983,77050,943,134,-134, NO_EVENT
9541,76957,76956,266,52,-26, NO_EVENT
9542,77041,76994,993,87,84, NO_EVENT
9543,77152,77080,2008,132,111, NO_EVENT
9544,77294,77223,1624,138,138, NO_EVENT
9545,77385,77315,1324,137,91, NO_EVENT
9546,77581,77470,4059,196,196, NO_EVENT
9547,77789,77675,4310,208,208, NO_EVENT
9548,77870,77839,2086,135,81, NO_EVENT
9549,77872,77872,856,81,22, NO_EVENT
9550,77801,77832,913,78,-71, NO_EVENT
9551,77664,77761,1935,150,-150, NO_EVENT
9552,77129,77312,24104,535,-535, NO_EVENT
9553,77055,77087,620,74,-74, NO_EVENT
9554,77026,77027,200,40,12, NO_EVENT
9555,77124,77024,3496,170,98, NO_EVENT
9556,77406,77303,4128,221,221, NO_EVENT
9557,77603,77499,2983,197,197, NO_EVENT
9558,77780,77702,3031,177,177, NO_EVENT
9559,78078,77945,5657,298,298, NO_EVENT
9560,78181,78111,2926,148,103, NO_EVENT
9561,78249,78190,1030,94,94, NO_EVENT
9562,78291,78279,529,66,42, NO_EVENT
9563,78404,78348,896,84,57, NO_EVENT
9564,78529,78475,2075,125,125, NO_EVENT
9565,78572,78562,126,29,15, NO_EVENT
9566,78631,78613,1796,118,59, NO_EVENT
9567,78718,78689,373,63,23, NO_EVENT
9568,78668,78690,692,73,-50, NO_EVENT
9569,78811,78761,909,95,65, NO_EVENT
9570,78875,78832,729,66,64, NO_EVENT
9571,78986,78904,1866,142,109, NO_EVENT
9572,78912,78937,1183,101,-74, NO_EVENT
9573,78996,78956,1121,100,24, NO_EVENT
9574,79010,79006,362,51,14, NO_EVENT
9575,79065,79031,742,76,70, NO_EVENT
9576,79063,79062,1328,105,-2, NO_EVENT
9577,79097,79072,433,56,27, TOUCHED
9578,79064,79077,792,74,-33, UNTOUCHED
9579,79119,79100,138,34,17, TOUCHED
9580,79133,79140,100,32,14, TOUCHED
9581,79239,79216,2243,139,92, TOUCHED
9582,79284,79231,1064,103,45, TOUCHED
9583,79290,79268,97,38,6, TOUCHED
9584,79237,79258,467,64,-53, TOUCHED
9585,79339,79243,1382,133,102, TOUCHED
9586,79300,79302,800,91,-39, TOUCHED
9587,79322,79298,699,75,22, TOUCHED
9588,79309,79296,606,75,-13, TOUCHED
9589,79301,79293,433,57,-8, TOUCHED
9590,79332,79329,78,23,5, TOUCHED
9591,79289,79307,494,56,-43, TOUCHED
9592,79332,79333,60,22,-5, TOUCHED
9593,79311,79338,337,51,-21, TOUCHED
9594,79326,79343,141,33,-30, TOUCHED
9595,79328,79333,608,75,2, TOUCHED
9596,79368,79380,403,56,-21, TOUCHED
9597,79395,79346,935,96,27, TOUCHED
9598,79364,79336,740,101,-31, TOUCHED
9599,79335,79354,919,85,-29, TOUCHED
9600,79371,79363,734,76,36, TOUCHED
9601,79370,79355,458,67,-1, TOUCHED
9602,79412,79380,367,55,42, TOUCHED
9603,79390,79370,170,37,14, TOUCHED
9604,79408,79391,614,68,18, TOUCHED
9605,79428,79385,568,71,38, TOUCHED
9606,79437,79423,465,61,9, TOUCHED
9607,79450,79420,807,86,21, TOUCHED
9608,79321,79396,2086,144,-129, TOUCHED
9609,79397,79396,1582,111,76, TOUCHED
9610,79388,79421,968,83,-9, TOUCHED
9611,79433,79439,986,100,45, TOUCHED
9612,79435,79432,416,65,2, TOUCHED
9613,79456,79436,814,87,21, TOUCHED
9614,79415,79427,168,33,-8, TOUCHED
9615,79429,79428,690,74,14, TOUCHED
9616,79416,79399,345,54,-2, TOUCHED
9617,79343,79398,1082,91,-73, TOUCHED
9618,79282,79324,2011,130,-88, TOUCHED
9619,79107,79207,2633,175,-175, TOUCHED
9620,79228,79180,288,63,37, TOUCHED
9621,79246,79237,513,70,18, TOUCHED
9622,79287,79268,392,56,41, TOUCHED
9623,79251,79279,826,71,-36, TOUCHED
9624,79269,79266,860,91,18, TOUCHED
9625,79242,79245,263,43,-27, TOUCHED
9626,79245,79244,181,41,3, TOUCHED
9627,79225,79225,411,53,-20, TOUCHED
9628,79207,79206,362,54,-18, TOUCHED
9629,79246,79224,565,64,31, TOUCHED
9630,79232,79258,550,61,-14, TOUCHED
9631,79284,79266,1330,86,44, TOUCHED
9632,79311,79279,254,44,27, TOUCHED
9633,79163,79225,1890,119,-119, TOUCHED
9634,78974,79086,4489,198,-189, UNTOUCHED
9635,78976,78956,985,86,-34, NO_EVENT
9636,78882,78934,848,94,-94, NO_EVENT
9637,78842,78894,477,78,-53, NO_EVENT
9638,78627,78776,5391,215,-215, NO_EVENT
9639,77610,78150,89318,898,-898, NO_EVENT
9640,74882,76337,908977,2728,-2728, NO_EVENT
9641,74253,74433,48955,629,-629, NO_EVENT
9642,74421,74323,2447,153,120, NO_EVENT
9643,75132,74767,33852,711,711, NO_EVENT
9644,75379,75207,4530,247,247, NO_EVENT
9645,75942,75609,48530,563,563, NO_EVENT
9646,76719,76544,49794,603,581, NO_EVENT
9647,76295,76611,16217,424,-424, NO_EVENT
9648,75738,75975,33221,557,-557, NO_EVENT
9649,75557,75574,2493,153,-100, NO_EVENT
9650,75960,75776,15585,403,403, NO_EVENT
9651,76216,76083,7852,256,256, NO_EVENT
9652,76892,76623,27989,482,482, NO_EVENT
9653,77506,77303,23968,614,614, NO_EVENT
9654,77453,77501,979,96,-53, NO_EVENT
9655,77361,77434,3297,156,-127, NO_EVENT
9656,77297,77313,290,64,-64, NO_EVENT
9657,77339,77309,831,80,19, NO_EVENT
9658,77357,77336,678,80,18, NO_EVENT
9659,77263,77315,823,94,-94, NO_EVENT
9660,77192,77232,3485,154,-71, NO_EVENT
9661,77105,77142,621,87,-87, NO_EVENT
9662,77030,77058,1075,84,-71, NO_EVENT
9663,77214,77097,4701,197,184, NO_EVENT
9664,77226,77228,975,100,12, NO_EVENT
9665,77383,77323,1003,114,81, NO_EVENT
9666,77413,77388,1119,101,30, NO_EVENT
9667,77519,77483,1102,87,48, NO_EVENT
9668,77548,77524,399,58,29, NO_EVENT
9669,77576,77588,2181,136,28, NO_EVENT
9670,77737,77681,1860,161,161, NO_EVENT
9671,77754,77729,1304,105,17, NO_EVENT
9672,77760,77757,687,80,5, NO_EVENT
9673,77768,77781,590,69,8, NO_EVENT
9674,77825,77807,287,46,8, NO_EVENT
9675,77834,77829,89,29,9, NO_EVENT
9676,77816,77840,740,77,-18, NO_EVENT
9677,77945,77899,855,129,129, NO_EVENT
9678,77989,77976,275,45,44, NO_EVENT
9679,78054,78030,119,37,37, NO_EVENT
9680,78080,78067,69,26,26, NO_EVENT
9681,78090,78106,258,48,-28, NO_EVENT
9682,78228,78182,1579,138,138, NO_EVENT
9683,78338,78291,716,82,63, NO_EVENT
9684,78496,78394,1852,158,158, NO_EVENT
9685,78554,78539,1137,90,58, NO_EVENT
9686,78767,78652,3685,213,213, NO_EVENT
9687,78782,78753,764,70,15, NO_EVENT
9688,78823,78792,326,68,41, NO_EVENT
9689,78821,78822,39,19,-2, NO_EVENT
9690,78821,78826,545,68,0, NO_EVENT
9691,78849,78851,344,55,28, NO_EVENT
9692,78849,78848,304,53,0, NO_EVENT
9693,78900,78873,392,49,20, NO_EVENT
9694,78876,78887,714,79,-24, NO_EVENT
9695,78891,78911,166,40,-29, NO_EVENT
9696,78929,78924,538,69,38, NO_EVENT
9697,78920,78955,438,68,-25, NO_EVENT
9698,78977,78968,405,68,57, NO_EVENT
9699,78940,78990,335,69,-47, NO_EVENT
9700,78990,78980,847,88,50, NO_EVENT
9701,79002,79021,111,33,-17, NO_EVENT
9702,78983,79030,715,75,-19, NO_EVENT
9703,79025,79053,712,81,-46, NO_EVENT
9704,79011,79039,301,45,-14, NO_EVENT
9705,79024,79036,127,28,-19, NO_EVENT
9706,79022,79040,256,34,-2, NO_EVENT
9707,79046,79064,186,38,-28, NO_EVENT
9708,79085,79055,494,74,39, TOUCHED
9709,79026,79040,322,55,-24, UNTOUCHED
9710,79030,79044,534,58,4, NO_EVENT
9711,79078,79038,885,73,48, TOUCHED
9712,79001,79015,1455,120,-77, UNTOUCHED
9713,78991,78996,225,42,-10, NO_EVENT
9714,78892,78952,1373,103,-99, NO_EVENT
9715,78795,78837,2246,127,-97, NO_EVENT
9716,78691,78736,1074,104,-104, NO_EVENT
9717,78639,78679,506,80,-52, NO_EVENT
9718,78626,78639,419,57,-13, NO_EVENT
9719,78729,78691,786,103,103, NO_EVENT
9720,78760,78725,1304,98,31, NO_EVENT
9721,78780,78779,393,62,20, NO_EVENT
9722,78721,78761,712,72,-59, NO_EVENT
9723,78702,78702,353,61,-19, NO_EVENT
9724,78643,78678,614,65,-59, NO_EVENT
9725,78696,78689,363,74,53, NO_EVENT
9726,78673,78687,619,72,-23, NO_EVENT
9727,78627,78689,1078,104,-46, NO_EVENT
9728,78522,78581,1302,105,-105, NO_EVENT
9729,78508,78553,206,59,-14, NO_EVENT
9730,78409,78454,1045,99,-99, NO_EVENT
9731,78268,78376,2491,186,-141, NO_EVENT
9732,78032,78178,6936,236,-236, NO_EVENT
9733,77720,77892,7391,290,-290, NO_EVENT
9734,77327,77547,18925,393,-393, NO_EVENT
9735,76255,76471,135755,1091,-990, NO_EVENT
9736,75049,75685,110630,1206,-1206, NO_EVENT
9737,74067,74510,46392,982,-982, NO_EVENT
9738,73640,73889,29010,487,-427, NO_EVENT
9739,72716,73174,107558,899,-899, NO_EVENT
9740,72694,72723,449,61,-61, NO_EVENT
9741,72686,72716,338,62,-62, NO_EVENT
9742,72546,72635,1660,140,-140, NO_EVENT
9743,72412,72486,1537,134,-134, NO_EVENT
9744,72416,72419,287,51,4, NO_EVENT
9745,72473,72423,800,77,57, NO_EVENT
9746,72643,72629,2769,221,170, NO_EVENT
9747,72668,72675,385,58,25, NO_EVENT
9748,72696,72693,600,76,28, NO_EVENT
9749,72693,72711,381,54,-3, NO_EVENT
9750,72547,72671,2371,195,-146, NO_EVENT
9751,72379,72477,1296,168,-168, NO_EVENT
9752,72528,72491,3064,174,149, NO_EVENT
9753,72923,72675,15032,401,395, NO_EVENT
9754,73532,73137,46478,609,609, NO_EVENT
9755,74111,74015,6273,257,257, NO_EVENT
9756,74240,74155,5044,200,200, NO_EVENT
9757,74205,74208,3670,144,-35, NO_EVENT
9758,73470,73889,44326,735,-735, NO_EVENT
9759,72992,73199,19792,478,-478, NO_EVENT
9760,72681,72853,8384,311,-311, NO_EVENT
9761,72239,72485,16811,442,-442, NO_EVENT
9762,71649,71957,29739,590,-590, NO_EVENT
9763,71295,71482,11948,354,-354, NO_EVENT
9764,71083,71200,4461,212,-212, NO_EVENT
9765,71579,71139,14274,523,496, NO_EVENT
9766,71493,71518,2491,134,-86, NO_EVENT
9767,71375,71448,1436,125,-118, NO_EVENT
9768,71278,71325,1275,97,-97, NO_EVENT
9769,71144,71212,1447,134,-134, NO_EVENT
9770,71051,71088,997,97,-93, NO_EVENT
9771,70896,70984,1940,155,-155, NO_EVENT
9772,70780,70870,1750,150,-116, NO_EVENT
9773,70725,70750,1173,94,-55, NO_EVENT
9774,70619,70672,2277,115,-106, NO_EVENT
9775,70303,70497,11744,316,-316, NO_EVENT
9776,70013,70107,6730,237,-237, NO_EVENT
9777,69868,69935,1288,113,-113, NO_EVENT
9778,69879,69869,186,40,11, NO_EVENT
9779,70037,69923,3407,173,158, NO_EVENT
9780,70784,70462,75702,747,747, NO_EVENT
9781,70949,70845,2816,179,165, NO_EVENT
9782,71004,70967,971,87,55, NO_EVENT
9783,71097,71049,1090,98,93, NO_EVENT
9784,71158,71145,765,91,55, NO_EVENT
9785,71207,71205,660,84,46, NO_EVENT
9786,71308,71293,1212,104,18, NO_EVENT
9787,71352,71362,1009,89,-12, NO_EVENT
9788,71342,71390,1539,105,-78, NO_EVENT
9789,71395,71404,1582,114,-24, NO_EVENT
9790,71423,71437,1211,103,-51, NO_EVENT
9791,71503,71493,344,53,30, NO_EVENT
9792,71848,71649,16355,348,345, NO_EVENT
9793,72272,72077,23205,443,424, NO_EVENT
9794,72617,72441,11776,345,345, NO_EVENT
9795,73110,72856,24524,492,492, NO_EVENT
9796,73633,73453,23636,444,444, NO_EVENT
9797,73849,73774,2714,140,140, NO_EVENT
9798,73915,73888,1337,102,66, NO_EVENT
9799,74255,74090,12900,354,340, NO_EVENT
9800,74823,74516,23751,568,568, NO_EVENT
9801,75182,75011,20316,378,359, NO_EVENT
9802,75664,75503,9451,308,308, NO_EVENT
9803,75615,75675,1590,111,-49, NO_EVENT
9804,75160,75357,20214,455,-455, NO_EVENT
9805,73664,74382,202541,1324,-1324, NO_EVENT
9806,71781,72623,324466,1629,-1629, NO_EVENT
9807,70844,71110,52727,657,-657, NO_EVENT
9808,70420,70678,16512,380,-323, NO_EVENT
9809,70161,70227,4287,197,-197, NO_EVENT
9810,70071,70109,755,90,-90, NO_EVENT
9811,70079,70087,449,64,8, NO_EVENT
9812,70096,70082,222,44,17, NO_EVENT
9813,70120,70112,327,48,24, NO_EVENT
9814,70128,70123,117,34,8, NO_EVENT
9815,70165,70141,313,43,1, NO_EVENT
9816,70074,70104,558,70,-47, NO_EVENT
9817,70108,70097,169,44,34, NO_EVENT
9818,70618,70235,17697,510,510, NO_EVENT
9819,70873,70858,5661,307,255, NO_EVENT
9820,71020,71002,2670,210,147, NO_EVENT
9821,71109,71118,1238,139,89, NO_EVENT
9822,71123,71131,1287,92,14, NO_EVENT
9823,71138,71167,1354,95,15, NO_EVENT
9824,71125,71171,820,88,-13, NO_EVENT
9825,71148,71165,188,53,23, NO_EVENT
9826,71174,71166,517,59,26, NO_EVENT
9827,71103,71141,1282,92,-40, NO_EVENT
9828,71116,71103,1257,106,12, NO_EVENT
9829,71077,71067,875,88,18, NO_EVENT
9830,71079,71038,837,86,86, NO_EVENT
9831,71083,71082,1946,135,17, NO_EVENT
9832,71139,71147,1637,120,56, NO_EVENT
9833,70924,71095,2890,236,-215, NO_EVENT
9834,70471,70653,22750,453,-453, NO_EVENT
9835,70332,70385,1920,139,-139, NO_EVENT
9836,70292,70312,179,40,-40, NO_EVENT
9837,70228,70240,519,84,-64, NO_EVENT
9838,70229,70200,356,48,1, NO_EVENT
9839,70235,70210,312,51,13, NO_EVENT
9840,70295,70254,417,78,78, NO_EVENT
9841,70319,70301,111,33,24, NO_EVENT
9842,70363,70337,408,56,44, NO_EVENT
9843,70475,70403,1583,122,112, NO_EVENT
9844,70644,70556,1708,169,169, NO_EVENT
9845,70904,70767,6428,260,260, NO_EVENT
9846,71220,71082,6857,316,316, NO_EVENT
9847,71793,71491,35980,573,573, NO_EVENT
9848,72120,71942,9202,327,327, NO_EVENT
9849,72718,72334,30502,598,598, NO_EVENT
9850,73432,73152,35657,714,714, NO_EVENT
9851,73461,73458,537,72,29, NO_EVENT
9852,73495,73461,760,88,34, NO_EVENT
9853,73495,73510,311,53,0, NO_EVENT
9854,73550,73517,387,55,55, NO_EVENT
9855,73726,73657,1462,114,114, NO_EVENT
9856,73794,73757,332,59,39, NO_EVENT
9857,74363,74063,43326,569,569, NO_EVENT
9858,74441,74396,1007,96,78, NO_EVENT
9859,74501,74495,1259,99,60, NO_EVENT
9860,74429,74470,1221,93,-72, NO_EVENT
9861,74398,74395,923,79,6, NO_EVENT
9862,74323,74380,685,82,-75, NO_EVENT
9863,74308,74376,1158,108,-15, NO_EVENT
9864,74276,74292,338,54,-32, NO_EVENT
9865,74190,74247,1177,92,-86, NO_EVENT
9866,74237,74221,984,98,32, NO_EVENT
9867,74597,74432,15532,327,306, NO_EVENT
9868,74714,74699,1535,141,117, NO_EVENT
9869,74594,74655,1086,120,-120, NO_EVENT
9870,74096,74295,28592,498,-498, NO_EVENT
9871,73636,73854,19786,430,-430, NO_EVENT
9872,73368,73464,3365,163,-163, NO_EVENT
9873,73060,73181,7410,308,-308, NO_EVENT
9874,73141,73073,2071,129,81, NO_EVENT
9875,73619,73238,13656,478,478, NO_EVENT
9876,74107,73888,13062,488,488, NO_EVENT
9877,74245,74184,2195,138,138, NO_EVENT
9878,74285,74293,1146,111,39, NO_EVENT
9879,74097,74167,1767,136,-98, NO_EVENT
9880,73619,73903,17874,478,-478, NO_EVENT
9881,73398,73536,5643,254,-221, NO_EVENT
9882,73325,73382,410,81,-73, NO_EVENT
9883,73436,73368,528,111,111, NO_EVENT
9884,73498,73476,319,62,62, NO_EVENT
9885,73520,73504,241,44,8, NO_EVENT
9886,73667,73577,1639,134,134, NO_EVENT
9887,73706,73666,395,74,39, NO_EVENT
9888,73796,73708,1351,124,90, NO_EVENT
9889,74033,73932,4033,237,237, NO_EVENT
9890,74300,74216,12207,327,267, NO_EVENT
9891,74321,74337,398,58,21, NO_EVENT
9892,74333,74351,506,65,-12, NO_EVENT
9893,74315,74321,635,69,-18, NO_EVENT
9894,74536,74325,6201,269,221, NO_EVENT
9895,74920,74736,13767,384,384, NO_EVENT
9896,75232,75056,9108,312,312, NO_EVENT
9897,75134,75225,2336,148,-148, NO_EVENT
9898,74795,75020,13291,344,-339, NO_EVENT
9899,74628,74684,3152,167,-167, NO_EVENT
9900,74699,74651,669,76,71, NO_EVENT
9901,74571,74616,1008,84,-84, NO_EVENT
9902,74361,74474,4589,210,-210, NO_EVENT
9903,74323,74352,668,66,-38, NO_EVENT
9904,74326,74334,318,53,3, NO_EVENT
9905,74298,74303,429,60,-28, NO_EVENT
9906,74212,74269,1980,111,-108, NO_EVENT
9907,74028,74146,4304,195,-184, NO_EVENT
9908,74211,74108,6401,231,183, NO_EVENT
9909,74358,74312,2220,147,147, NO_EVENT
9910,74405,74401,333,68,47, NO_EVENT
9911,74489,74451,580,67,67, NO_EVENT
9912,74495,74487,1082,91,66, NO_EVENT
9913,74386,74420,781,109,-109, NO_EVENT
9914,74261,74329,1793,125,-125, NO_EVENT
9915,74190,74214,509,71,-71, NO_EVENT
9916,74120,74114,483,70,6, NO_EVENT
9917,74261,74164,3085,180,180, NO_EVENT
9918,74434,74327,3778,173,173, NO_EVENT
9919,74576,74545,6911,218,142, NO_EVENT
9920,74641,74635,1032,108,65, NO_EVENT
9921,74792,74718,1935,151,151, NO_EVENT
9922,74681,74744,939,102,-59, NO_EVENT
9923,74032,74324,43349,649,-649, NO_EVENT
9924,72977,73666,93029,1055,-1055, NO_EVENT
9925,72910,72835,3925,208,-67, NO_EVENT
9926,73130,73057,3670,220,220, NO_EVENT
9927,73152,73151,213,37,22, NO_EVENT
9928,72987,73048,1556,119,-119, NO_EVENT
9929,73158,73020,14416,297,234, NO_EVENT
9930,73159,73135,339,45,4, NO_EVENT
9931,73376,73198,4376,219,217, NO_EVENT
9932,74306,74066,65683,930,930, NO_EVENT
9933,73805,74165,24142,533,-501, NO_EVENT
9934,73101,73372,59848,704,-704, NO_EVENT
9935,73092,72955,13098,328,-9, NO_EVENT
9936,73159,73126,751,76,67, NO_EVENT
9937,73134,73144,788,88,-10, NO_EVENT
9938,73059,73109,699,81,-81, NO_EVENT
9939,72492,72848,33871,563,-563, NO_EVENT
9940,72259,72338,4359,233,-233, NO_EVENT
9941,72170,72201,485,89,-89, NO_EVENT
9942,72216,72176,894,85,46, NO_EVENT
9943,73510,72467,161144,1294,1294, NO_EVENT
9944,73493,73471,10173,302,-17, NO_EVENT
9945,74727,73492,73882,1450,1234, NO_EVENT
9946,74750,74735,1343,112,23, NO_EVENT
9947,74198,74568,37521,548,-528, NO_EVENT
9948,72563,72917,105909,927,-927, NO_EVENT
9949,72357,72413,1106,104,-104, NO_EVENT
9950,73299,72845,139322,953,942, NO_EVENT
9951,73448,73440,2822,201,149, NO_EVENT
9952,73401,73447,803,86,-47, NO_EVENT
9953,73241,73326,5618,199,-160, NO_EVENT
9954,73029,73158,3667,212,-212, NO_EVENT
9955,72602,72696,18151,433,-427, NO_EVENT
9956,72813,72698,4576,211,211, NO_EVENT
9957,73021,72959,5481,205,197, NO_EVENT
9958,73070,73045,490,70,70, NO_EVENT
9959,73183,73136,932,97,97, NO_EVENT
9960,73253,73223,847,85,70, NO_EVENT
9961,73283,73263,135,31,30, NO_EVENT
9962,73277,73277,134,35,-6, NO_EVENT
9963,73240,73238,966,96,-37, NO_EVENT
9964,73179,73205,356,61,-61, NO_EVENT
9965,73207,73193,149,38,28, NO_EVENT
9966,73208,73194,290,51,1, NO_EVENT
9967,73200,73198,128,32,-17, NO_EVENT
9968,73102,73160,1017,102,-85, NO_EVENT
9969,72851,72970,7070,251,-251, NO_EVENT
9970,72499,72680,8330,352,-352, NO_EVENT
9971,72138,72295,12512,361,-361, NO_EVENT
9972,71916,72007,4158,222,-222, NO_EVENT
9973,71873,71872,426,73,-43, NO_EVENT
9974,71841,71851,408,59,-32, NO_EVENT
9975,71805,71812,149,44,-36, NO_EVENT
9976,71840,71792,624,79,35, NO_EVENT
9977,71838,71822,476,61,-2, NO_EVENT
9978,75165,73933,1620911,3327,3327, NO_EVENT
9979,76832,75808,247840,1667,1667, NO_EVENT
9980,77947,77429,123768,1115,1115, NO_EVENT
9981,78433,78216,22473,486,486, NO_EVENT
9982,78805,78629,13596,372,372, NO_EVENT
9983,79043,78943,9857,308,238, NO_EVENT
9984,79278,79161,4511,235,235, TOUCHED
9985,79404,79313,2719,159,126, TOUCHED
9986,79478,79440,514,74,74, TOUCHED
9987,79532,79487,719,75,54, TOUCHED
9988,79584,79521,1206,121,62, TOUCHED
9989,79538,79540,364,66,-46, TOUCHED
9990,79627,79577,350,66,61, TOUCHED
9991,79672,79638,915,88,45, TOUCHED
9992,79701,79655,167,63,29, TOUCHED
9993,79683,79689,195,39,-18, TOUCHED
9994,79688,79696,671,69,5, TOUCHED
9995,79753,79728,1530,99,65, TOUCHED
9996,79756,79742,322,45,3, TOUCHED
9997,79757,79725,1402,103,103, TOUCHED
9998,79743,79720,1936,120,-14, TOUCHED
9999,79692,79690,1242,100,11, TOUCHED
10000,79655,79672,474,57,-37, TOUCHED
10001,79572,79617,368,83,-83, TOUCHED
10002,79436,79526,2800,162,-136, TOUCHED
10003,77979,78495,369251,1554,-1457, UNTOUCHED
10004,78010,78006,405,56,31, NO_EVENT
10005,77730,77937,9013,323,-280, NO_EVENT
10006,76725,77291,111371,1005,-1005, NO_EVENT
10007,73795,75349,752840,2611,-2611, NO_EVENT
10008,71645,72288,411814,2150,-2150, NO_EVENT
10009,70826,71103,56051,819,-819, NO_EVENT
10010,70506,70633,6906,320,-320, NO_EVENT
10011,70253,70321,3640,166,-166, NO_EVENT
10012,70042,70105,2720,131,-125, NO_EVENT
10013,69802,69921,3160,208,-208, NO_EVENT
10014,69683,69742,3571,167,-119, NO_EVENT
10015,69576,69604,1497,124,-107, NO_EVENT
10016,69463,69500,1209,114,-113, NO_EVENT
10017,69408,69434,1025,84,-55, NO_EVENT
10018,69441,69429,626,66,-5, NO_EVENT
10019,69384,69406,346,57,-57, NO_EVENT
10020,69329,69365,1246,103,-55, NO_EVENT
10021,69256,69273,2250,123,-73, NO_EVENT
10022,69139,69185,1605,118,-117, NO_EVENT
10023,69162,69140,256,47,33, NO_EVENT
10024,69206,69162,547,67,44, NO_EVENT
10025,69334,69266,1222,128,128, NO_EVENT
10026,69414,69377,1025,90,80, NO_EVENT
10027,69492,69451,973,90,90, NO_EVENT
10028,69566,69538,1111,90,65, NO_EVENT
10029,69687,69642,1398,121,121, NO_EVENT
10030,69861,69770,2615,174,174, NO_EVENT
10031,69945,69900,999,89,84, NO_EVENT
10032,70169,70051,3590,224,224, NO_EVENT
10033,70371,70272,3031,166,166, NO_EVENT
10034,70562,70478,3405,185,185, NO_EVENT
10035,70751,70649,3424,194,194, NO_EVENT
10036,70999,70867,6139,248,248, NO_EVENT
10037,71255,71119,5781,256,256, NO_EVENT
10038,71470,71390,4381,215,215, NO_EVENT
10039,71759,71611,6806,289,289, NO_EVENT
10040,72017,71856,3312,258,258, NO_EVENT
10041,72665,72249,38706,648,648, NO_EVENT
10042,72914,72821,5337,249,249, NO_EVENT
10043,73051,72966,3002,149,137, NO_EVENT
10044,73472,73225,19157,409,409, NO_EVENT
10045,73825,73631,10573,339,339, NO_EVENT
10046,74215,74031,9320,310,310, NO_EVENT
10047,74380,74291,1078,165,165, NO_EVENT
10048,74520,74463,4881,162,140, NO_EVENT
10049,74558,74557,211,52,38, NO_EVENT
10050,74770,74659,6389,215,215, NO_EVENT
10051,75307,75139,31342,494,494, NO_EVENT
10052,75586,75430,7592,279,279, NO_EVENT
10053,75907,75798,9186,321,321, NO_EVENT
10054,76025,75962,2492,112,112, NO_EVENT
10055,75921,76023,1157,134,-104, NO_EVENT
10056,75803,75835,4667,200,-118, NO_EVENT
10057,75658,75793,9747,292,-210, NO_EVENT
10058,75040,75343,27083,618,-618, NO_EVENT
10059,74727,74889,6712,313,-313, NO_EVENT
10060,74294,74566,12440,433,-433, NO_EVENT
10061,73810,73997,34662,500,-484, NO_EVENT
10062,73934,73808,3064,185,185, NO_EVENT
10063,74049,74092,3592,207,115, NO_EVENT
10064,73994,74011,1354,93,-55, NO_EVENT
10065,73885,73987,755,134,-109, NO_EVENT
10066,73812,73792,1301,120,-73, NO_EVENT
10067,73984,73858,4327,192,172, NO_EVENT
10068,74384,74214,26554,415,396, NO_EVENT
10069,74628,74552,6069,244,244, NO_EVENT
10070,74466,74514,4561,223,-162, NO_EVENT
10071,74305,74403,1436,161,-161, NO_EVENT
10072,73791,74092,37157,528,-514, NO_EVENT
10073,73543,73612,3899,177,-174, NO_EVENT
10074,73583,73561,452,60,47, NO_EVENT
10075,74193,73928,51998,626,610, NO_EVENT
10076,74294,74240,1720,107,101, NO_EVENT
10077,74196,74257,1247,116,-98, NO_EVENT
10078,73986,74140,7851,251,-210, NO_EVENT
10079,73524,73722,20123,398,-398, NO_EVENT
10080,73258,73363,7203,220,-220, NO_EVENT
10081,72830,73008,21588,430,-428, NO_EVENT
10082,73423,73053,59625,598,593, NO_EVENT
10083,73477,73459,506,59,54, NO_EVENT
10084,73420,73444,461,65,-57, NO_EVENT
10085,73272,73351,1928,148,-148, NO_EVENT
10086,72750,73033,30383,522,-522, NO_EVENT
10087,72711,72709,458,66,-39, NO_EVENT
10088,72811,72736,1642,115,106, NO_EVENT
10089,73187,72962,13249,340,340, NO_EVENT
10090,73429,73367,3585,176,176, NO_EVENT
10091,73491,73475,193,62,62, NO_EVENT
10092,73398,73470,1434,125,-93, NO_EVENT
10093,73329,73361,385,69,-69, NO_EVENT
10094,73198,73278,835,131,-131, NO_EVENT
10095,73033,73087,2535,165,-165, NO_EVENT
10096,73147,73064,2391,147,114, NO_EVENT
10097,73989,73609,105691,821,821, NO_EVENT
10098,74228,74164,2811,154,154, NO_EVENT
10099,74286,74239,1413,118,58, NO_EVENT
10100,74244,74287,520,67,-42, NO_EVENT
10101,74116,74176,1240,128,-128, NO_EVENT
10102,73897,74017,6966,219,-219, NO_EVENT
10103,73810,73846,1490,114,17, NO_EVENT
10104,73655,73686,2922,155,-113, NO_EVENT
10105,73634,73642,169,36,-21, NO_EVENT
10106,73745,73691,954,111,111, NO_EVENT
10107,73855,73783,1018,121,110, NO_EVENT
10108,74070,73936,7740,260,215, NO_EVENT
10109,74287,74208,5550,217,217, NO_EVENT
10110,74297,74275,324,53,30, NO_EVENT
10111,74303,74285,219,45,6, NO_EVENT
10112,74334,74307,170,45,31, NO_EVENT
10113,74387,74350,98,53,53, NO_EVENT
10114,74432,74398,444,59,45, NO_EVENT
10115,74591,74486,2927,172,172, NO_EVENT
10116,74604,74592,468,58,37, NO_EVENT
10117,74619,74598,231,46,15, NO_EVENT
10118,74634,74622,1208,105,15, NO_EVENT
10119,74651,74639,220,43,17, NO_EVENT
10120,74634,74637,172,43,-27, NO_EVENT
10121,74601,74623,923,79,-33, NO_EVENT
10122,74661,74636,384,60,60, NO_EVENT
10123,74623,74640,153,38,-38, NO_EVENT
10124,74660,74629,184,39,37, NO_EVENT
10125,74677,74653,549,69,33, NO_EVENT
10126,74627,74650,760,73,-50, NO_EVENT
10127,74658,74651,109,36,31, NO_EVENT
10128,74649,74650,105,31,-9, NO_EVENT
10129,74637,74635,335,50,-17, NO_EVENT
10130,74618,74622,123,29,10, NO_EVENT
10131,74508,74579,892,110,-110, NO_EVENT
10132,74557,74535,407,54,49, NO_EVENT
10133,74528,74536,383,53,-29, NO_EVENT
10134,74548,74534,210,44,43, NO_EVENT
10135,74544,74544,404,58,-4, NO_EVENT
10136,74562,74558,1160,97,18, NO_EVENT
10137,74566,74582,353,51,4, NO_EVENT
10138,74545,74557,250,47,-21, NO_EVENT
10139,74537,74539,827,76,-21, NO_EVENT
10140,74561,74549,601,73,24, NO_EVENT
10141,74551,74543,224,45,-10, NO_EVENT
10142,74555,74537,569,68,4, NO_EVENT
10143,74572,74564,148,36,17, NO_EVENT
10144,74608,74591,275,50,22, NO_EVENT
10145,74587,74597,189,41,-21, NO_EVENT
10146,74635,74606,259,48,48, NO_EVENT
10147,74647,74618,509,73,12, NO_EVENT
10148,74632,74621,977,92,-15, NO_EVENT
10149,74604,74589,66,24,24, NO_EVENT
10150,74590,74596,307,50,-14, NO_EVENT
10151,74603,74586,37,27,13, NO_EVENT
10152,74553,74575,421,55,-50, NO_EVENT
10153,74590,74601,212,43,-7, NO_EVENT
10154,74627,74588,604,68,36, NO_EVENT
10155,74596,74583,600,68,-31, NO_EVENT
10156,74584,74568,387,58,-12, NO_EVENT
10157,74571,74581,64,23,-13, NO_EVENT
10158,74578,74560,177,41,9, NO_EVENT
10159,74578,74545,471,69,0, NO_EVENT
10160,74600,74572,427,55,22, NO_EVENT
10161,74659,74635,849,78,59, NO_EVENT
10162,74717,74721,2187,125,58, NO_EVENT
10163,74767,74763,153,30,-9, NO_EVENT
10164,74723,74748,166,44,-44, NO_EVENT
10165,74517,74650,5616,248,-206, NO_EVENT
10166,74458,74485,350,59,-59, NO_EVENT
10167,74395,74400,206,37,-27, NO_EVENT
10168,74437,74403,260,53,53, NO_EVENT
10169,74566,74440,1792,163,129, NO_EVENT
10170,74696,74637,750,130,130, NO_EVENT
10171,74650,74674,463,58,-46, NO_EVENT
10172,74630,74634,75,24,-2, NO_EVENT
10173,74545,74554,750,83,-31, NO_EVENT
10174,74501,74490,583,89,-44, NO_EVENT
10175,74493,74476,265,44,-8, NO_EVENT
10176,74508,74486,1013,88,15, NO_EVENT
10177,74613,74537,1926,132,132, NO_EVENT
10178,74573,74576,654,89,-40, NO_EVENT
10179,74499,74517,427,77,-74, NO_EVENT
10180,74596,74520,474,97,97, NO_EVENT
10181,74698,74674,1680,109,102, NO_EVENT
10182,74784,74758,1819,116,95, NO_EVENT
10183,74706,74731,1453,96,-78, NO_EVENT
10184,74627,74647,681,92,-79, NO_EVENT
10185,74513,74554,1094,114,-114, NO_EVENT
10186,74400,74462,1094,100,-95, NO_EVENT
10187,74371,74404,316,62,-62, NO_EVENT
10188,74265,74322,1436,106,-106, NO_EVENT
10189,74222,74230,1514,94,-43, NO_EVENT
10190,73897,74130,12393,325,-325, NO_EVENT
10191,73620,73752,7520,277,-277, NO_EVENT
10192,73475,73490,465,61,-50, NO_EVENT
10193,73431,73436,572,64,-31, NO_EVENT
10194,73451,73418,407,58,20, NO_EVENT
10195,73441,73422,315,56,-10, NO_EVENT
10196,73442,73433,271,47,1, NO_EVENT
10197,73404,73423,313,51,-38, NO_EVENT
10198,73409,73404,295,60,5, NO_EVENT
10199,73654,73486,6527,245,245, NO_EVENT
10200,73699,73674,626,74,24, NO_EVENT
10201,73902,73778,3140,178,178, NO_EVENT
10202,73942,73939,531,73,40, NO_EVENT
10203,73844,73908,964,107,-98, NO_EVENT
10204,73663,73766,2840,181,-181, NO_EVENT
10205,73426,73522,4953,237,-237, NO_EVENT
10206,73178,73286,6041,248,-248, NO_EVENT
10207,73123,73146,868,74,-66, NO_EVENT
10208,73072,73095,184,42,-17, NO_EVENT
10209,73029,73057,440,59,-43, NO_EVENT
10210,73037,73030,70,25,8, NO_EVENT
10211,73071,73060,200,43,34, NO_EVENT
10212,73083,73061,196,42,12, NO_EVENT
10213,73141,73105,516,71,58, NO_EVENT
10214,73276,73204,2989,152,135, NO_EVENT
10215,73335,73301,133,59,59, NO_EVENT
10216,73333,73334,96,31,-2, NO_EVENT
10217,73336,73277,1303,120,66, NO_EVENT
10218,73494,73449,3031,130,118, NO_EVENT
10219,74345,74015,99326,851,851, NO_EVENT
10220,74375,74377,453,67,30, NO_EVENT
10221,74240,74317,1190,135,-135, NO_EVENT
10222,74053,74148,5581,187,-187, NO_EVENT
10223,73398,73647,39296,564,-564, NO_EVENT
10224,73302,73340,1510,98,-92, NO_EVENT
10225,73201,73248,1044,101,-101, NO_EVENT
10226,73183,73196,521,63,-18, NO_EVENT
10227,73188,73189,295,56,5, NO_EVENT
10228,73158,73171,372,55,-30, NO_EVENT
10229,73215,73189,425,57,57, NO_EVENT
10230,73231,73217,149,39,16, NO_EVENT
10231,73305,73268,759,74,74, NO_EVENT
10232,73345,73332,231,43,41, NO_EVENT
10233,73392,73345,1702,116,72, NO_EVENT
10234,73736,73479,9911,344,344, NO_EVENT
10235,73886,73833,1344,150,150, NO_EVENT
10236,73957,73898,1437,126,71, NO_EVENT
10237,73937,73911,689,78,-20, NO_EVENT
10238,73904,73905,236,48,-33, NO_EVENT
10239,73890,73891,570,69,-10, NO_EVENT
10240,73865,73845,827,84,9, NO_EVENT
10241,73817,73825,434,66,-48, NO_EVENT
10242,73777,73796,356,53,-40, NO_EVENT
10243,73733,73772,1204,97,-44, NO_EVENT
10244,73758,73761,477,56,25, NO_EVENT
10245,73831,73798,659,75,73, NO_EVENT
10246,73893,73880,1587,99,29, NO_EVENT
10247,74004,73962,1184,111,111, NO_EVENT
10248,74119,74035,1494,129,115, NO_EVENT
10249,74205,74138,2253,144,86, NO_EVENT
10250,74319,74256,2609,122,114, NO_EVENT
10251,74393,74345,1057,101,56, NO_EVENT
10252,73830,74143,29484,498,-478, NO_EVENT
10253,73450,73508,15730,464,-380, NO_EVENT
10254,73113,73276,14726,337,-337, NO_EVENT
10255,73245,73029,6254,280,132, NO_EVENT
10256,73960,73562,37039,715,715, NO_EVENT
10257,74549,74300,43596,589,589, NO_EVENT
10258,74844,74751,3760,182,182, NO_EVENT
10259,75139,75097,3945,171,159, NO_EVENT
10260,75143,75148,577,71,4, NO_EVENT
10261,74889,74992,6036,254,-254, NO_EVENT
10262,74541,74690,9947,314,-314, NO_EVENT
10263,74135,74267,8243,274,-274, NO_EVENT
10264,73923,74046,3626,212,-212, NO_EVENT
10265,73912,73890,263,54,-11, NO_EVENT
10266,73950,73909,174,60,38, NO_EVENT
10267,73857,73894,761,93,-93, NO_EVENT
10268,73831,73857,272,49,-49, NO_EVENT
10269,73775,73802,230,41,-37, NO_EVENT
10270,73962,73853,2306,187,187, NO_EVENT
10271,74030,74005,530,68,68, NO_EVENT
10272,73948,73993,908,92,-82, NO_EVENT
10273,73929,73932,49,24,-19, NO_EVENT
10274,73898,73948,685,85,-73, NO_EVENT
10275,73969,73946,92,33,25, NO_EVENT
10276,73965,73965,560,78,-4, NO_EVENT
10277,74029,73996,650,75,64, NO_EVENT
10278,74182,74110,892,153,153, NO_EVENT
10279,74198,74184,430,59,16, NO_EVENT
10280,74330,74268,3323,172,98, NO_EVENT
10281,74541,74417,4715,201,187, NO_EVENT
10282,74443,74479,830,98,-98, NO_EVENT
10283,74401,74407,482,65,-42, NO_EVENT
10284,74285,74325,1340,116,-116, NO_EVENT
10285,74020,74165,7978,273,-273, NO_EVENT
10286,74003,73960,1199,90,-3, NO_EVENT
10287,74381,74217,12601,378,378, NO_EVENT
10288,74991,74685,43558,610,610, NO_EVENT
10289,75241,75152,7128,250,250, NO_EVENT
10290,75274,75304,327,58,-31, NO_EVENT
10291,74940,75142,10795,334,-334, NO_EVENT
10292,74222,74627,52404,718,-718, NO_EVENT
10293,73896,73985,12473,367,-326, NO_EVENT
10294,74011,73944,2088,124,115, NO_EVENT
10295,74522,74259,31300,464,462, NO_EVENT
10296,74806,74725,8172,252,227, NO_EVENT
10297,74576,74761,7701,283,-230, NO_EVENT
10298,74174,74313,15015,402,-402, NO_EVENT
10299,73859,74056,17013,336,-315, NO_EVENT
10300,73388,73561,16213,389,-389, NO_EVENT
10301,73021,73199,14254,352,-352, NO_EVENT
10302,72791,72863,3098,166,-166, NO_EVENT
10303,72667,72735,1402,124,-124, NO_EVENT
10304,72497,72636,5826,221,-170, NO_EVENT
10305,72328,72447,3243,197,-169, NO_EVENT
10306,72037,72118,6148,291,-291, NO_EVENT
10307,71986,71992,563,92,-51, NO_EVENT
10308,71986,71983,353,61,0, NO_EVENT
10309,72067,72023,552,81,81, NO_EVENT
10310,72109,72069,474,64,42, NO_EVENT
10311,72210,72129,1348,114,101, NO_EVENT
10312,72645,72429,24738,435,435, NO_EVENT
10313,72694,72658,1197,98,49, NO_EVENT
10314,72713,72725,379,61,19, NO_EVENT
10315,72759,72726,257,46,46, NO_EVENT
10316,72811,72780,229,52,52, NO_EVENT
10317,72868,72863,860,96,57, NO_EVENT
10318,72999,72964,2110,127,72, NO_EVENT
10319,73153,73075,2116,134,134, NO_EVENT
10320,73440,73314,8513,252,252, NO_EVENT
10321,73871,73647,15310,431,431, NO_EVENT
10322,73933,73869,2238,109,62, NO_EVENT
10323,73955,73908,799,104,22, NO_EVENT
10324,73987,73961,746,80,32, NO_EVENT
10325,74897,74448,92122,919,919, NO_EVENT
10326,75029,75026,1636,117,77, NO_EVENT
10327,75156,75114,2057,163,127, NO_EVENT
10328,74321,74938,49945,847,-835, NO_EVENT
10329,73939,74042,14246,382,-382, NO_EVENT
10330,73947,73960,1523,103,-27, NO_EVENT
10331,74020,74022,1967,155,-5, NO_EVENT
10332,74059,74059,157,59,39, NO_EVENT
10333,74161,74096,861,107,102, NO_EVENT
10334,74122,74102,2317,123,-39, NO_EVENT
10335,74161,74136,535,63,39, NO_EVENT
10336,74189,74171,352,57,31, NO_EVENT
10337,74129,74162,862,87,-60, NO_EVENT
10338,74106,74144,587,76,-23, NO_EVENT
10339,74162,74180,1317,113,56, NO_EVENT
10340,74183,74171,377,58,21, NO_EVENT
10341,74179,74185,968,103,-1, NO_EVENT
10342,74108,74183,1716,122,-122, NO_EVENT
10343,73649,73893,24142,459,-459, NO_EVENT
10344,73494,73533,2065,166,-155, NO_EVENT
10345,73429,73434,1046,114,-65, NO_EVENT
10346,73352,73364,881,109,-77, NO_EVENT
10347,73360,73338,701,76,8, NO_EVENT
10348,73387,73395,287,50,15, NO_EVENT
10349,73626,73489,4481,199,186, NO_EVENT
10350,73797,73768,389,59,59, NO_EVENT
10351,73861,73846,988,82,64, NO_EVENT
10352,73884,73886,451,60,23, NO_EVENT
10353,73968,73919,461,84,84, NO_EVENT
10354,73965,73964,61,23,-3, NO_EVENT
10355,73946,73963,2000,123,-53, NO_EVENT
10356,74044,74025,1038,83,16, NO_EVENT
10357,74159,74090,1042,115,115, NO_EVENT
10358,74189,74132,867,94,30, NO_EVENT
10359,74094,74143,1869,132,-95, NO_EVENT
10360,74110,74107,735,86,16, NO_EVENT
10361,73535,73827,32117,485,-485, NO_EVENT
10362,73382,73444,2393,132,-132, NO_EVENT
10363,73324,73325,633,87,-58, NO_EVENT
10364,73254,73305,534,87,-70, NO_EVENT
10365,73231,73279,446,79,-23, NO_EVENT
10366,73256,73254,424,58,25, NO_EVENT
10367,73310,73293,753,85,54, NO_EVENT
10368,73322,73312,491,66,12, NO_EVENT
10369,73771,73504,26132,417,417, NO_EVENT
10370,73837,73800,1185,104,31, NO_EVENT
10371,73911,73856,854,98,74, NO_EVENT
10372,73873,73860,910,95,-38, NO_EVENT
10373,73821,73841,352,54,-52, NO_EVENT
10374,73804,73829,526,64,-17, NO_EVENT
10375,73817,73809,634,81,13, NO_EVENT
10376,73787,73778,156,30,26, NO_EVENT
10377,73731,73765,755,77,-55, NO_EVENT
10378,73766,73796,722,89,35, NO_EVENT
10379,73802,73798,420,68,36, NO_EVENT
10380,73822,73801,727,77,20, NO_EVENT
10381,73846,73821,446,57,24, NO_EVENT
10382,73830,73844,785,80,-39, NO_EVENT
10383,73817,73813,121,31,-17, NO_EVENT
10384,73778,73792,216,39,-39, NO_EVENT
10385,73799,73794,241,46,21, NO_EVENT
10386,73775,73805,247,51,-24, NO_EVENT
10387,73771,73783,169,34,-4, NO_EVENT
10388,73765,73769,26,15,-6, NO_EVENT
10389,73731,73747,349,59,-13, NO_EVENT
10390,73711,73718,1038,89,-48, NO_EVENT
10391,73677,73694,1286,104,-34, NO_EVENT
10392,73674,73678,206,42,-3, NO_EVENT
10393,73581,73629,594,93,-93, NO_EVENT
10394,73567,73579,767,89,-14, NO_EVENT
10395,73550,73554,612,71,-17, NO_EVENT
10396,73332,73448,3955,192,-192, NO_EVENT
10397,73235,73287,1548,105,-105, NO_EVENT
10398,73206,73219,349,46,-29, NO_EVENT
10399,73227,73202,430,60,21, NO_EVENT
10400,73226,73216,214,39,-1, NO_EVENT
10401,73202,73220,45,24,-24, NO_EVENT
10402,73243,73238,418,59,41, NO_EVENT
10403,73280,73255,155,37,37, NO_EVENT
10404,73350,73325,1362,100,70, NO_EVENT
10405,73620,73594,8482,256,194, NO_EVENT
10406,73682,73658,297,49,30, NO_EVENT
10407,73653,73679,809,77,-29, NO_EVENT
10408,73671,73659,593,61,18, NO_EVENT
10409,73644,73640,174,50,-27, NO_EVENT
10410,73618,73635,366,55,-26, NO_EVENT
10411,73666,73650,470,72,48, NO_EVENT
10412,73637,73637,28,15,2, NO_EVENT
10413,73669,73671,337,56,21, NO_EVENT
10414,73676,73681,781,78,7, NO_EVENT
10415,73640,73676,2670,137,-36, NO_EVENT
10416,73728,73691,438,88,88, NO_EVENT
10417,73812,73738,735,100,84, NO_EVENT
10418,73789,73768,1296,106,-23, NO_EVENT
10419,73833,73789,746,85,19, NO_EVENT
10420,73795,73804,628,75,6, NO_EVENT
10421,73745,73775,432,54,-50, NO_EVENT
10422,73738,73740,10,10,-7, NO_EVENT
10423,73691,73731,661,73,-47, NO_EVENT
10424,73698,73716,773,77,7, NO_EVENT
10425,73702,73717,409,55,4, NO_EVENT
10426,73684,73743,712,79,-79, NO_EVENT
10427,73683,73734,1172,86,-83, NO_EVENT
10428,73726,73727,696,75,43, NO_EVENT
10429,73729,73727,13,11,3, NO_EVENT
10430,73793,73747,302,65,64, NO_EVENT
10431,73793,73786,713,81,0, NO_EVENT
10432,73854,73826,1342,104,61, NO_EVENT
10433,73791,73815,820,80,-21, NO_EVENT
10434,73801,73800,691,85,10, NO_EVENT
10435,73764,73797,325,60,-37, NO_EVENT
10436,73767,73797,1227,86,3, NO_EVENT
10437,73820,73815,964,98,53, NO_EVENT
10438,73807,73831,414,61,-13, NO_EVENT
10439,73898,73879,1789,125,9, NO_EVENT
10440,73876,73890,1726,110,-59, NO_EVENT
10441,73839,73860,390,58,-37, NO_EVENT
10442,73850,73847,172,39,11, NO_EVENT
10443,73831,73838,445,58,-19, NO_EVENT
10444,73824,73804,281,53,-7, NO_EVENT
10445,73778,73804,557,53,-46, NO_EVENT
10446,73789,73781,412,61,25, NO_EVENT
10447,73795,73792,260,52,6, NO_EVENT
10448,73795,73807,1020,100,0, NO_EVENT
10449,73783,73834,954,103,-12, NO_EVENT
10450,73785,73814,752,76,2, NO_EVENT
10451,73764,73795,324,49,-21, NO_EVENT
10452,73731,73779,1138,88,-88, NO_EVENT
10453,73701,73746,1002,96,-64, NO_EVENT
10454,73684,73705,346,46,-17, NO_EVENT
10455,73710,73691,492,59,26, NO_EVENT
10456,73692,73674,464,68,-18, NO_EVENT
10457,73611,73659,393,81,-81, NO_EVENT
10458,73656,73659,409,67,45, NO_EVENT
10459,73676,73639,434,67,67, NO_EVENT
10460,73637,73660,908,68,10, NO_EVENT
10461,73668,73680,633,92,31, NO_EVENT
10462,73691,73708,989,87,23, NO_EVENT
10463,73742,73746,511,85,51, NO_EVENT
10464,73824,73789,741,96,82, NO_EVENT
10465,73716,73786,3144,159,-108, NO_EVENT
10466,73443,73631,14099,369,-369, NO_EVENT
10467,73159,73220,3113,152,-152, NO_EVENT
10468,73031,73068,1545,146,-128, NO_EVENT
10469,72883,72942,1931,148,-148, NO_EVENT
10470,73000,72980,2821,165,117, NO_EVENT
10471,72781,72906,4225,219,-219, NO_EVENT
10472,72605,72663,3292,176,-176, NO_EVENT
10473,72823,72642,2731,219,218, NO_EVENT
10474,73017,72893,2463,194,194, NO_EVENT
10475,73256,73131,7123,239,239, NO_EVENT
10476,73855,73588,43254,549,549, NO_EVENT
10477,73969,73947,1517,112,29, NO_EVENT
10478,74007,74009,270,59,38, NO_EVENT
10479,73838,73923,1886,169,-169, NO_EVENT
10480,73682,73753,2122,156,-156, NO_EVENT
10481,73538,73631,1535,144,-144, NO_EVENT
10482,73601,73573,1024,90,63, NO_EVENT
10483,73592,73573,68,24,20, NO_EVENT
10484,73638,73632,931,78,50, NO_EVENT
10485,73750,73720,1385,124,112, NO_EVENT
10486,73959,73793,3378,224,209, NO_EVENT
10487,74277,74164,8796,318,318, NO_EVENT
10488,74288,74270,306,49,11, NO_EVENT
10489,74288,74267,261,42,27, NO_EVENT
10490,74210,74229,91,32,-16, NO_EVENT
10491,73951,74079,7319,259,-259, NO_EVENT
10492,73574,73744,15434,377,-377, NO_EVENT
10493,73489,73517,468,85,-85, NO_EVENT
10494,73529,73489,303,63,40, NO_EVENT
10495,73539,73535,178,39,10, NO_EVENT
10496,73625,73592,760,75,33, NO_EVENT
10497,73524,73607,1570,124,-124, NO_EVENT
10498,73559,73527,265,55,35, NO_EVENT
10499,73518,73515,215,60,-41, NO_EVENT
10500,73441,73489,1040,100,-77, NO_EVENT
10501,73347,73422,306,94,-94, NO_EVENT
10502,73400,73394,730,72,53, NO_EVENT
10503,73426,73421,101,30,26, NO_EVENT
10504,73475,73464,289,54,-13, NO_EVENT
10505,73497,73495,381,61,31, NO_EVENT
10506,73590,73525,1138,107,93, NO_EVENT
10507,73857,73787,10395,294,267, NO_EVENT
10508,74021,73940,1934,164,164, NO_EVENT
10509,74041,74053,1157,91,20, NO_EVENT
10510,74109,74084,528,68,68, NO_EVENT
10511,74131,74148,1012,103,-18, NO_EVENT
10512,73946,74065,3489,201,-185, NO_EVENT
10513,73911,73929,814,94,-35, NO_EVENT
10514,73839,73888,218,72,-72, NO_EVENT
10515,73819,73841,788,73,-20, NO_EVENT
10516,73743,73777,608,76,-76, NO_EVENT
10517,73827,73775,644,85,85, NO_EVENT
10518,73895,73875,1362,117,75, NO_EVENT
10519,74005,73951,1070,113,110, NO_EVENT
10520,74085,74062,1519,116,80, NO_EVENT
10521,74126,74149,1094,114,41, NO_EVENT
10522,74183,74183,1068,93,57, NO_EVENT
10523,74166,74187,1412,117,-2, NO_EVENT
10524,74133,74180,942,93,-33, NO_EVENT
10525,74110,74141,982,93,-23, NO_EVENT
10526,74090,74088,1144,105,-20, NO_EVENT
10527,74055,74070,135,35,-35, NO_EVENT
10528,74029,74051,353,49,-49, NO_EVENT
10529,74066,74040,266,39,38, NO_EVENT
10530,74107,74070,843,83,41, NO_EVENT
10531,74034,74068,562,73,-73, NO_EVENT
10532,74025,74052,294,52,-9, NO_EVENT
10533,74154,74101,1535,129,129, NO_EVENT
10534,74258,74231,1235,110,96, NO_EVENT
10535,74221,74269,1037,96,-64, NO_EVENT
10536,74267,74279,407,77,46, NO_EVENT
10537,74320,74300,440,54,53, NO_EVENT
10538,74340,74328,450,56,20, NO_EVENT
10539,74325,74315,862,85,-15, NO_EVENT
10540,74111,74241,3910,197,-197, NO_EVENT
10541,73756,73843,10506,402,-355, NO_EVENT
10542,73585,73651,1994,171,-171, NO_EVENT
10543,73536,73594,500,84,-49, NO_EVENT
10544,73436,73494,1064,100,-100, NO_EVENT
10545,73346,73383,1341,108,-90, NO_EVENT
10546,73354,73341,88,23,13, NO_EVENT
10547,73457,73395,2052,141,141, NO_EVENT
10548,73528,73480,692,80,57, NO_EVENT
10549,73524,73510,312,52,-4, NO_EVENT
10550,73369,73440,1562,155,-155, NO_EVENT
10551,73157,73266,4721,212,-212, NO_EVENT
10552,73046,73096,1089,111,-111, NO_EVENT
10553,73013,73013,487,70,-33, NO_EVENT
10554,72796,72868,7279,234,-217, NO_EVENT
10555,72946,72901,3068,166,149, NO_EVENT
10556,73239,73079,9807,298,298, NO_EVENT
10557,73513,73442,10265,282,242, NO_EVENT
10558,73457,73498,1228,95,-56, NO_EVENT
10559,73459,73465,753,75,2, NO_EVENT
10560,73512,73485,789,84,53, NO_EVENT
10561,73650,73555,921,138,138, NO_EVENT
10562,73622,73646,657,83,-28, NO_EVENT
10563,73619,73635,334,55,-3, NO_EVENT
10564,73613,73611,395,53,-21, NO_EVENT
10565,73535,73548,108,28,-26, NO_EVENT
10566,73457,73498,620,81,-78, NO_EVENT
10567,73422,73446,178,41,-35, NO_EVENT
10568,73294,73400,1720,154,-128, NO_EVENT
10569,73109,73209,2053,185,-185, NO_EVENT
10570,73153,73142,448,65,44, NO_EVENT
10571,73185,73173,329,51,32, NO_EVENT
10572,73172,73169,61,23,4, NO_EVENT
10573,73173,73185,481,62,-21, NO_EVENT
10574,73134,73183,698,82,-39, NO_EVENT
10575,73084,73127,693,90,-50, NO_EVENT
10576,72852,72980,5879,232,-232, NO_EVENT
10577,72759,72719,2882,181,-93, NO_EVENT
10578,72750,72778,909,95,-9, NO_EVENT
10579,72671,72733,613,95,-79, NO_EVENT
10580,72541,72602,1761,130,-130, NO_EVENT
10581,72427,72502,879,118,-114, NO_EVENT
10582,72340,72410,2757,161,-87, NO_EVENT
10583,72286,72317,400,58,-54, NO_EVENT
10584,72151,72219,1763,135,-135, NO_EVENT
10585,72025,72116,2839,168,-168, NO_EVENT
10586,71939,72013,2216,144,-144, NO_EVENT
10587,71894,71949,1183,94,-93, NO_EVENT
10588,71927,71918,106,27,-1, NO_EVENT
10589,71857,71884,1118,85,-82, NO_EVENT
10590,71844,71847,242,48,23, NO_EVENT
10591,71689,71705,2237,156,-24, NO_EVENT
10592,71544,71545,1824,110,-47, NO_EVENT
10593,71464,71472,982,93,-18, NO_EVENT
10594,71381,71425,646,72,-51, NO_EVENT
10595,71383,71385,193,46,2, NO_EVENT
10596,71335,71351,381,59,-48, NO_EVENT
10597,71462,71358,1020,127,127, NO_EVENT
10598,71470,71432,795,75,8, NO_EVENT
10599,71408,71441,811,87,-62, NO_EVENT
10600,71390,71388,962,86,-18, NO_EVENT
10601,71332,71346,1188,95,-58, NO_EVENT
10602,71313,71316,379,62,-19, NO_EVENT
10603,71288,71318,211,48,-25, NO_EVENT
10604,71266,71297,423,74,-22, NO_EVENT
10605,71226,71255,761,88,-40, NO_EVENT
10606,71290,71293,1487,122,64, NO_EVENT
10607,71352,71340,660,78,62, NO_EVENT
10608,71383,71386,999,104,31, NO_EVENT
10609,71254,71345,3670,175,-129, NO_EVENT
10610,70575,70882,44459,679,-679, NO_EVENT
10611,70376,70474,3701,199,-199, NO_EVENT
10612,70265,70310,1324,94,-94, NO_EVENT
10613,70178,70223,712,86,-86, NO_EVENT
10614,70169,70173,188,43,-9, NO_EVENT
10615,70143,70145,389,50,-26, NO_EVENT
10616,70186,70156,423,52,43, NO_EVENT
10617,70190,70167,401,53,4, NO_EVENT
10618,70363,70281,2005,173,173, NO_EVENT
10619,70763,70617,21736,402,400, NO_EVENT
10620,70890,70823,2034,115,115, NO_EVENT
10621,70951,70932,473,65,32, NO_EVENT
10622,71045,71026,658,76,57, NO_EVENT
10623,71195,71111,1053,113,101, NO_EVENT
10624,71249,71181,503,87,54, NO_EVENT
10625,71204,71221,701,68,-45, NO_EVENT
10626,71189,71200,179,39,-15, NO_EVENT
10627,71117,71157,334,72,-72, NO_EVENT
10628,71173,71163,817,96,56, NO_EVENT
10629,71232,71245,1134,128,59, NO_EVENT
10630,71279,71268,1622,115,47, NO_EVENT
10631,71243,71282,855,95,-36, NO_EVENT
10632,71273,71277,1118,106,30, NO_EVENT
10633,71283,71295,469,63,10, NO_EVENT
10634,71276,71290,436,61,-7, NO_EVENT
10635,71292,71292,83,30,16, NO_EVENT
10636,71310,71286,342,48,18, NO_EVENT
10637,71335,71294,1172,89,25, NO_EVENT
10638,71373,71336,1137,103,38, NO_EVENT
10639,71381,71364,1488,118,9, NO_EVENT
10640,71361,71345,660,76,49, NO_EVENT
10641,71282,71299,1174,98,-4, NO_EVENT
10642,71182,71197,1016,109,-18, NO_EVENT
10643,70986,71068,3952,156,-156, NO_EVENT
10644,70410,70626,21643,460,-460, NO_EVENT
10645,70329,70367,346,81,-81, NO_EVENT
10646,70369,70335,172,52,40, NO_EVENT
10647,70441,70398,1529,101,72, NO_EVENT
10648,70729,70548,7527,288,288, NO_EVENT
10649,71909,71356,238339,1193,1180, NO_EVENT
10650,71980,71887,2555,153,71, NO_EVENT
10651,72186,72035,9004,247,206, NO_EVENT
10652,73389,72719,132471,1203,1203, NO_EVENT
10653,74694,74048,137259,1305,1305, NO_EVENT
10654,75668,75280,89951,974,974, NO_EVENT
10655,76121,75974,17132,399,399, NO_EVENT
10656,76500,76338,12223,379,379, NO_EVENT
10657,76708,76618,5952,208,208, NO_EVENT
10658,76877,76803,1891,142,142, NO_EVENT
10659,76966,76930,1735,107,89, NO_EVENT
10660,77129,77064,1915,163,163, NO_EVENT
10661,77138,77131,1421,117,75, NO_EVENT
10662,77104,77135,395,64,-34, NO_EVENT
10663,76993,77034,7372,246,-111, NO_EVENT
10664,77064,77036,1105,96,71, NO_EVENT
10665,77047,77034,884,81,-17, NO_EVENT
10666,77294,77166,9968,292,292, NO_EVENT
10667,77305,77330,782,78,11, NO_EVENT
10668,77295,77309,2504,142,-10, NO_EVENT
10669,77441,77370,2834,152,146, NO_EVENT
10670,77607,77540,2431,166,166, NO_EVENT
10671,77660,77646,182,37,34, NO_EVENT
10672,77698,77694,207,57,38, NO_EVENT
10673,77734,77727,394,56,30, NO_EVENT
10674,77725,77745,161,45,-9, NO_EVENT
10675,77769,77742,976,75,44, NO_EVENT
10676,77773,77763,339,54,4, NO_EVENT
10677,77797,77779,643,70,24, NO_EVENT
10678,77778,77791,390,68,-14, NO_EVENT
10679,77793,77778,354,54,15, NO_EVENT
10680,77752,77781,952,87,12, NO_EVENT
10681,77662,77707,727,90,-90, NO_EVENT
10682,77514,77614,2692,154,-148, NO_EVENT
10683,77310,77406,3152,204,-204, NO_EVENT
10684,77337,77292,841,88,27, NO_EVENT
10685,77514,77429,2548,158,158, NO_EVENT
10686,77650,77608,1697,136,136, NO_EVENT
10687,77734,77696,1380,105,100, NO_EVENT
10688,77678,77709,518,69,-56, NO_EVENT
10689,77727,77722,684,77,49, NO_EVENT
10690,77739,77719,652,81,12, NO_EVENT
10691,77839,77781,790,100,100, NO_EVENT
10692,77856,77826,648,73,66, NO_EVENT
10693,77926,77900,562,70,70, NO_EVENT
10694,78023,77984,749,74,59, NO_EVENT
10695,78040,78025,1004,94,17, NO_EVENT
10696,78053,78054,285,49,13, NO_EVENT
10697,78127,78098,600,74,74, NO_EVENT
10698,78185,78143,567,71,58, NO_EVENT
10699,78164,78174,181,39,-21, NO_EVENT
10700,78238,78209,1367,101,74, NO_EVENT
10701,78251,78243,482,65,45, NO_EVENT
10702,78272,78269,435,55,21, NO_EVENT
10703,78251,78257,423,63,31, NO_EVENT
10704,78248,78250,1933,143,-3, NO_EVENT
10705,78181,78200,50,27,-25, NO_EVENT
10706,78065,78126,2633,139,-116, NO_EVENT
10707,77839,77933,5869,223,-196, NO_EVENT
10708,77216,77569,33272,623,-623, NO_EVENT
10709,77078,77198,4341,185,-138, NO_EVENT
10710,76665,76754,14862,439,-413, NO_EVENT
10711,76808,76706,2910,151,143, NO_EVENT
10712,77307,77066,26228,470,470, NO_EVENT
10713,77489,77401,5524,206,182, NO_EVENT
10714,77739,77633,5916,250,250, NO_EVENT
10715,77909,77893,3347,176,107, NO_EVENT
10716,77986,77958,840,77,77, NO_EVENT
10717,78040,78011,411,57,57, NO_EVENT
10718,78088,78060,340,54,48, NO_EVENT
10719,78110,78085,333,49,49, NO_EVENT
10720,78182,78134,1236,108,72, NO_EVENT
10721,78193,78165,443,66,11, NO_EVENT
10722,78206,78197,427,51,13, NO_EVENT
10723,78198,78180,771,62,-8, NO_EVENT
10724,78147,78177,580,62,-51, NO_EVENT
10725,78250,78206,1086,103,103, NO_EVENT
10726,78156,78212,386,94,-94, NO_EVENT
10727,78240,78208,1215,89,84, NO_EVENT
10728,78226,78235,557,64,22, NO_EVENT
10729,78274,78257,1400,117,48, NO_EVENT
10730,78276,78258,295,50,36, NO_EVENT
10731,78208,78236,540,68,-68, NO_EVENT
10732,78093,78126,1468,108,-75, NO_EVENT
10733,78088,78079,275,47,-5, NO_EVENT
10734,78100,78079,232,46,35, NO_EVENT
10735,78052,78063,357,64,-48, NO_EVENT
10736,78148,78087,1078,96,96, NO_EVENT
10737,78182,78168,902,92,34, NO_EVENT
10738,78271,78249,693,89,89, NO_EVENT
10739,78320,78273,578,81,49, NO_EVENT
10740,78341,78318,274,49,21, NO_EVENT
10741,78319,78351,845,79,8, NO_EVENT
10742,78417,78406,1481,133,98, NO_EVENT
10743,78471,78432,597,63,63, NO_EVENT
10744,78477,78449,400,59,6, NO_EVENT
10745,78572,78506,1969,138,138, NO_EVENT
10746,78606,78567,452,69,34, NO_EVENT
10747,78655,78603,1306,92,92, NO_EVENT
10748,78617,78619,1044,94,-38, NO_EVENT
10749,78624,78614,619,73,50, NO_EVENT
10750,78606,78588,1119,86,-18, NO_EVENT
10751,78633,78588,724,75,75, NO_EVENT
10752,78704,78651,870,94,71, NO_EVENT
10753,78636,78651,163,34,-5, NO_EVENT
10754,78647,78633,594,79,11, NO_EVENT
10755,78666,78640,1031,91,31, NO_EVENT
10756,78702,78675,647,73,36, NO_EVENT
10757,78703,78673,500,59,34, NO_EVENT
10758,78722,78686,541,60,19, NO_EVENT
10759,78736,78685,947,90,67, NO_EVENT
10760,78743,78727,109,32,7, NO_EVENT
10761,78760,78750,732,70,60, NO_EVENT
10762,78738,78761,199,38,-22, NO_EVENT
10763,78689,78689,433,57,-13, NO_EVENT
10764,78732,78701,677,79,43, NO_EVENT
10765,78686,78698,178,38,-36, NO_EVENT
10766,78663,78656,333,54,-23, NO_EVENT
10767,78649,78627,309,44,41, NO_EVENT
10768,78626,78636,502,66,-23, NO_EVENT
10769,78602,78591,546,64,-8, NO_EVENT
10770,78583,78576,549,77,-19, NO_EVENT
10771,78627,78594,425,60,28, NO_EVENT
10772,78660,78644,565,70,33, NO_EVENT
10773,78680,78669,140,33,33, NO_EVENT
10774,78686,78664,451,60,6, NO_EVENT
10775,78724,78698,664,76,38, NO_EVENT
10776,78707,78722,421,54,-17, NO_EVENT
10777,78732,78724,72,26,25, NO_EVENT
10778,78708,78718,770,68,-24, NO_EVENT
10779,78756,78746,435,66,48, NO_EVENT
10780,78671,78738,484,97,-85, NO_EVENT
10781,78666,78676,314,50,-5, NO_EVENT
10782,78632,78661,445,61,-34, NO_EVENT
10783,78697,78685,982,79,65, NO_EVENT
10784,78575,78663,978,122,-122, NO_EVENT
10785,78576,78607,1652,124,1, NO_EVENT
10786,78491,78522,626,87,-85, NO_EVENT
10787,78491,78483,516,72,0, NO_EVENT
10788,78539,78519,864,81,48, NO_EVENT
10789,78610,78569,684,71,71, NO_EVENT
10790,78634,78639,2535,125,24, NO_EVENT
10791,78646,78655,336,46,12, NO_EVENT
10792,78593,78617,129,53,-53, NO_EVENT
10793,78645,78616,431,53,52, NO_EVENT
10794,78632,78632,600,71,-13, NO_EVENT
10795,78601,78616,373,54,-31, NO_EVENT
10796,78493,78531,735,110,-108, NO_EVENT
10797,78566,78529,868,80,73, NO_EVENT
10798,78431,78481,1249,135,-135, NO_EVENT
10799,78342,78382,2417,144,-89, NO_EVENT
10800,78154,78260,1701,188,-188, NO_EVENT
10801,78250,78223,785,96,96, NO_EVENT
10802,78264,78253,267,52,15, NO_EVENT
10803,78160,78197,2277,133,-104, NO_EVENT
10804,77990,78036,1440,103,-103, NO_EVENT
10805,77856,77900,1265,134,-134, NO_EVENT
10806,77779,77738,2095,136,-12, NO_EVENT
10807,77768,77752,386,61,-11, NO_EVENT
10808,78054,77889,7407,286,286, NO_EVENT
10809,78317,78198,6725,269,263, NO_EVENT
10810,78480,78402,2651,163,163, NO_EVENT
10811,78541,78489,2052,121,61, NO_EVENT
10812,78670,78632,1776,130,129, NO_EVENT
10813,78662,78675,610,74,-8, NO_EVENT
10814,78571,78605,1534,111,-91, NO_EVENT
10815,78455,78485,1664,150,-116, NO_EVENT
10816,78310,78374,2259,145,-145, NO_EVENT
10817,78128,78184,2732,147,-106, NO_EVENT
10818,78034,78047,1025,111,-94, NO_EVENT
10819,78143,78055,1869,148,114, NO_EVENT
10820,78247,78193,1144,104,104, NO_EVENT
10821,78326,78290,960,97,97, NO_EVENT
10822,78318,78307,962,91,-8, NO_EVENT
10823,78329,78304,491,55,53, NO_EVENT
10824,78482,78385,2164,153,153, NO_EVENT
10825,78537,78502,1220,93,55, NO_EVENT
10826,78514,78538,312,52,-23, NO_EVENT
10827,78576,78556,465,62,62, NO_EVENT
10828,78568,78548,63,36,-8, NO_EVENT
10829,78584,78556,462,58,16, NO_EVENT
10830,78541,78547,443,68,-43, NO_EVENT
10831,78556,78551,306,49,15, NO_EVENT
10832,78531,78539,205,41,-25, NO_EVENT
10833,78534,78531,364,47,3, NO_EVENT
10834,78594,78543,554,73,60, NO_EVENT
10835,78568,78557,775,90,-26, NO_EVENT
10836,78572,78541,957,88,4, NO_EVENT
10837,78570,78552,609,74,-2, NO_EVENT
10838,78552,78542,326,58,-18, NO_EVENT
10839,78539,78527,411,64,-13, NO_EVENT
10840,78465,78511,773,78,-74, NO_EVENT
10841,78504,78486,460,54,39, NO_EVENT
10842,78538,78493,1331,111,69, NO_EVENT
10843,78523,78509,532,62,-15, NO_EVENT
10844,78466,78486,754,72,4, NO_EVENT
10845,78545,78505,1413,108,79, NO_EVENT
10846,78501,78493,567,67,16, NO_EVENT
10847,78515,78503,692,78,14, NO_EVENT
10848,78424,78440,570,62,-26, NO_EVENT
10849,78274,78330,2770,158,-150, NO_EVENT
10850,78020,78102,3487,160,-160, NO_EVENT
10851,77540,77862,15451,480,-480, NO_EVENT
10852,74101,76075,1337521,3439,-3439, NO_EVENT
10853,70717,71121,304515,1494,-1494, NO_EVENT
10854,70564,70615,2006,137,-137, NO_EVENT
10855,70421,70485,1391,116,-116, NO_EVENT
10856,70349,70384,800,84,-72, NO_EVENT
10857,70264,70312,544,85,-85, NO_EVENT
10858,70130,70200,1660,134,-134, NO_EVENT
10859,70045,70095,1155,114,-85, NO_EVENT
10860,70044,70034,445,59,-1, NO_EVENT
10861,70056,70040,88,27,12, NO_EVENT
10862,70133,70096,860,85,79, NO_EVENT
10863,70208,70180,901,88,59, NO_EVENT
10864,70484,70307,5127,276,276, NO_EVENT
10865,71296,70906,60438,812,812, NO_EVENT
10866,71525,71402,4910,229,229, NO_EVENT
10867,71639,71533,3237,174,114, NO_EVENT
10868,71706,71635,1635,128,67, NO_EVENT
10869,71726,71699,1122,113,20, NO_EVENT
10870,71731,71745,920,86,5, NO_EVENT
10871,71731,71773,2947,126,0, NO_EVENT
10872,71785,71778,1372,97,54, NO_EVENT
10873,71754,71794,914,84,-31, NO_EVENT
10874,71811,71830,1623,127,57, NO_EVENT
10875,71872,71848,353,61,61, NO_EVENT
10876,71882,71849,525,73,10, NO_EVENT
10877,71914,71839,3475,138,32, NO_EVENT
10878,71910,71859,4781,163,-4, NO_EVENT
10879,71911,71876,1212,92,1, NO_EVENT
10880,71921,71889,1096,71,10, NO_EVENT
10881,71890,71890,367,55,-31, NO_EVENT
10882,71746,71854,1182,144,-144, NO_EVENT
10883,71157,71546,40285,643,-589, NO_EVENT
10884,70615,70895,31118,542,-542, NO_EVENT
10885,70442,70442,12871,335,-173, NO_EVENT
10886,70287,70331,1385,160,-155, NO_EVENT
10887,70212,70238,742,81,-75, NO_EVENT
10888,70202,70202,84,28,-12, NO_EVENT
10889,70290,70228,472,89,74, NO_EVENT
10890,70517,70376,3943,227,227, NO_EVENT
10891,71308,70883,77782,791,791, NO_EVENT
10892,71847,71641,23183,539,539, NO_EVENT
10893,72305,72016,26117,458,458, NO_EVENT
10894,72063,72289,4878,319,-242, NO_EVENT
10895,71390,71640,47252,673,-673, NO_EVENT
10896,71394,71403,375,54,4, NO_EVENT
10897,71384,71406,254,50,-10, NO_EVENT
10898,71356,71382,816,86,-28, NO_EVENT
10899,71291,71327,815,70,-65, NO_EVENT
10900,71360,71315,281,69,69, NO_EVENT
10901,71857,71435,16257,497,497, NO_EVENT
10902,74428,73294,565925,2571,2571, NO_EVENT
10903,75150,74866,59264,722,722, NO_EVENT
10904,75993,75629,57428,710,710, NO_EVENT
10905,76704,76370,36445,711,711, NO_EVENT
10906,77213,76985,29171,509,509, NO_EVENT
10907,77447,77355,3463,191,191, NO_EVENT
10908,77513,77494,1664,111,66, NO_EVENT
10909,77494,77484,628,81,-19, NO_EVENT
10910,77517,77519,74,35,23, NO_EVENT
10911,77572,77536,461,55,55, NO_EVENT
10912,77502,77533,1011,94,-33, NO_EVENT
10913,77135,77324,9788,367,-367, NO_EVENT
10914,76941,77010,4427,194,-194, NO_EVENT
10915,76683,76817,6213,258,-258, NO_EVENT
10916,76293,76498,19636,390,-390, NO_EVENT
10917,75732,75963,34924,513,-513, NO_EVENT
10918,75478,75605,7330,254,-254, NO_EVENT
10919,73577,75183,151967,1901,-1901, NO_EVENT
10920,71802,72339,258451,1775,-1775, NO_EVENT
10921,71748,71796,499,84,-54, NO_EVENT
10922,71747,71766,446,65,-1, NO_EVENT
10923,71789,71724,362,91,42, NO_EVENT
10924,71833,71785,1236,109,44, NO_EVENT
10925,71854,71810,1156,99,21, NO_EVENT
10926,71870,71817,630,86,16, NO_EVENT
10927,71868,71845,1133,85,-2, NO_EVENT
10928,71893,71868,342,57,25, NO_EVENT
10929,71836,71889,337,74,-57, NO_EVENT
10930,71838,71876,1539,114,2, NO_EVENT
10931,71851,71881,729,95,13, NO_EVENT
10932,71950,71910,2910,165,99, NO_EVENT
10933,72402,72288,20070,463,452, NO_EVENT
10934,72364,72413,293,77,-38, NO_EVENT
10935,72207,72284,3605,157,-157, NO_EVENT
10936,72064,72144,2193,145,-145, NO_EVENT
10937,72082,72090,2363,146,-54, NO_EVENT
10938,72247,72193,2231,134,101, NO_EVENT
10939,72761,72569,18015,384,384, NO_EVENT
10940,73223,72977,29084,470,470, NO_EVENT
10941,74135,73705,80381,876,876, NO_EVENT
10942,75045,74648,62496,910,910, NO_EVENT
10943,75666,75337,40381,621,621, NO_EVENT
10944,76105,75877,19763,439,439, NO_EVENT
10945,76505,76323,11260,352,352, NO_EVENT
10946,76839,76637,7751,334,334, NO_EVENT
10947,76966,76888,2100,137,127, NO_EVENT
10948,77122,77037,3125,156,156, NO_EVENT
10949,77159,77134,573,59,37, NO_EVENT
10950,77171,77166,451,67,9, NO_EVENT
10951,77220,77182,723,80,49, NO_EVENT
10952,77260,77212,917,96,40, NO_EVENT
10953,77265,77236,576,58,5, NO_EVENT
10954,77275,77259,165,37,10, NO_EVENT
10955,77302,77288,657,75,67, NO_EVENT
10956,77408,77340,750,106,106, NO_EVENT
10957,77488,77404,1681,127,80, NO_EVENT
10958,77553,77515,1758,136,65, NO_EVENT
10959,77593,77569,283,43,40, NO_EVENT
10960,77579,77565,322,51,47, NO_EVENT
10961,77616,77608,178,41,37, NO_EVENT
10962,77633,77621,162,37,31, NO_EVENT
10963,77666,77613,511,75,33, NO_EVENT
10964,77633,77623,1449,100,-33, NO_EVENT
10965,77627,77607,1163,87,-6, NO_EVENT
10966,77539,77535,1407,126,-88, NO_EVENT
10967,77502,77509,798,87,-20, NO_EVENT
10968,77505,77484,216,46,3, NO_EVENT
10969,77263,77394,13515,314,-242, NO_EVENT
10970,77254,77228,1027,92,-9, NO_EVENT
10971,77384,77296,2745,176,130, NO_EVENT
10972,77527,77416,1695,158,122, NO_EVENT
10973,77677,77599,3090,150,150, NO_EVENT
10974,77759,77711,574,84,84, NO_EVENT
10975,77865,77785,1279,119,106, NO_EVENT
10976,77909,77896,1557,104,44, NO_EVENT
10977,77863,77879,1013,93,-46, NO_EVENT
10978,77987,77896,2514,156,124, NO_EVENT
10979,78097,78003,2769,184,184, NO_EVENT
10980,78229,78148,1927,132,132, NO_EVENT
10981,78294,78221,849,108,90, NO_EVENT
10982,78305,78303,269,49,11, NO_EVENT
10983,78379,78378,536,66,28, NO_EVENT
10984,78388,78369,724,80,9, NO_EVENT
10985,78425,78399,609,73,73, NO_EVENT
10986,78437,78418,706,73,12, NO_EVENT
10987,78454,78435,117,37,17, NO_EVENT
10988,78465,78464,337,58,11, NO_EVENT
10989,78521,78475,389,73,56, NO_EVENT
10990,78526,78498,772,78,5, NO_EVENT
10991,78545,78527,274,47,19, NO_EVENT
10992,78538,78518,1147,91,-7, NO_EVENT
10993,78557,78532,479,63,19, NO_EVENT
10994,78506,78531,594,67,-51, NO_EVENT
10995,78485,78487,588,79,-21, NO_EVENT
10996,78457,78462,333,50,-28, NO_EVENT
10997,78424,78418,781,74,-33, NO_EVENT
10998,78400,78393,376,67,-24, NO_EVENT
10999,78412,78407,207,47,12, NO_EVENT
11000,78455,78428,660,67,53, NO_EVENT
11001,78477,78439,361,55,22, NO_EVENT
11002,78510,78496,857,90,67, NO_EVENT
11003,78554,78523,582,60,44, NO_EVENT
11004,78603,78548,689,83,77, NO_EVENT
11005,78580,78574,162,42,-23, NO_EVENT
11006,78602,78583,318,47,2, NO_EVENT
11007,78611,78596,830,87,9, NO_EVENT
11008,78601,78587,467,70,46, NO_EVENT
11009,78591,78599,291,52,-10, NO_EVENT
11010,78622,78586,395,59,20, NO_EVENT
11011,78579,78584,1366,110,-43, NO_EVENT
11012,78589,78581,730,72,11, NO_EVENT
11013,78484,78524,1372,111,-105, NO_EVENT
11014,78325,78372,3225,157,-111, NO_EVENT
11015,78030,78188,9643,295,-295, NO_EVENT
11016,77663,77836,13286,336,-336, NO_EVENT
11017,77377,77514,4305,286,-286, NO_EVENT
11018,77027,77211,16842,350,-350, NO_EVENT
11019,76517,76779,20790,444,-444, NO_EVENT
11020,76295,76428,2972,222,-222, NO_EVENT
11021,76123,76229,3789,172,-172, NO_EVENT
11022,75529,75806,33409,526,-526, NO_EVENT
11023,74899,75317,26499,630,-630, NO_EVENT
11024,73984,74368,84558,915,-915, NO_EVENT
11025,73523,73698,11225,348,-348, NO_EVENT
11026,72732,73079,70240,747,-747, NO_EVENT
11027,72464,72558,3836,184,-184, NO_EVENT
11028,72610,72554,7949,246,216, NO_EVENT
11029,74488,73638,382992,1878,1878, NO_EVENT
11030,74345,74583,15906,384,-143, NO_EVENT
11031,74586,74357,4274,302,241, NO_EVENT
11032,75073,74849,27985,487,487, NO_EVENT
11033,75347,75262,3508,166,146, NO_EVENT
11034,75607,75488,3869,260,260, NO_EVENT
11035,75707,75635,1198,116,100, NO_EVENT
11036,75213,75439,31214,494,-494, NO_EVENT
11037,75541,75334,13950,354,354, NO_EVENT
11038,75829,75681,6495,288,288, NO_EVENT
11039,76031,75936,4378,202,202, NO_EVENT
11040,75447,75643,27148,449,-449, NO_EVENT
11041,75556,75417,3076,205,109, NO_EVENT
11042,76331,75877,54144,775,775, NO_EVENT
11043,76820,76539,25418,489,489, NO_EVENT
11044,77184,77019,10856,364,364, NO_EVENT
11045,77307,77232,1744,123,123, NO_EVENT
11046,77409,77351,991,90,88, NO_EVENT
11047,77535,77445,2923,194,126, NO_EVENT
11048,77651,77583,1472,116,116, NO_EVENT
11049,77770,77711,1590,119,119, NO_EVENT
11050,77823,77792,604,68,53, NO_EVENT
11051,77969,77902,2280,145,145, NO_EVENT
11052,78065,77999,1418,121,96, NO_EVENT
11053,78155,78062,3916,189,189, NO_EVENT
11054,78167,78145,206,40,12, NO_EVENT
11055,78253,78230,827,94,33, NO_EVENT
11056,78302,78269,1301,114,49, NO_EVENT
11057,78350,78332,457,64,48, NO_EVENT
11058,78355,78359,542,72,5, NO_EVENT
11059,78362,78365,369,57,7, NO_EVENT
11060,78333,78343,44,29,-29, NO_EVENT
11061,78152,78237,3199,181,-181, NO_EVENT
11062,77692,77914,17713,460,-460, NO_EVENT
11063,77358,77456,14813,341,-334, NO_EVENT
11064,77288,77280,944,83,38, NO_EVENT
11065,77297,77272,355,55,9, NO_EVENT
11066,77275,77274,94,24,-4, NO_EVENT
11067,77031,77181,4482,244,-244, NO_EVENT
11068,76428,76748,37617,603,-603, NO_EVENT
11069,74741,75681,251542,1567,-1567, NO_EVENT
11070,72128,73173,617903,2613,-2613, NO_EVENT
11071,71218,71677,84907,910,-910, NO_EVENT
11072,70938,71030,7859,280,-280, NO_EVENT
11073,70915,70857,4854,209,-23, NO_EVENT
11074,71360,71341,79110,734,445, NO_EVENT
11075,70765,71006,27511,595,-595, NO_EVENT
11076,70415,70554,9995,291,-291, NO_EVENT
11077,70291,70325,1340,106,-106, NO_EVENT
11078,70232,70255,398,51,-34, NO_EVENT
11079,70193,70227,392,76,-39, NO_EVENT
11080,70058,70123,1792,135,-135, NO_EVENT
11081,70034,70037,195,38,-24, NO_EVENT
11082,70122,70056,957,92,88, NO_EVENT
11083,70339,70234,3911,217,217, NO_EVENT
11084,72083,71296,565439,1706,1705, NO_EVENT
11085,72135,72106,6716,231,157, NO_EVENT
11086,71499,71876,42918,567,-567, NO_EVENT
11087,70189,70474,72829,769,-769, NO_EVENT
11088,69864,69990,9482,288,-288, NO_EVENT
11089,69681,69752,5183,187,-183, NO_EVENT
11090,69560,69615,2386,148,-121, NO_EVENT
11091,69463,69507,1028,97,-97, NO_EVENT
11092,69417,69463,567,76,-46, NO_EVENT
11093,69417,69414,103,31,12, NO_EVENT
11094,69457,69420,130,55,40, NO_EVENT
11095,69433,69429,457,71,-24, NO_EVENT
11096,69408,69393,290,66,-25, NO_EVENT
11097,69348,69367,375,60,-60, NO_EVENT
11098,69212,69264,1192,96,-84, NO_EVENT
11099,69139,69166,1054,83,-61, NO_EVENT
11100,69076,69088,525,76,-63, NO_EVENT
11101,68907,68990,2586,169,-169, NO_EVENT
11102,68853,68902,1223,106,-54, NO_EVENT
11103,68603,68728,2481,181,-181, NO_EVENT
11104,68404,68515,5985,199,-199, NO_EVENT
11105,68147,68283,7667,257,-257, NO_EVENT
11106,67982,68078,4576,216,-165, NO_EVENT
11107,67851,67927,3974,181,-128, NO_EVENT
11108,68028,67929,6215,230,177, NO_EVENT
11109,67896,67922,844,138,-132, NO_EVENT
11110,67953,67894,2273,130,84, NO_EVENT
11111,67830,67892,1790,123,-123, NO_EVENT
11112,67939,67891,4288,188,109, NO_EVENT
11113,67858,67897,3905,193,-5, NO_EVENT
11114,68030,67907,8265,249,172, NO_EVENT
11115,67877,67867,3308,223,-153, NO_EVENT
11116,68023,67871,3170,226,86, NO_EVENT
11117,67823,67914,6271,214,-200, NO_EVENT
11118,67936,67897,3787,202,113, NO_EVENT
11119,67840,67897,2630,166,-60, NO_EVENT
11120,68005,67879,5194,195,165, NO_EVENT
11121,67852,67896,3469,165,-153, NO_EVENT
11122,68011,67883,2212,187,175, NO_EVENT
11123,67888,67906,4718,209,-123, NO_EVENT
11124,67945,67885,3344,174,57, NO_EVENT
11125,67931,67870,1528,116,66, NO_EVENT
11126,67960,67917,3140,177,29, NO_EVENT
11127,67887,67917,2808,186,-73, NO_EVENT
11128,67961,67873,959,128,87, NO_EVENT
11129,67894,67908,5596,233,-67, NO_EVENT
11130,67947,67903,1105,87,53, NO_EVENT
11131,67834,67852,1699,119,19, NO_EVENT
11132,68022,67906,4224,188,188, NO_EVENT
11133,67822,67884,2414,200,-200, NO_EVENT
11134,67985,67887,1302,165,98, NO_EVENT
11135,67848,67893,8300,253,-137, NO_EVENT
11136,67980,67889,5159,198,132, NO_EVENT
11137,67851,67879,2826,148,61, NO_EVENT
11138,68027,67893,5283,210,176, NO_EVENT
11139,67933,67901,6266,226,-94, NO_EVENT
11140,67971,67901,2071,137,104, NO_EVENT
11141,67852,67881,2016,154,-119, NO_EVENT
11142,67937,67892,889,85,85, NO_EVENT
11143,67890,67870,949,89,-13, NO_EVENT
11144,68033,67878,3327,226,143, NO_EVENT
11145,67911,67922,5249,215,-122, NO_EVENT
11146,67835,67885,1398,94,-76, NO_EVENT
11147,67824,67898,5145,225,-79, NO_EVENT
11148,67997,67920,3580,176,173, NO_EVENT
11149,67856,67901,2350,160,-141, NO_EVENT
11150,68063,67927,2893,197,130, NO_EVENT
11151,67856,67925,3540,207,-207, NO_EVENT
11152,67932,67923,3625,181,76, NO_EVENT
11153,68038,67951,2962,178,29, NO_EVENT
11154,68129,68040,6323,248,91, NO_EVENT
11155,68120,68068,5904,216,-9, NO_EVENT
11156,68381,68225,1898,221,166, NO_EVENT
11157,68484,68389,2459,172,103, NO_EVENT
11158,68704,68571,5339,220,220, NO_EVENT
11159,68927,68806,8057,226,225, NO_EVENT
11160,69331,69123,8013,337,337, NO_EVENT
11161,69564,69442,4645,233,233, NO_EVENT
11162,69806,69689,4459,242,242, NO_EVENT
11163,70099,69931,8345,302,293, NO_EVENT
11164,70610,70326,23334,511,511, NO_EVENT
11165,70287,71158,243892,1333,-1232, NO_EVENT
11166,70195,70207,692,77,-62, NO_EVENT
11167,70171,70167,522,66,-16, NO_EVENT
11168,70196,70169,189,48,25, NO_EVENT
11169,70208,70194,67,27,12, NO_EVENT
11170,70311,70257,1261,103,103, NO_EVENT
11171,70486,70386,3712,188,175, NO_EVENT
11172,70925,70746,21576,439,439, NO_EVENT
11173,70606,70765,11457,311,-311, NO_EVENT
11174,70630,70598,345,47,11, NO_EVENT
11175,70647,70640,182,44,15, NO_EVENT
11176,70552,70605,1369,101,-97, NO_EVENT
11177,70335,70449,4282,217,-217, NO_EVENT
11178,70062,70192,7083,273,-273, NO_EVENT
11179,69895,69965,2445,167,-167, NO_EVENT
11180,69770,69828,1180,125,-125, NO_EVENT
11181,69755,69766,227,44,-15, NO_EVENT
11182,69811,69779,364,53,53, NO_EVENT
11183,70040,69914,5450,233,233, NO_EVENT
11184,70430,70204,12123,390,390, NO_EVENT
11185,71000,70687,32165,570,570, NO_EVENT
11186,71855,71430,71456,855,855, NO_EVENT
11187,72864,72390,84784,1009,1009, NO_EVENT
11188,73735,73278,55403,871,871, NO_EVENT
11189,74294,73977,24748,559,559, NO_EVENT
11190,75077,74641,70233,783,783, NO_EVENT
11191,77017,75996,298896,1695,1695, NO_EVENT
11192,93903,88717,28129677,16886,16886, TOUCHED
11193,96458,94831,880933,2555,2555, TOUCHED
11194,99189,98202,375659,2731,2731, TOUCHED
11195,99577,99424,16571,388,388, TOUCHED
11196,99733,99620,2117,164,156, TOUCHED
11197,100061,99865,13531,328,328, TOUCHED
11198,100530,100326,27764,469,469, TOUCHED
11199,101563,100927,48284,1033,1033, TOUCHED
11200,103721,102657,527449,2158,2158, TOUCHED
11201,105366,104310,303256,1645,1645, TOUCHED
11202,109006,106953,1245146,3640,3640, TOUCHED
11203,110725,110170,215299,1719,1719, TOUCHED
11204,112231,111580,215549,1506,1506, TOUCHED
11205,113128,112777,78878,897,897, TOUCHED
11206,113724,113449,34051,596,596, TOUCHED
11207,114381,114022,36844,657,657, TOUCHED
11208,114729,114532,16647,348,348, TOUCHED
11209,114903,114801,5513,174,174, TOUCHED
11210,114997,115007,4416,175,94, TOUCHED
11211,115338,115206,8236,341,341, TOUCHED
11212,115689,115482,8276,351,351, TOUCHED
11213,115738,115659,4451,169,49, TOUCHED
11214,115811,115781,901,73,73, TOUCHED
11215,115782,115800,1192,85,12, TOUCHED
11216,79800,80023,20336,405,-155, NO_EVENT
11217,79855,79998,22375,347,-243, NO_EVENT
11218,79795,79992,33685,432,-60, NO_EVENT
11219,74767,79609,2063474,5485,-5485, NO_EVENT
11220,74278,74312,40995,828,-489, NO_EVENT
11221,74089,74125,22440,475,-189, NO_EVENT
11222,74025,74248,51503,591,-591, NO_EVENT
11223,74038,74207,44664,636,-553, NO_EVENT
11224,74417,74126,41284,653,379, NO_EVENT
11225,74203,74204,48950,544,-214, NO_EVENT
11226,74230,74136,34710,454,27, NO_EVENT
11227,74294,74203,13764,378,64, NO_EVENT
11228,73995,74107,15147,338,-43, NO_EVENT
11229,74207,74235,87220,759,212, NO_EVENT
11230,74332,74232,42685,689,125, NO_EVENT
11231,74244,74284,31624,504,-88, NO_EVENT
11232,74175,74273,41025,620,-69, NO_EVENT
11233,74013,74282,68978,736,-421, NO_EVENT
11234,74142,74153,16546,402,-127, NO_EVENT
11235,74339,74221,44602,567,197, NO_EVENT
11236,74339,74107,77583,738,0, NO_EVENT
11237,74211,74209,29224,446,-128, NO_EVENT
11238,74241,74143,33493,524,30, NO_EVENT
11239,74138,74352,22039,399,-386, NO_EVENT
11240,74252,74184,22990,492,114, NO_EVENT
11241,74446,74179,41939,573,194, NO_EVENT
11242,74602,74197,42863,664,156, NO_EVENT
11243,74273,74284,51888,632,-329, NO_EVENT
11244,73770,74170,42445,583,-347, NO_EVENT
11245,74181,74356,27516,447,-443, NO_EVENT
11246,74392,74261,69519,783,211, NO_EVENT
11247,74555,74239,71966,825,163, NO_EVENT
11248,74261,74314,62659,694,-294, NO_EVENT
11249,74032,74143,37272,595,-229, NO_EVENT
11250,73972,74219,20213,447,-326, NO_EVENT
11251,74480,74336,60670,610,508, NO_EVENT
11252,74201,74236,69745,815,-279, NO_EVENT
11253,74078,74197,85862,871,-123, NO_EVENT
11254,74175,74295,35547,579,97, NO_EVENT
11255,73988,74272,35972,603,-364, NO_EVENT
11256,74247,74327,38730,544,-252, NO_EVENT
11257,74223,74233,17596,350,-24, NO_EVENT
11258,74189,74305,37653,612,-34, NO_EVENT
11259,73926,74241,79218,842,-263, NO_EVENT
11260,74053,74303,40924,563,-329, NO_EVENT
11261,73923,74321,60645,704,-408, NO_EVENT
11262,74505,74266,44214,582,582, NO_EVENT
11263,74201,74230,41193,506,-304, NO_EVENT
11264,74477,74337,22216,386,276, NO_EVENT
11265,74367,74259,55163,662,-110, NO_EVENT
11266,74070,74254,38329,569,-365, NO_EVENT
11267,74363,74256,94306,908,293, NO_EVENT
11268,74404,74154,42452,579,41, NO_EVENT
11269,74317,74242,59828,747,-87, NO_EVENT
11270,73936,74286,35279,585,-381, NO_EVENT
11271,73937,74190,20628,467,-343, NO_EVENT
11272,74035,74130,8616,220,-149, NO_EVENT
11273,74420,74202,55588,647,385, NO_EVENT
11274,74442,74231,45039,596,22, NO_EVENT
11275,74124,74209,44375,567,-318, NO_EVENT
11276,73979,74132,67441,683,-145, NO_EVENT
11277,74259,74241,7930,282,69, NO_EVENT
11278,74224,74249,57529,697,-35, NO_EVENT
11279,74420,74153,43275,667,196, NO_EVENT
11280,74173,74231,42999,497,-247, NO_EVENT
11281,74197,74167,33462,546,24, NO_EVENT
11282,74118,74169,36618,532,-360, NO_EVENT
11283,74177,74397,41586,590,-306, NO_EVENT
11284,74330,74268,39657,620,153, NO_EVENT
11285,74215,74242,30134,480,-115, NO_EVENT
11286,74212,74238,3065,159,-3, NO_EVENT
11287,74180,74378,87021,890,-450, NO_EVENT
11288,74255,74312,16597,382,-157, NO_EVENT
11289,74148,74393,47537,653,-107, NO_EVENT
11290,74349,74259,21661,394,201, NO_EVENT
11291,74296,74256,44836,634,-53, NO_EVENT
11292,73820,74305,49893,690,-476, NO_EVENT
11293,73783,74303,70615,848,-848, NO_EVENT
11294,74521,74245,45797,752,738, NO_EVENT
11295,74566,74348,36843,621,45, NO_EVENT
11296,74572,74281,42747,549,6, NO_EVENT
11297,73991,74356,31790,581,-581, NO_EVENT
11298,74024,74294,37927,546,-226, NO_EVENT
11299,74368,74200,50998,562,344, NO_EVENT
11300,74398,74275,49535,576,30, NO_EVENT
11301,74448,74257,30176,489,50, NO_EVENT
11302,74226,74238,12482,401,-222, NO_EVENT
11303,74137,74204,42799,596,-260, NO_EVENT
11304,74159,74320,32958,500,-299, NO_EVENT
11305,74198,74146,33450,417,39, NO_EVENT
11306,74323,74247,54297,720,125, NO_EVENT
11307,74174,74351,36121,520,-149, NO_EVENT
11308,73604,74099,53313,742,-570, NO_EVENT
11309,74086,74374,14488,436,-325, NO_EVENT
11310,74315,74254,29394,503,229, NO_EVENT
11311,74160,74346,17412,397,-155, NO_EVENT
11312,74629,74171,15459,566,469, NO_EVENT
11313,74183,74310,28506,582,-446, NO_EVENT
11314,74007,74277,82271,762,-498, NO_EVENT
11315,74173,74235,16677,466,166, NO_EVENT
11316,74530,74274,8336,357,357, NO_EVENT
11317,74309,74292,22703,527,-221, NO_EVENT
11318,74172,74220,5165,203,-137, NO_EVENT
11319,74298,74236,45225,624,-153, NO_EVENT
11320,73882,74208,22082,491,-329, NO_EVENT
11321,74262,74224,63095,727,380, NO_EVENT
11322,74336,74400,18535,376,74, NO_EVENT
11323,74279,74263,70675,720,-57, NO_EVENT
11324,73912,74185,74347,725,-367, NO_EVENT
11325,73935,74242,16251,429,-379, NO_EVENT
11326,74503,74267,40275,607,568, NO_EVENT
11327,74251,74165,47970,616,-252, NO_EVENT
11328,74252,74297,77660,918,1, NO_EVENT
11329,74259,74277,41221,675,7, NO_EVENT
11330,74277,74437,18989,363,-235, NO_EVENT
11331,74438,74206,27210,470,123, NO_EVENT
11332,74371,74326,40070,547,-67, NO_EVENT
11333,74376,74100,41893,610,5, NO_EVENT
11334,74167,74220,29139,486,-209, NO_EVENT
11335,73820,74145,25360,465,-347, NO_EVENT
11336,73611,74230,64260,881,-659, NO_EVENT
11337,74623,74189,92201,1012,1012, NO_EVENT
11338,74393,74272,57074,752,-230, NO_EVENT
11339,74463,74231,44096,500,70, NO_EVENT
11340,74158,74225,40241,540,-305, NO_EVENT
11341,74096,74290,37309,502,-410, NO_EVENT
11342,74210,74218,43224,630,89, NO_EVENT
11343,74206,74323,53090,686,-4, NO_EVENT
11344,74402,74131,69627,619,196, NO_EVENT
11345,73921,74353,98225,852,-481, NO_EVENT
11346,73962,74098,78922,742,-430, NO_EVENT
11347,74244,74281,29917,454,-119, NO_EVENT
11348,74290,74173,87477,848,46, NO_EVENT
11349,74094,74294,17677,434,-196, NO_EVENT
11350,74661,74280,31126,567,567, NO_EVENT
11351,74043,74244,69812,704,-618, NO_EVENT
11352,73986,74212,34298,446,-394, NO_EVENT
11353,74337,74188,49649,651,351, NO_EVENT
11354,74415,74369,51772,725,78, NO_EVENT
11355,74211,74226,40803,570,-204, NO_EVENT
11356,73775,74174,54286,695,-436, NO_EVENT
11357,73989,74318,37846,671,-671, NO_EVENT
11358,74485,74238,27085,413,349, NO_EVENT
11359,74213,74203,17817,519,-272, NO_EVENT
11360,74556,74197,50682,624,343, NO_EVENT
11361,74058,74343,36586,498,-498, NO_EVENT
11362,74009,74368,45197,584,-584, NO_EVENT
11363,74065,74190,10280,284,-284, NO_EVENT
11364,74324,74153,59122,733,259, NO_EVENT
11365,74303,74174,28197,486,-21, NO_EVENT
11366,74433,74046,99359,807,130, NO_EVENT
11367,74163,74347,26346,456,-270, NO_EVENT
11368,74434,74366,54808,700,339, NO_EVENT
11369,74224,74248,27450,532,-210, NO_EVENT
11370,74423,74225,91205,980,199, NO_EVENT
11371,73955,74113,45779,666,-468, NO_EVENT
11372,73827,74102,53654,579,-128, NO_EVENT
11373,73789,73935,35205,569,-244, NO_EVENT
11374,74141,74265,6010,251,-119, NO_EVENT
11375,73993,74074,45049,647,-148, NO_EVENT
11376,74183,74172,42811,590,190, NO_EVENT
11377,74296,74294,24342,392,113, NO_EVENT
11378,73946,74074,49892,573,-350, NO_EVENT
11379,74041,74300,30857,527,-527, NO_EVENT
11380,74337,73996,51978,789,370, NO_EVENT
11381,74259,74172,33212,563,-78, NO_EVENT
11382,74205,74171,42211,602,-54, NO_EVENT
11383,74165,74216,32209,520,-40, NO_EVENT
11384,73906,74228,83477,671,-259, NO_EVENT
11385,73960,74258,51403,618,-395, NO_EVENT
11386,74464,74169,37315,533,504, NO_EVENT
11387,74318,74328,7231,288,-146, NO_EVENT
11388,74611,74268,27536,641,293, NO_EVENT
11389,73777,74234,81505,834,-834, NO_EVENT
11390,74000,74210,25992,458,-458, NO_EVENT
11391,74216,74172,20653,434,216, NO_EVENT
11392,74052,74125,27600,489,-164, NO_EVENT
11393,74284,74117,59938,611,232, NO_EVENT
11394,73965,74120,44526,638,-319, NO_EVENT
11395,74206,74219,53647,655,-81, NO_EVENT
11396,74185,74319,58198,630,-24, NO_EVENT
11397,74304,74191,53882,683,119, NO_EVENT
11398,74527,74186,80615,772,223, NO_EVENT
11399,74480,74301,45435,537,-47, NO_EVENT
11400,73896,74305,52620,610,-584, NO_EVENT
11401,73908,74245,36205,600,-375, NO_EVENT
11402,74506,74255,93782,793,598, NO_EVENT
11403,74627,74259,122681,1008,121, NO_EVENT
11404,74328,74277,67874,794,-299, NO_EVENT
11405,74126,74361,15093,324,-202, NO_EVENT
11406,74202,74349,11597,273,-273, NO_EVENT
11407,74434,74394,58838,657,-179, NO_EVENT
11408,74435,74168,34662,490,1, NO_EVENT
11409,74670,74420,48006,609,235, NO_EVENT
11410,73705,74265,117712,981,-965, NO_EVENT
11411,74210,74410,31092,445,-329, NO_EVENT
11412,74614,74373,54836,670,555, NO_EVENT
11413,74200,74478,76059,665,-414, NO_EVENT
11414,74300,74216,23098,456,100, NO_EVENT
11415,74597,74257,40156,754,297, NO_EVENT
11416,73939,74400,63352,708,-658, NO_EVENT
11417,74086,74220,68797,688,-325, NO_EVENT
11418,74382,74214,102024,952,296, NO_EVENT
11419,74658,74330,44364,573,276, NO_EVENT
11420,74333,74228,50384,759,-325, NO_EVENT
11421,74134,74303,70855,722,-199, NO_EVENT
11422,74032,74208,21202,390,-273, NO_EVENT
11423,74598,74300,42722,669,566, NO_EVENT
11424,74496,74262,71891,759,-102, NO_EVENT
11425,74394,74376,54246,770,-102, NO_EVENT
11426,73777,74168,45142,617,-617, NO_EVENT
11427,74219,74274,12733,271,-199, NO_EVENT
11428,74219,74299,21020,447,-124, NO_EVENT
11429,74446,74271,27748,497,227, NO_EVENT
11430,74147,74218,69078,709,-299, NO_EVENT
11431,74763,74345,39896,693,616, NO_EVENT
11432,74384,74401,34467,621,-379, NO_EVENT
11433,74167,74406,30840,533,-533, NO_EVENT
11434,74569,74201,58423,705,402, NO_EVENT
11435,74545,74374,76220,767,-24, NO_EVENT
11436,74941,74505,45737,784,396, NO_EVENT
11437,74256,74504,44391,685,-685, NO_EVENT
11438,74571,74424,32257,519,177, NO_EVENT
11439,74633,74496,60407,637,62, NO_EVENT
11440,75000,74503,81248,871,367, NO_EVENT
11441,74881,74599,112462,773,-119, NO_EVENT
11442,74457,74757,134464,1077,-424, NO_EVENT
11443,75307,75125,34996,497,253, NO_EVENT
11444,75863,75254,73163,896,556, NO_EVENT
11445,75329,75343,88384,857,-534, NO_EVENT
11446,75695,75738,80968,875,366, NO_EVENT
11447,76539,76443,31524,939,844, NO_EVENT
11448,77008,77026,59619,837,469, NO_EVENT
11449,78971,78263,194675,1298,699, NO_EVENT
11450,80673,80163,242464,1764,1702, NO_EVENT
11451,84406,82195,526018,3001,3001, NO_EVENT
11452,135282,103528,52575748,50876,50876, TOUCHED
11453,143258,141841,950339,2678,531, TOUCHED
11454,142207,140682,8099561,6673,-1051, TOUCHED
11455,88164,117499,66010559,57183,-54043, UNTOUCHED
11456,84564,86037,915280,3600,-3600, NO_EVENT
11457,82357,83577,547525,2207,-2207, NO_EVENT
11458,82155,82267,211027,1176,-601, NO_EVENT
11459,82262,81932,61537,737,107, NO_EVENT
11460,82026,81977,69521,744,-236, NO_EVENT
11461,82542,82256,98233,864,516, NO_EVENT
11462,87244,85005,750158,3141,3121, NO_EVENT
11463,151775,122541,140585017,64531,64531, TOUCHED
11464,153285,152800,491128,1783,1510, TOUCHED
11465,132248,153394,41758607,25482,-21037, TOUCHED
11466,85824,95077,96023336,46617,-46424, UNTOUCHED
11467,83348,84523,600813,2476,-2476, NO_EVENT
11468,82286,82576,67540,1062,-1062, NO_EVENT
11469,81721,81909,89612,832,-565, NO_EVENT
11470,81871,81731,27872,401,-62, NO_EVENT
11471,81273,81464,50721,650,-598, NO_EVENT
11472,81244,81575,57974,678,-29, NO_EVENT
11473,81956,81610,46717,592,32, NO_EVENT
11474,81911,81582,105434,781,-45, NO_EVENT
11475,81629,81807,66066,685,-282, NO_EVENT
11476,85155,83157,724629,2811,2811, NO_EVENT
11477,143713,119964,6590868,58558,58558, TOUCHED
11478,142091,143479,2791224,3892,-1622, TOUCHED
11479,146886,147027,5029331,6640,4795, TOUCHED
11480,85771,106274,78284891,61115,-61115, UNTOUCHED
11481,84461,84862,256457,1476,-1310, NO_EVENT
11482,85048,84479,71636,917,587, NO_EVENT
11483,85305,85074,70348,673,257, NO_EVENT
11484,118356,96455,166690704,33051,33051, TOUCHED
11485,138810,134823,37483288,21051,20454, TOUCHED
11486,143996,139923,6754319,7127,7127, TOUCHED
11487,97414,128418,164836617,46582,-46582, TOUCHED
11488,86081,87784,4681090,5729,-5729, UNTOUCHED
11489,83436,84435,482815,1831,-1812, NO_EVENT
11490,83204,83064,101324,952,-232, NO_EVENT
11491,82297,82675,77719,907,-907, NO_EVENT
11492,82526,82567,38958,551,229, NO_EVENT
11493,83537,82825,99205,1263,832, NO_EVENT
11494,85515,84049,382393,2281,1978, NO_EVENT
11495,135159,102562,41660893,49644,49644, TOUCHED
11496,117167,124353,48786457,17992,-17992, TOUCHED
11497,129889,134864,15365056,19636,12722, TOUCHED
11498,94485,117819,119556459,35404,-35404, TOUCHED
11499,84598,88101,10220899,9887,-9887, UNTOUCHED
11500,82201,82814,613555,2651,-2397, NO_EVENT
11501,81632,81831,63787,797,-569, NO_EVENT
11502,81639,81336,85197,719,66, NO_EVENT
11503,81658,81310,65301,705,19, NO_EVENT
11504,81742,81796,70858,673,84, NO_EVENT
11505,84273,82728,949383,2877,2531, NO_EVENT
11506,142732,122462,112602208,56767,56767, TOUCHED
11507,142084,143258,5528774,5728,-648, TOUCHED
11508,141167,142231,230702,1593,-917, TOUCHED
11509,85271,101328,91431673,55896,-55896, UNTOUCHED
11510,82232,82819,1202537,3537,-3039, NO_EVENT
11511,80740,81221,138987,1492,-1492, NO_EVENT
11512,79963,80112,170875,1346,-693, NO_EVENT
11513,78728,79405,143551,1235,-1235, NO_EVENT
11514,79956,79209,59003,1103,723, NO_EVENT
11515,82000,80976,472315,2044,2044, NO_EVENT
11516,85516,83503,2122056,3516,3516, NO_EVENT
11517,144179,127093,27492896,58663,58663, TOUCHED
11518,85164,92582,158476013,32496,-32496, UNTOUCHED
11519,82471,83550,879935,2477,-2276, NO_EVENT
11520,81712,81959,110813,991,-759, NO_EVENT
11521,80561,81245,130495,1151,-1151, NO_EVENT
11522,81081,80573,42703,773,455, NO_EVENT
11523,80415,80602,34939,666,-666, NO_EVENT
11524,80670,80721,51835,784,255, NO_EVENT
11525,82274,82003,91510,736,615, NO_EVENT
11526,151937,135950,117716772,55020,52638, TOUCHED
11527,155499,152120,5511602,5913,3471, TOUCHED
11528,82817,101268,70241860,72682,-72682, UNTOUCHED
11529,81785,81914,112041,809,-558, NO_EVENT
11530,81447,81474,64461,659,-338, NO_EVENT
11531,80817,81255,152382,991,-630, NO_EVENT
11532,82076,81632,58586,690,353, NO_EVENT
11533,82656,82007,51426,926,580, NO_EVENT
11534,84523,83186,480265,2143,1867, NO_EVENT
11535,87429,85720,1043682,2906,2906, NO_EVENT
11536,160144,139248,13051294,75297,72715, TOUCHED
11537,86412,100878,12272256,73732,-73732, UNTOUCHED
11538,83703,84831,812674,2843,-2709, NO_EVENT
11539,81997,82439,244793,1741,-1706, NO_EVENT
11540,81631,81752,19606,390,-366, NO_EVENT
11541,80984,81082,140542,1116,-794, NO_EVENT
11542,80359,80648,40966,625,-625, NO_EVENT
11543,80479,80230,143643,997,120, NO_EVENT
11544,80336,80274,102738,949,-143, NO_EVENT
11545,81428,80877,172093,1221,1092, NO_EVENT
11546,82902,82051,109074,1299,1019, NO_EVENT
11547,82225,82810,204059,1274,-677, NO_EVENT
11548,80688,81418,248397,1537,-1537, NO_EVENT
11549,79717,79925,259099,1690,-971, NO_EVENT
11550,79362,79249,94567,961,-355, NO_EVENT
11551,80793,80157,104233,1431,1431, NO_EVENT
11552,101853,86289,76735938,21060,21060, TOUCHED
11553,163851,154114,4846945,62298,61998, TOUCHED
11554,163843,164025,57149,501,-8, TOUCHED
11555,82572,130498,63533060,81949,-81949, UNTOUCHED
11556,80452,81112,596353,2454,-2120, NO_EVENT
11557,79257,79281,272915,2058,-1195, NO_EVENT
11558,78527,78741,139976,1070,-730, NO_EVENT
11559,79324,78422,191376,1393,797, NO_EVENT
11560,80234,79350,231202,1589,910, NO_EVENT
11561,81851,81214,301129,1617,1617, NO_EVENT
11562,163567,119487,104928053,80286,80286, TOUCHED
11563,163313,163695,101455,754,-254, TOUCHED
11564,163818,164373,272155,1638,505, TOUCHED
11565,84023,97414,154617153,79795,-79795, UNTOUCHED
11566,81763,82530,305661,2260,-2260, NO_EVENT
11567,81861,81785,61657,727,-107, NO_EVENT
11568,82182,81766,49791,705,321, NO_EVENT
11569,82999,82299,155581,1085,817, NO_EVENT
11570,163623,110586,119959954,79417,79417, TOUCHED
11571,163558,163861,138883,799,-65, TOUCHED
11572,86267,130966,121921530,77960,-77960, UNTOUCHED
11573,82604,84483,1430056,3663,-3663, NO_EVENT
11574,81699,81967,101430,1074,-905, NO_EVENT
11575,81028,81377,54654,671,-671, NO_EVENT
11576,81894,81244,67491,990,524, NO_EVENT
11577,82038,81811,94390,835,144, NO_EVENT
11578,83516,82549,269436,1478,1478, NO_EVENT
11579,163858,106902,59344483,79150,79150, TOUCHED
11580,164398,164132,21482,540,540, TOUCHED
11581,86895,134222,138421803,77503,-77503, UNTOUCHED
11582,83545,85187,1276061,3350,-3350, NO_EVENT
11583,82441,82733,173807,1298,-1104, NO_EVENT
11584,81887,82102,99019,843,-554, NO_EVENT
11585,82145,82006,96975,823,84, NO_EVENT
11586,82448,82155,28699,556,303, NO_EVENT
11587,82534,82450,85205,865,86, NO_EVENT
11588,84987,83900,743424,2453,2453, NO_EVENT
11589,116387,96027,23665074,31105,31105, TOUCHED
11590,163660,161765,85956033,47746,47273, TOUCHED
11591,89925,123668,64328655,73735,-73735, UNTOUCHED
11592,85083,86730,1118559,2997,-2997, NO_EVENT
11593,84439,85053,182156,1127,-1127, NO_EVENT
11594,84703,84387,177345,1266,-243, NO_EVENT
11595,84913,84172,172035,1355,210, NO_EVENT
11596,84940,84420,231659,1375,27, NO_EVENT
11597,86084,85438,245766,1317,1144, NO_EVENT
11598,127504,96890,124961860,41420,41420, TOUCHED
11599,163152,158391,130229212,35648,35648, TOUCHED
11600,92779,128618,124139082,70373,-70373, TOUCHED
11601,86739,88854,3916067,6040,-6040, UNTOUCHED
11602,85996,86145,305071,1467,-743, NO_EVENT
11603,85316,85372,201178,1134,-680, NO_EVENT
11604,84806,84877,76933,939,-510, NO_EVENT
11605,85198,85133,144423,1177,392, NO_EVENT
11606,87496,86395,458638,2298,2298, NO_EVENT
11607,162047,134179,144537585,74615,74551, TOUCHED
11608,161817,161855,355733,1392,-230, TOUCHED
11609,143073,159569,24603369,18744,-18744, TOUCHED
11610,87810,104330,5141431,55263,-55263, UNTOUCHED
11611,84808,86014,544154,2236,-2236, NO_EVENT
11612,85034,84836,116685,949,-174, NO_EVENT
11613,85482,84837,77434,1124,448, NO_EVENT
11614,86722,85906,246744,1286,1240, NO_EVENT
11615,157872,108828,81007782,71150,71150, TOUCHED
11616,156845,158796,2069768,3790,-1027, TOUCHED
11617,90865,119329,107336627,65980,-65980, TOUCHED
11618,84923,86455,2010589,4041,-4041, UNTOUCHED
11619,81874,82918,1411982,3336,-3180, NO_EVENT
11620,80268,80706,375632,1753,-1606, NO_EVENT
11621,78087,78456,697263,3051,-2181, NO_EVENT
11622,75905,76902,412830,2182,-2182, NO_EVENT
11623,75576,75824,128660,1075,-584, NO_EVENT
11624,75471,75372,95041,923,-105, NO_EVENT
11625,75071,74881,137146,1190,-400, NO_EVENT
11626,74661,74796,49294,566,-410, NO_EVENT
11627,75010,74694,35135,603,450, NO_EVENT
11628,74745,74620,50485,744,-265, NO_EVENT
11629,74684,74539,41910,626,-61, NO_EVENT
11630,74337,74504,62718,742,-347, NO_EVENT
11631,74667,74532,22735,441,211, NO_EVENT
11632,74304,74305,92567,879,501, NO_EVENT
11633,74824,74575,144233,998,520, NO_EVENT
11634,74751,74549,63215,658,-73, NO_EVENT
11635,74367,74446,27140,509,-384, NO_EVENT
11636,74380,74586,26062,429,-256, NO_EVENT
11637,74181,74435,75097,746,-498, NO_EVENT
11638,74432,74477,25435,575,251, NO_EVENT
11639,74831,74449,79425,970,399, NO_EVENT
11640,74160,74478,47297,671,-671, NO_EVENT
11641,74557,74404,30927,475,268, NO_EVENT
11642,74862,74418,41219,719,581, NO_EVENT
11643,74527,74534,42311,746,-335, NO_EVENT
11644,74692,74443,54200,720,165, NO_EVENT
11645,74130,74488,46149,679,-562, NO_EVENT
11646,74477,74539,4410,176,-158, NO_EVENT
11647,74664,74564,23129,392,187, NO_EVENT
11648,74651,74491,13278,367,-13, NO_EVENT
11649,74380,74463,71242,795,-271, NO_EVENT
11650,74434,74542,11691,327,54, NO_EVENT
11651,75097,74680,25887,529,444, NO_EVENT
11652,75376,74653,75931,961,279, NO_EVENT
11653,75744,74966,87013,1023,368, NO_EVENT
11654,75514,75908,72500,678,-230, NO_EVENT
11655,77948,76815,243793,1564,1503, NO_EVENT
11656,78578,77975,38138,877,630, NO_EVENT
11657,79485,78886,96492,907,907, NO_EVENT
11658,81266,80631,316321,1781,1781, NO_EVENT
11659,83108,81924,87280,1372,1372, NO_EVENT
11660,88175,84927,1974781,5067,5067, NO_EVENT
11661,164166,138227,145438506,75991,75991, TOUCHED
11662,162944,163734,247162,1283,-769, TOUCHED
11663,164744,164421,473625,2142,1800, TOUCHED
11664,162515,164091,218051,2229,-2229, TOUCHED
11665,161488,162150,207960,1027,-1027, TOUCHED
11666,142438,152067,37777338,19050,-19050, TOUCHED
11667,149951,148629,17234069,11025,7513, TOUCHED
11668,87127,98165,162882350,34375,-34375, UNTOUCHED
11669,84189,85405,547375,2176,-1489, NO_EVENT
11670,82433,83101,136842,1230,-1230, NO_EVENT
11671,81935,81991,60757,782,-498, NO_EVENT
11672,80503,81074,148320,1432,-1432, NO_EVENT
11673,78169,79461,579295,2355,-2355, NO_EVENT
11674,76197,77147,387905,1972,-1972, NO_EVENT
11675,75502,75609,231352,1266,-634, NO_EVENT
11676,75018,74968,43927,855,-484, NO_EVENT
11677,74822,74706,34920,545,-196, NO_EVENT
11678,74620,74686,83469,908,-202, NO_EVENT
11679,74685,74601,13100,348,-124, NO_EVENT
11680,74663,74474,21051,377,81, NO_EVENT
11681,74640,74551,14959,381,-23, NO_EVENT
11682,74863,74476,54343,716,223, NO_EVENT
11683,74465,74611,79967,797,-398, NO_EVENT
11684,74263,74469,67438,753,-299, NO_EVENT
11685,74462,74440,22406,461,199, NO_EVENT
11686,74572,74516,6339,246,110, NO_EVENT
11687,74520,74617,67059,805,-52, NO_EVENT
11688,74413,74551,18356,351,-107, NO_EVENT
11689,74722,74503,40846,550,141, NO_EVENT
11690,74416,74466,12696,420,-306, NO_EVENT
11691,75279,74654,50403,863,863, NO_EVENT
11692,74639,74526,115842,1209,-640, NO_EVENT
11693,74683,74658,3004,159,44, NO_EVENT
11694,74708,74649,130545,1175,176, NO_EVENT
11695,74463,74474,35517,557,-245, NO_EVENT
11696,74351,74279,84427,869,-112, NO_EVENT
11697,74625,74512,24164,465,274, NO_EVENT
11698,74613,74539,4327,194,-12, NO_EVENT
11699,74611,74532,74524,798,36, NO_EVENT
11700,74676,74512,60365,667,65, NO_EVENT
11701,74530,74503,6432,274,-146, NO_EVENT
11702,74614,74545,50687,736,84, NO_EVENT
11703,74793,74524,84021,816,-117, NO_EVENT
11704,74701,74505,42177,599,437, NO_EVENT
11705,74511,74620,15715,334,-190, NO_EVENT
11706,74700,74525,24294,465,189, NO_EVENT
11707,74489,74642,19775,385,-211, NO_EVENT
11708,74670,74806,17943,374,-301, NO_EVENT
11709,74973,74819,36300,513,303, NO_EVENT
11710,75249,74948,39508,569,276, NO_EVENT
11711,75211,75159,123912,1105,-38, NO_EVENT
11712,75591,75647,46067,689,-41, NO_EVENT
11713,76104,75935,74960,820,513, NO_EVENT
11714,77259,76512,78239,1155,1155, NO_EVENT
11715,77972,77203,101657,1186,713, NO_EVENT
11716,78905,77812,271282,1813,933, NO_EVENT
11717,79814,79010,229386,1604,909, NO_EVENT
11718,80181,79788,44918,791,367, NO_EVENT
11719,80791,80746,112073,904,610, NO_EVENT
11720,81382,80976,107894,843,591, NO_EVENT
11721,82389,81858,92105,1061,1061, NO_EVENT
11722,84122,82724,270697,2020,1733, NO_EVENT
11723,145445,95544,132195794,61323,61323, TOUCHED
11724,163647,159826,52095162,18714,18202, TOUCHED
11725,163827,163875,39513,476,180, TOUCHED
11726,144020,158287,64356125,19807,-19807, TOUCHED
11727,85803,106387,42642843,38978,-38978, UNTOUCHED
11728,82136,83324,1433252,3667,-3667, NO_EVENT
11729,81115,81475,146226,1224,-1021, NO_EVENT
11730,78984,79843,566318,2213,-1901, NO_EVENT
11731,77993,78480,183205,1166,-991, NO_EVENT
11732,77100,77341,231112,1532,-1097, NO_EVENT
11733,76519,76364,219500,1394,-581, NO_EVENT
11734,76186,76333,62461,723,-333, NO_EVENT
11735,76554,76228,51327,565,381, NO_EVENT
11736,76928,76291,69532,943,374, NO_EVENT
11737,77024,77044,82481,726,96, NO_EVENT
11738,78930,77839,266252,1563,1473, NO_EVENT
11739,79646,79200,153870,957,716, NO_EVENT
11740,80736,80149,191192,1247,1170, NO_EVENT
11741,81631,81086,57397,895,895, NO_EVENT
11742,81911,81751,39297,578,280, NO_EVENT
11743,82181,81838,41162,569,485, NO_EVENT
11744,82138,81886,41332,636,-43, NO_EVENT
11745,81873,81872,69728,761,-265, NO_EVENT
11746,82415,81985,44057,743,383, NO_EVENT
11747,82547,82083,86967,834,132, NO_EVENT
11748,83187,82581,109594,1148,640, NO_EVENT
11749,85543,84087,775756,2387,2356, NO_EVENT
11750,160666,111472,74284941,75123,75123, TOUCHED
11751,162731,161931,690917,2065,2065, TOUCHED
11752,162905,161594,695665,2016,2016, TOUCHED
11753,86584,130809,147665267,77204,-76321, UNTOUCHED
11754,82740,84315,1277574,2949,-2949, NO_EVENT
11755,81774,81899,116498,1106,-701, NO_EVENT
11756,79556,80802,452322,2218,-2218, NO_EVENT
11757,78342,78931,681557,2353,-1214, NO_EVENT
11758,76085,77029,432728,2257,-2257, NO_EVENT
11759,75629,75930,85250,811,-741, NO_EVENT
11760,75390,75212,150550,1153,-239, NO_EVENT
11761,75161,75049,31085,614,-229, NO_EVENT
11762,73914,74589,165753,1247,-1247, NO_EVENT
11763,74775,74527,24892,480,480, NO_EVENT
11764,74924,74568,18903,540,149, NO_EVENT
11765,74414,74573,53675,685,-510, NO_EVENT
11766,74378,74538,19400,347,-36, NO_EVENT
11767,74580,74560,9654,259,-84, NO_EVENT
11768,74793,74463,139307,1009,986, NO_EVENT
11769,74655,74624,59052,773,-138, NO_EVENT
11770,75002,74520,81532,908,347, NO_EVENT
11771,74464,74651,34030,571,-538, NO_EVENT
11772,74703,74488,46101,656,252, NO_EVENT
11773,74526,74473,100766,842,352, NO_EVENT
11774,74667,74610,61659,858,141, NO_EVENT
11775,74769,74406,95501,897,102, NO_EVENT
11776,74558,74560,20126,409,-211, NO_EVENT
11777,74433,74532,41708,613,-299, NO_EVENT
11778,74775,74492,21387,524,342, NO_EVENT
11779,74558,74487,37958,585,-217, NO_EVENT
11780,74885,74525,79158,807,327, NO_EVENT
11781,74677,74738,43762,596,-208, NO_EVENT
11782,74481,74589,22105,413,-126, NO_EVENT
11783,74635,74612,120163,906,154, NO_EVENT
11784,74786,74595,11336,384,151, NO_EVENT
11785,74702,74518,63018,710,-84, NO_EVENT
11786,74567,74615,69614,741,-135, NO_EVENT
11787,74527,74588,57390,716,85, NO_EVENT
11788,75113,74613,48256,719,586, NO_EVENT
11789,74689,74694,51644,717,-424, NO_EVENT
11790,74335,74650,27673,504,-354, NO_EVENT
11791,74612,74617,43373,690,23, NO_EVENT
11792,74591,74667,20178,465,0, NO_EVENT
11793,74690,74620,57754,610,99, NO_EVENT
11794,74923,74693,43263,573,233, NO_EVENT
11795,74467,74696,39072,538,-456, NO_EVENT
11796,74930,74627,95559,764,81, NO_EVENT
11797,74779,74744,17569,366,-151, NO_EVENT
11798,74923,74681,35257,547,144, NO_EVENT
11799,74795,74751,49431,642,-128, NO_EVENT
11800,74868,74796,17032,389,112, NO_EVENT
11801,74570,74672,19595,340,14, NO_EVENT
11802,74947,74792,52533,556,377, NO_EVENT
11803,75134,75076,20843,437,187, NO_EVENT
11804,75298,75216,34744,551,164, NO_EVENT
11805,75757,75617,50854,602,483, NO_EVENT
11806,76854,76027,59634,1148,1097, NO_EVENT
11807,76989,76816,170285,1224,135, NO_EVENT
11808,78412,77471,296185,1801,1801, NO_EVENT
11809,78564,78374,58863,670,152, NO_EVENT
11810,79982,79177,88130,1234,913, NO_EVENT
11811,80063,80109,15039,352,81, NO_EVENT
11812,80986,80355,79022,1123,1123, NO_EVENT
11813,80825,80788,12594,311,-161, NO_EVENT
11814,80256,80353,138310,1101,-569, NO_EVENT
11815,79851,79700,12147,351,48, NO_EVENT
11816,78483,79483,221644,1368,-1368, NO_EVENT
11817,78764,78642,134125,1061,214, NO_EVENT
11818,79603,79245,135481,1036,839, NO_EVENT
11819,83061,81192,555789,2617,2617, NO_EVENT
11820,161676,119745,164399563,78615,78615, TOUCHED
11821,163725,163258,837460,2339,2049, TOUCHED
11822,84071,135051,141254761,79654,-79654, UNTOUCHED
11823,81545,82330,786754,2601,-2526, NO_EVENT
11824,79010,79932,990441,2880,-2535, NO_EVENT
11825,77225,77654,153652,1105,-964, NO_EVENT
11826,76542,76122,203651,1880,-683, NO_EVENT
11827,75254,75582,196272,1288,-1288, NO_EVENT
11828,75290,74965,74910,846,405, NO_EVENT
11829,75170,74924,46807,733,-120, NO_EVENT
11830,74925,74631,76441,936,-245, NO_EVENT
11831,74334,74795,105137,828,-591, NO_EVENT
11832,75111,74831,63017,640,-39, NO_EVENT
11833,75065,74781,42392,712,-46, NO_EVENT
11834,75003,74699,32720,653,-62, NO_EVENT
11835,74414,74736,38747,589,-589, NO_EVENT
11836,74960,74825,10304,273,9, NO_EVENT
11837,74838,74781,52610,760,26, NO_EVENT
11838,74627,74628,58624,744,-211, NO_EVENT
11839,74869,74724,63059,812,242, NO_EVENT
11840,73968,74704,134213,1212,-901, NO_EVENT
11841,74769,74644,44019,597,-84, NO_EVENT
11842,74969,74521,33556,640,200, NO_EVENT
11843,74853,74606,68858,639,-116, NO_EVENT
11844,74397,74799,35583,608,-456, NO_EVENT
11845,74491,74633,33190,547,94, NO_EVENT
11846,74778,74861,22903,402,-275, NO_EVENT
11847,74934,74594,68815,757,156, NO_EVENT
11848,74595,74621,19076,413,-339, NO_EVENT
11849,74878,74830,15052,427,283, NO_EVENT
11850,74965,74773,38030,515,234, NO_EVENT
11851,74743,74765,27454,529,-222, NO_EVENT
11852,74994,74622,37909,553,251, NO_EVENT
11853,74687,74631,73713,721,-307, NO_EVENT
11854,74217,74514,48960,673,-470, NO_EVENT
11855,74527,74632,77741,701,-234, NO_EVENT
11856,74677,74589,27767,404,150, NO_EVENT
11857,74640,74619,79673,911,-37, NO_EVENT
11858,74126,74462,58826,700,-514, NO_EVENT
11859,74316,74544,12352,334,-328, NO_EVENT
11860,74559,74457,30089,498,195, NO_EVENT
11861,74745,74649,126360,1117,186, NO_EVENT
11862,74787,74686,96322,849,42, NO_EVENT
11863,74416,74429,75034,875,-371, NO_EVENT
11864,74860,74592,24505,466,173, NO_EVENT
11865,74867,74545,33120,515,402, NO_EVENT
11866,74619,74595,18883,483,-248, NO_EVENT
11867,74992,74415,47867,860,373, NO_EVENT
11868,74361,74673,212382,1162,-631, NO_EVENT
11869,74229,74504,23720,439,-354, NO_EVENT
11870,74744,74658,30253,667,515, NO_EVENT
11871,74781,74584,11304,337,37, NO_EVENT
11872,74624,74583,91863,846,-157, NO_EVENT
11873,74323,74658,164263,1106,-301, NO_EVENT
11874,74686,74664,19137,385,-35, NO_EVENT
11875,74738,74725,31267,468,52, NO_EVENT
11876,75117,74729,106695,1054,379, NO_EVENT
11877,74497,74775,86862,842,-620, NO_EVENT
11878,75123,75013,20407,414,161, NO_EVENT
11879,75032,74951,37489,546,220, NO_EVENT
11880,75152,74974,43317,581,120, NO_EVENT
11881,74854,75017,29780,492,-298, NO_EVENT
11882,75086,75108,49681,653,-212, NO_EVENT
11883,75083,75001,49094,627,-129, NO_EVENT
11884,74942,74936,5816,277,-141, NO_EVENT
11885,75216,74921,69309,851,274, NO_EVENT
11886,74882,74890,28763,534,-334, NO_EVENT
11887,75004,74857,93446,920,-89, NO_EVENT
11888,74813,74919,68001,871,-191, NO_EVENT
11889,74700,74784,98499,940,-113, NO_EVENT
11890,74551,74852,63787,714,-149, NO_EVENT
11891,74950,74851,79908,731,0, NO_EVENT
11892,75076,74984,29797,483,126, NO_EVENT
11893,75179,74904,38756,644,103, NO_EVENT
11894,75152,75047,33541,577,-27, NO_EVENT
11895,75411,75178,31934,505,262, NO_EVENT
11896,75443,75340,14801,344,32, NO_EVENT
11897,75738,75603,86751,895,295, NO_EVENT
11898,75619,75653,53897,785,-119, NO_EVENT
11899,76578,76200,81183,702,599, NO_EVENT
11900,76827,76463,234713,1332,249, NO_EVENT
11901,77389,77082,90472,871,562, NO_EVENT
11902,78090,77991,225289,1447,693, NO_EVENT
11903,79051,78224,197460,1311,961, NO_EVENT
11904,78511,78614,21312,390,-264, NO_EVENT
11905,78731,78737,13775,414,220, NO_EVENT
11906,78762,78737,117485,832,-247, NO_EVENT
11907,77856,78389,121375,906,-906, NO_EVENT
11908,77494,77601,253720,1569,30, NO_EVENT
11909,76300,76613,310832,1644,-1194, NO_EVENT
11910,75829,76167,50697,599,-471, NO_EVENT
11911,75665,75824,45314,656,-448, NO_EVENT
11912,75693,75499,177729,1244,28, NO_EVENT
11913,75315,75809,85455,836,-378, NO_EVENT
11914,75827,75507,79638,835,264, NO_EVENT
11915,76021,75680,23080,565,194, NO_EVENT
11916,76364,75655,134067,1209,343, NO_EVENT
11917,75655,75740,166789,1145,-709, NO_EVENT
11918,76092,75916,55331,551,476, NO_EVENT
11919,77009,76373,30649,917,917, NO_EVENT
11920,77235,77031,96395,851,226, NO_EVENT
11921,79412,78249,310699,2177,2177, NO_EVENT
11922,81934,80483,716707,2522,2522, NO_EVENT
11923,122024,103505,106055923,40090,40090, TOUCHED
11924,131877,128135,21582055,9945,9853, TOUCHED
11925,164689,157553,44109761,32812,32812, TOUCHED
11926,132873,157707,154386192,31816,-31816, TOUCHED
11927,80996,83335,6448636,7132,-7132, UNTOUCHED
11928,79291,79835,522968,2144,-1705, NO_EVENT
11929,77361,77927,363411,2167,-1930, NO_EVENT
11930,76030,76752,263073,1354,-1331, NO_EVENT
11931,75411,75536,89256,832,-550, NO_EVENT
11932,75064,74894,52108,862,-347, NO_EVENT
11933,74672,74790,122958,1057,-392, NO_EVENT
11934,74656,74630,14934,379,-16, NO_EVENT
11935,74887,74664,27475,482,239, NO_EVENT
11936,74489,74542,27079,588,-398, NO_EVENT
11937,75024,74471,42113,805,535, NO_EVENT
11938,74052,74558,124953,972,-972, NO_EVENT
11939,74201,74629,47455,664,-363, NO_EVENT
11940,74359,74541,41068,581,-108, NO_EVENT
11941,74407,74589,31342,500,48, NO_EVENT
11942,74531,74477,23571,466,124, NO_EVENT
11943,74206,74423,35947,525,-325, NO_EVENT
11944,74337,74496,35718,568,-114, NO_EVENT
11945,74370,74508,21235,353,-38, NO_EVENT
11946,74723,74537,27989,436,353, NO_EVENT
11947,74728,74673,28337,512,5, NO_EVENT
11948,74386,74559,35694,547,-342, NO_EVENT
11949,74640,74631,7838,302,-157, NO_EVENT
11950,74705,74581,75886,747,65, NO_EVENT
11951,74463,74635,49074,560,-242, NO_EVENT
11952,74793,74524,44256,573,330, NO_EVENT
11953,74413,74510,22543,480,-380, NO_EVENT
11954,74608,74512,30704,535,-214, NO_EVENT
11955,74535,74535,47064,615,-73, NO_EVENT
11956,74453,74410,35357,646,-82, NO_EVENT
11957,74716,74507,53055,534,263, NO_EVENT
11958,74440,74401,42869,692,-276, NO_EVENT
11959,74638,74482,8247,292,122, NO_EVENT
11960,74790,74579,13922,364,152, NO_EVENT
11961,74785,74535,31620,532,-5, NO_EVENT
11962,74640,74448,18311,427,-145, NO_EVENT
11963,74323,74488,45566,595,-317, NO_EVENT
11964,74611,74393,44832,555,-13, NO_EVENT
11965,74664,74437,43440,525,53, NO_EVENT
11966,74861,74542,46888,627,197, NO_EVENT
11967,74735,74492,35621,621,-126, NO_EVENT
11968,74287,74426,31244,513,-448, NO_EVENT
11969,74380,74482,12690,331,-133, NO_EVENT
11970,74818,74563,23934,485,438, NO_EVENT
11971,74448,74535,51195,598,-370, NO_EVENT
11972,74326,74529,25881,490,-122, NO_EVENT
11973,74456,74590,49100,689,-151, NO_EVENT
11974,74778,74555,40463,565,202, NO_EVENT
11975,74721,74393,20876,531,-57, NO_EVENT
11976,74573,74546,79982,672,-148, NO_EVENT
11977,74521,74514,57531,698,-52, NO_EVENT
11978,74726,74521,10377,316,174, NO_EVENT
11979,74612,74461,57178,712,318, NO_EVENT
11980,74552,74513,11026,303,-60, NO_EVENT
11981,74324,74493,41088,627,-228, NO_EVENT
11982,74366,74442,35670,535,42, NO_EVENT
11983,74256,74383,26412,479,-329, NO_EVENT
11984,74719,74439,11321,364,301, NO_EVENT
11985,74782,74650,29598,440,63, NO_EVENT
11986,74684,74356,37932,617,-98, NO_EVENT
11987,74214,74478,83509,846,-470, NO_EVENT
11988,74493,74563,7832,256,-18, NO_EVENT
11989,74432,74446,42022,630,45, NO_EVENT
11990,74504,74505,30652,444,72, NO_EVENT
11991,74522,74556,16219,329,18, NO_EVENT
11992,74313,74519,24970,443,-209, NO_EVENT
11993,74362,74511,8739,299,-147, NO_EVENT
11994,74478,74507,36374,632,218, NO_EVENT
11995,74536,74413,43807,519,58, NO_EVENT
11996,74772,74577,34706,547,236, NO_EVENT
11997,74339,74538,33757,491,-433, NO_EVENT
11998,74680,74569,22764,483,422, NO_EVENT
11999,74839,74523,97256,920,159, NO_EVENT
12000,74772,74577,32750,572,-67, NO_EVENT
12001,74609,74423,36077,556,-163, NO_EVENT
12002,74600,74546,19352,444,-9, NO_EVENT
12003,74657,74525,26938,462,-15, NO_EVENT
12004,74774,74470,57722,719,117, NO_EVENT
12005,74744,74597,67770,776,-30, NO_EVENT
12006,74879,74377,100311,856,135, NO_EVENT
12007,74538,74542,73538,819,-341, NO_EVENT
12008,74701,74465,22920,435,415, NO_EVENT
12009,74640,74457,96251,938,-61, NO_EVENT
12010,74814,74567,17736,431,174, NO_EVENT
12011,74729,74533,42947,644,-85, NO_EVENT
12012,74622,74477,45755,539,-107, NO_EVENT
12013,74549,74552,82581,799,-264, NO_EVENT
12014,74801,74555,12621,415,252, NO_EVENT
12015,74925,74606,18748,553,124, NO_EVENT
12016,74665,74429,127708,1013,-260, NO_EVENT
12017,74387,74514,35009,532,-278, NO_EVENT
12018,74792,74562,21511,390,256, NO_EVENT
12019,74599,74549,12519,419,-193, NO_EVENT
12020,74580,74473,56753,616,-19, NO_EVENT
12021,74388,74517,20917,357,-192, NO_EVENT
12022,74044,74397,35027,578,-578, NO_EVENT
12023,74703,74536,122610,1106,-48, NO_EVENT
12024,74526,74546,65017,664,-177, NO_EVENT
12025,74382,74458,15324,389,-144, NO_EVENT
12026,74114,74381,25137,490,-268, NO_EVENT
12027,74473,74521,76135,919,-208, NO_EVENT
12028,74546,74391,31338,530,142, NO_EVENT
12029,74599,74543,12511,293,53, NO_EVENT
12030,74548,74488,26664,444,-51, NO_EVENT
12031,74570,74520,5498,221,22, NO_EVENT
12032,74111,74501,47503,670,-670, NO_EVENT
12033,74458,74510,55847,724,-481, NO_EVENT
12034,74566,74484,18604,404,108, NO_EVENT
12035,74318,74442,29509,517,-248, NO_EVENT
12036,74025,74429,72741,779,-293, NO_EVENT
12037,74181,74470,43764,551,-437, NO_EVENT
12038,74555,74469,9022,276,37, NO_EVENT
12039,74650,74459,72095,801,95, NO_EVENT
12040,74563,74438,31206,473,-87, NO_EVENT
12041,74484,74491,10845,321,-79, NO_EVENT
12042,74399,74475,31721,556,-232, NO_EVENT
12043,74557,74312,87550,686,633, NO_EVENT
12044,74486,74462,28073,477,-71, NO_EVENT
12045,74826,74475,16104,552,340, NO_EVENT
12046,74262,74413,52281,777,-564, NO_EVENT
12047,74515,74581,6005,221,16, NO_EVENT
12048,74501,74537,25986,452,0, NO_EVENT
12049,74760,74472,33913,623,259, NO_EVENT
12050,74360,74505,28522,468,-400, NO_EVENT
12051,74293,74451,42083,572,-67, NO_EVENT
12052,74719,74511,49919,641,-189, NO_EVENT
12053,74411,74401,64762,720,91, NO_EVENT
12054,74684,74549,28547,482,273, NO_EVENT
12055,74609,74482,18523,389,-75, NO_EVENT
12056,74289,74505,39731,534,-320, NO_EVENT
12057,74622,74483,25709,410,2, NO_EVENT
12058,74709,74535,22937,455,87, NO_EVENT
12059,74515,74636,61702,657,-194, NO_EVENT
12060,74547,74430,29498,496,32, NO_EVENT
12061,74483,74548,27647,522,-64, NO_EVENT
12062,74820,74509,25353,487,200, NO_EVENT
12063,74561,74465,50004,595,-259, NO_EVENT
12064,74463,74534,11845,343,-98, NO_EVENT
12065,74429,74544,46580,730,-34, NO_EVENT
12066,74512,74539,28378,509,83, NO_EVENT
12067,74803,74554,55171,668,335, NO_EVENT
12068,74380,74359,17819,629,-423, NO_EVENT
12069,74462,74379,7674,259,82, NO_EVENT
12070,74550,74410,34058,574,88, NO_EVENT
12071,74697,74520,14171,383,147, NO_EVENT
12072,74587,74540,26542,442,-75, NO_EVENT
12073,74797,74514,19990,461,210, NO_EVENT
12074,74664,74529,61465,638,-133, NO_EVENT
12075,74717,74322,46528,630,53, NO_EVENT
12076,74445,74473,23188,516,-272, NO_EVENT
12077,74958,74521,60244,878,516, NO_EVENT
12078,74590,74484,50589,778,-368, NO_EVENT
12079,74425,74398,26960,452,-165, NO_EVENT
12080,74568,74420,39959,608,143, NO_EVENT
12081,74400,74485,30542,501,-168, NO_EVENT
12082,74585,74374,36300,524,248, NO_EVENT
12083,74941,74555,61707,904,356, NO_EVENT
12084,74669,74385,56448,838,-272, NO_EVENT
12085,74612,74397,94887,913,-57, NO_EVENT
12086,74528,74425,39825,562,-84, NO_EVENT
12087,74729,74577,9837,281,143, NO_EVENT
12088,74683,74478,92563,710,-46, NO_EVENT
12089,74622,74355,50677,699,-61, NO_EVENT
12090,74695,74384,47801,611,73, NO_EVENT
12091,74248,74515,44591,556,-447, NO_EVENT
12092,74518,74494,7446,262,-21, NO_EVENT
12093,74844,74540,59440,618,326, NO_EVENT
12094,74728,74541,34453,643,-116, NO_EVENT
12095,74536,74602,75588,865,-192, NO_EVENT
12096,74364,74521,37414,562,-134, NO_EVENT
12097,74629,74590,33999,620,-40, NO_EVENT
12098,74461,74425,15917,410,-168, NO_EVENT
12099,74602,74450,6075,224,141, NO_EVENT
12100,74165,74515,67727,731,-437, NO_EVENT
12101,74300,74456,38333,584,-416, NO_EVENT
12102,74427,74525,64734,678,-340, NO_EVENT
12103,74340,74397,20466,403,-87, NO_EVENT
12104,74868,74431,35743,603,528, NO_EVENT
12105,74579,74508,67650,716,-289, NO_EVENT
12106,74393,74366,40191,556,108, NO_EVENT
12107,74514,74435,40751,621,132, NO_EVENT
12108,74854,74378,92295,947,340, NO_EVENT
12109,74553,74570,57987,715,-301, NO_EVENT
12110,74495,74532,24386,504,-58, NO_EVENT
12111,74291,74501,39966,595,-506, NO_EVENT
12112,74672,74494,39415,615,183, NO_EVENT
12113,74359,74499,58426,740,-313, NO_EVENT
12114,74546,74327,43451,506,187, NO_EVENT
12115,74082,74482,65225,770,-464, NO_EVENT
12116,74413,74563,17293,323,-305, NO_EVENT
12117,74538,74373,54320,696,-125, NO_EVENT
12118,74671,74465,37422,544,133, NO_EVENT
12119,74333,74394,91246,889,-338, NO_EVENT
12120,74274,74509,28496,407,-59, NO_EVENT
12121,74653,74551,28693,552,-202, NO_EVENT
12122,74574,74646,18271,436,-54, NO_EVENT
12123,74665,74463,20054,463,91, NO_EVENT
12124,74465,74544,25798,513,-200, NO_EVENT
12125,74228,74425,22933,411,-237, NO_EVENT
12126,74489,74582,21524,412,-361, NO_EVENT
12127,74633,74376,33393,541,144, NO_EVENT
12128,74400,74415,15843,412,-233, NO_EVENT
12129,74277,74451,11457,307,-123, NO_EVENT
12130,74243,74600,56710,655,-34, NO_EVENT
12131,74516,74491,38525,587,-28, NO_EVENT
12132,74438,74371,26835,518,-78, NO_EVENT
12133,74587,74449,71739,896,149, NO_EVENT
12134,74500,74519,7166,232,-87, NO_EVENT
12135,74119,74490,49743,638,-381, NO_EVENT
12136,74844,74514,65806,744,467, NO_EVENT
12137,74718,74603,90368,737,-126, NO_EVENT
12138,74341,74478,18137,441,-377, NO_EVENT
12139,74513,74442,56403,744,172, NO_EVENT
12140,74455,74433,72979,863,-58, NO_EVENT
12141,74304,74442,31981,552,-241, NO_EVENT
12142,74464,74529,31388,552,160, NO_EVENT
12143,74776,74356,81845,839,312, NO_EVENT
12144,74648,74465,90406,799,-128, NO_EVENT
12145,74491,74606,41570,644,-157, NO_EVENT
12146,74416,74561,51519,697,-198, NO_EVENT
12147,74843,74474,43954,700,427, NO_EVENT
12148,74697,74439,62786,679,-146, NO_EVENT
12149,74341,74457,36871,534,-356, NO_EVENT
12150,74312,74427,47348,646,-29, NO_EVENT
12151,74269,74386,28986,479,-156, NO_EVENT
12152,74476,74405,22079,434,207, NO_EVENT
12153,74583,74410,14044,397,107, NO_EVENT
12154,74466,74448,25532,437,-117, NO_EVENT
12155,74410,74395,3954,191,-56, NO_EVENT
12156,74467,74517,12126,337,-9, NO_EVENT
12157,74572,74332,47288,606,105, NO_EVENT
12158,74457,74454,71131,865,-115, NO_EVENT
12159,74874,74435,27104,610,417, NO_EVENT
12160,74098,74573,150749,1023,-776, NO_EVENT
12161,74643,74394,15731,380,380, NO_EVENT
12162,74636,74422,44944,646,-7, NO_EVENT
12163,74640,74514,26653,507,4, NO_EVENT
12164,74767,74464,60155,697,127, NO_EVENT
12165,74521,74622,26496,433,-246, NO_EVENT
12166,74664,74510,17630,357,-7, NO_EVENT
12167,74455,74498,27893,420,-209, NO_EVENT
12168,74705,74430,31872,563,250, NO_EVENT
12169,74934,74525,40839,672,229, NO_EVENT
12170,74373,74505,71933,846,-561, NO_EVENT
12171,74594,74564,11718,298,-124, NO_EVENT
12172,74871,74599,60074,782,277, NO_EVENT
12173,74507,74427,85598,791,-364, NO_EVENT
12174,74016,74407,61431,666,-491, NO_EVENT
12175,74544,74531,28440,522,-82, NO_EVENT
12176,74758,74489,43260,565,550, NO_EVENT
12177,74479,74572,144013,899,-279, NO_EVENT
12178,74643,74458,51313,567,164, NO_EVENT
12179,74105,74459,83619,779,-538, NO_EVENT
12180,74173,74517,51095,680,-533, NO_EVENT
12181,74652,74566,20938,390,224, NO_EVENT
12182,74710,74557,41502,623,58, NO_EVENT
12183,74637,74566,89753,975,-73, NO_EVENT
12184,73865,74409,83285,965,-772, NO_EVENT
12185,74362,74481,12698,314,-239, NO_EVENT
12186,74393,74481,8712,255,31, NO_EVENT
12187,74877,74427,34544,666,484, NO_EVENT
12188,74739,74565,55831,667,-138, NO_EVENT
12189,74524,74605,9479,250,-215, NO_EVENT
12190,74676,74663,11465,331,-12, NO_EVENT
12191,74609,74525,51605,636,-67, NO_EVENT
12192,74610,74548,10232,306,1, NO_EVENT
12193,74743,74344,61777,678,133, NO_EVENT
12194,74453,74541,20153,356,-290, NO_EVENT
12195,74565,74385,15601,387,54, NO_EVENT
12196,74771,74468,30634,661,206, NO_EVENT
12197,74296,74453,56835,738,-475, NO_EVENT
12198,74577,74463,103726,1001,281, NO_EVENT
12199,74298,74342,32139,543,-279, NO_EVENT
12200,74687,74438,29181,499,307, NO_EVENT
12201,74810,74515,36196,537,123, NO_EVENT
12202,74715,74360,87391,951,-95, NO_EVENT
12203,74887,74472,36891,659,172, NO_EVENT
12204,74314,74519,48416,617,-573, NO_EVENT
12205,74501,74541,28088,489,-190, NO_EVENT
12206,74689,74302,50386,765,188, NO_EVENT
12207,74794,74423,47874,706,105, NO_EVENT
12208,74529,74473,127131,1075,-265, NO_EVENT
12209,74168,74300,42175,567,-361, NO_EVENT
12210,74419,74511,12108,299,-88, NO_EVENT
12211,74712,74493,38571,574,293, NO_EVENT
12212,74634,74360,64096,725,-78, NO_EVENT
12213,74617,74429,114706,962,-17, NO_EVENT
12214,74382,74427,52619,690,-235, NO_EVENT
12215,74822,74387,46666,797,533, NO_EVENT
12216,74438,74439,106569,899,-384, NO_EVENT
12217,74760,74406,34642,579,322, NO_EVENT
12218,74371,74538,62593,716,-389, NO_EVENT
12219,74479,74436,9204,273,108, NO_EVENT
12220,74757,74640,33934,497,-47, NO_EVENT
12221,74647,74427,50600,657,-110, NO_EVENT
12222,74630,74444,106422,911,-17, NO_EVENT
12223,74854,74629,48712,709,224, NO_EVENT
12224,74268,74486,45129,605,-586, NO_EVENT
12225,74498,74579,27822,519,-306, NO_EVENT
12226,74851,74461,26061,639,353, NO_EVENT
12227,74909,74567,46066,665,58, NO_EVENT
12228,74404,74525,42470,619,-505, NO_EVENT
12229,74525,74667,13725,384,-110, NO_EVENT
12230,74498,74590,15085,369,-209, NO_EVENT
12231,74860,74698,89082,800,362, NO_EVENT
12232,75015,74544,43285,839,155, NO_EVENT
12233,74493,74640,58659,657,-522, NO_EVENT
12234,74481,74574,48885,686,-479, NO_EVENT
12235,74478,74583,56940,795,-3, NO_EVENT
12236,74758,74501,101509,833,280, NO_EVENT
12237,74626,74613,23913,485,-132, NO_EVENT
12238,74363,74500,7223,263,-263, NO_EVENT
12239,74426,74600,57115,696,-5, NO_EVENT
12240,74579,74679,56505,693,153, NO_EVENT
12241,74580,74580,36670,538,1, NO_EVENT
12242,74467,74671,103644,1021,-113, NO_EVENT
12243,74577,74530,17104,348,110, NO_EVENT
12244,74826,74601,21541,465,292, NO_EVENT
12245,75364,74519,99576,1135,538, NO_EVENT
12246,75114,74797,64943,958,-250, NO_EVENT
12247,74531,74685,31442,583,-583, NO_EVENT
12248,74612,74727,16930,317,-258, NO_EVENT
12249,74578,74671,41626,611,-34, NO_EVENT
12250,74747,74671,33411,588,169, NO_EVENT
12251,74584,74650,15929,372,-163, NO_EVENT
12252,74533,74791,37118,582,-51, NO_EVENT
12253,75291,74857,32842,604,349, NO_EVENT
12254,75251,74944,37832,596,-40, NO_EVENT
12255,75407,75202,101048,947,156, NO_EVENT
12256,75591,75567,211810,1259,184, NO_EVENT
12257,76827,76591,202495,1444,397, NO_EVENT
12258,78782,77293,310862,1982,1955, NO_EVENT
12259,80116,78862,264297,1770,1334, NO_EVENT
12260,81437,80621,277078,1616,1321, NO_EVENT
12261,83716,82050,266148,2089,2059, NO_EVENT
12262,159130,113804,154670114,75414,75414, TOUCHED
12263,158115,159955,870856,2598,-1015, TOUCHED
12264,138490,155704,40908249,20349,-19625, TOUCHED
12265,83429,90174,35154844,55061,-55061, UNTOUCHED
12266,81773,82440,291014,1656,-1656, NO_EVENT
12267,81134,81602,145181,1105,-947, NO_EVENT
12268,80875,81040,73643,749,-259, NO_EVENT
12269,80790,81006,141108,946,-85, NO_EVENT
12270,81874,81305,80565,918,458, NO_EVENT
12271,81804,81769,14196,359,-70, NO_EVENT
12272,81948,82036,32486,501,144, NO_EVENT
12273,85362,84062,874414,2346,2252, NO_EVENT
12274,131379,126121,94554559,47666,46017, TOUCHED
12275,132651,131794,190038,1272,1272, TOUCHED
12276,88943,119066,28960393,43708,-43708, UNTOUCHED
12277,83768,85477,1865702,5175,-5175, NO_EVENT
12278,82436,82991,137303,1332,-1332, NO_EVENT
12279,82401,82468,18038,329,-195, NO_EVENT
12280,82586,82390,36276,503,185, NO_EVENT
12281,82898,82896,24018,570,312, NO_EVENT
12282,83853,83566,275771,1491,955, NO_EVENT
12283,95568,86827,19287838,11427,10938, TOUCHED
12284,118919,115758,36784883,23351,23351, TOUCHED
12285,109939,116198,12085711,11049,-8980, TOUCHED
12286,85537,91566,69970827,24494,-24402, UNTOUCHED
12287,83235,84303,402191,2302,-2302, NO_EVENT
12288,81812,82353,163502,1423,-1423, NO_EVENT
12289,81853,81780,66595,749,41, NO_EVENT
12290,81670,81526,69349,751,-183, NO_EVENT
12291,81989,81888,60640,680,319, NO_EVENT
12292,81935,82036,42959,568,-54, NO_EVENT
12293,84552,83105,440433,2387,1928, NO_EVENT
12294,130976,94032,41327495,46424,46424, TOUCHED
12295,130093,131553,2579028,3767,-883, TOUCHED
12296,86041,104946,87032374,44052,-44052, UNTOUCHED
12297,84401,85507,314495,1721,-1640, NO_EVENT
12298,83113,84091,296484,1439,-1288, NO_EVENT
12299,82929,83074,57310,758,-184, NO_EVENT
12300,83352,83006,55488,858,324, NO_EVENT
12301,83543,83224,17791,516,191, NO_EVENT
12302,84439,83754,210382,1279,896, NO_EVENT
12303,143594,100402,85546708,59201,59155, TOUCHED
12304,131380,135591,19272710,12214,-12214, TOUCHED
12305,85614,104176,127207389,40382,-40382, UNTOUCHED
12306,83060,84434,578077,2554,-2554, NO_EVENT
12307,81933,82484,274709,1405,-1127, NO_EVENT
12308,81897,81895,55931,610,-302, NO_EVENT
12309,81552,81804,31840,503,-345, NO_EVENT
12310,82101,82048,90512,926,549, NO_EVENT
12311,84585,83114,376858,2127,2127, NO_EVENT
12312,136464,96962,100544765,51879,51879, TOUCHED
12313,117296,134208,67950991,25449,-19168, TOUCHED
12314,84843,88468,42602126,32453,-32453, UNTOUCHED
12315,82779,83774,434721,1909,-1909, NO_EVENT
12316,82070,82430,144544,1033,-907, NO_EVENT
12317,82283,82132,37796,531,213, NO_EVENT
12318,84390,83519,604627,2248,2107, NO_EVENT
12319,141503,127212,122484439,63966,57113, TOUCHED
12320,135581,140010,11046924,8205,-5922, TOUCHED
12321,84781,101001,143745344,42596,-42596, UNTOUCHED
12322,82309,83304,550689,2300,-2224, NO_EVENT
12323,82098,82018,25983,519,-211, NO_EVENT
12324,81507,81833,45158,591,-591, NO_EVENT
12325,83307,82438,307890,1800,1800, NO_EVENT
12326,145308,117744,47336431,60529,60529, TOUCHED
12327,125162,140249,45490818,20146,-20146, TOUCHED
12328,84047,89161,71493141,41115,-41115, UNTOUCHED
12329,81918,82895,562537,1844,-1840, NO_EVENT
12330,81978,81801,26463,481,60, NO_EVENT
12331,81489,81641,52388,579,-489, NO_EVENT
12332,81819,81761,35532,563,330, NO_EVENT
12333,114033,88598,123991605,31426,31426, TOUCHED
12334,145678,141665,146319066,34051,31645, TOUCHED
12335,87950,139493,152656494,63262,-57728, UNTOUCHED
12336,82599,84947,3056478,5351,-5351, NO_EVENT
12337,80174,81449,500619,2425,-2425, NO_EVENT
12338,79396,79925,337347,1865,-778, NO_EVENT
12339,77592,78280,401478,1957,-1804, NO_EVENT
12340,76985,77384,170372,1102,-607, NO_EVENT
12341,75712,76411,137674,1273,-1273, NO_EVENT
12342,75047,75643,192232,1284,-1284, NO_EVENT
12343,75342,75190,121050,1044,295, NO_EVENT
12344,75086,74712,115258,1194,-256, NO_EVENT
12345,74440,74575,103801,1026,-646, NO_EVENT
12346,74126,74631,97975,941,-742, NO_EVENT
12347,74411,74552,53883,659,-287, NO_EVENT
12348,75020,74442,89834,1021,609, NO_EVENT
12349,74463,74487,74097,852,-557, NO_EVENT
12350,74164,74418,29158,445,-299, NO_EVENT
12351,74480,74532,171026,1176,-517, NO_EVENT
12352,74918,74600,59870,639,438, NO_EVENT
12353,74801,74632,47750,705,-117, NO_EVENT
12354,74627,74473,167634,1144,-174, NO_EVENT
12355,74625,74641,23515,498,-2, NO_EVENT
12356,74364,74609,28373,415,-161, NO_EVENT
12357,75133,74775,41814,769,769, NO_EVENT
12358,74889,74956,28429,490,-244, NO_EVENT
12359,74962,75169,137459,1174,73, NO_EVENT
12360,76756,76394,232277,1372,601, NO_EVENT
12361,81342,78670,1399263,4586,4586, NO_EVENT
12362,159638,106374,85001787,78296,78296, TOUCHED
12363,160256,161088,1124516,2834,618, TOUCHED
12364,152789,159609,6591834,8382,-7467, TOUCHED
12365,83205,109427,127607420,69584,-69584, UNTOUCHED
12366,81105,81659,365777,1883,-1715, NO_EVENT
12367,80458,80713,85221,886,-647, NO_EVENT
12368,81858,80835,78065,1400,1400, NO_EVENT
12369,82182,81820,47915,561,324, NO_EVENT
12370,83019,82640,214550,1235,837, NO_EVENT
12371,85004,84302,253153,1985,1985, NO_EVENT
12372,126588,97215,163830625,41584,41584, TOUCHED
12373,155508,153916,65446971,30692,28920, TOUCHED
12374,156385,155593,469057,1649,877, TOUCHED
12375,135102,149806,57935272,21283,-21283, TOUCHED
12376,84802,90358,104129535,50300,-50300, UNTOUCHED
12377,83601,84205,291889,1393,-1393, NO_EVENT
12378,82327,82761,234000,1282,-1031, NO_EVENT
12379,82437,82253,14551,360,110, NO_EVENT
12380,82880,82634,163965,1056,443, NO_EVENT
12381,102234,87650,41209655,19354,19354, TOUCHED
12382,157687,146989,157449079,56592,55453, TOUCHED
12383,86814,121163,46661436,70873,-70873, UNTOUCHED
12384,84060,85514,730802,2754,-2754, NO_EVENT
12385,83204,83912,130483,1065,-856, NO_EVENT
12386,83053,83310,102906,777,-629, NO_EVENT
12387,83498,83158,14138,450,359, NO_EVENT
12388,83668,83628,32570,450,170, NO_EVENT
12389,84611,84277,130696,1160,943, NO_EVENT
12390,86543,85573,431577,1932,1932, NO_EVENT
12391,156996,126606,154346675,70453,70453, TOUCHED
12392,156770,157210,116414,871,-226, TOUCHED
12393,89810,129480,94856803,68128,-66960, UNTOUCHED
12394,84765,86596,1819483,5045,-5045, NO_EVENT
12395,83171,84328,398762,2035,-1594, NO_EVENT
12396,82274,82951,163468,1150,-1150, NO_EVENT
12397,82942,82742,25891,481,85, NO_EVENT
12398,84268,83410,273665,1606,1326, NO_EVENT
12399,157341,98297,163080818,73073,73073, TOUCHED
12400,153515,155184,1381822,3826,-3826, TOUCHED
12401,86928,121305,156360877,66587,-66587, UNTOUCHED
12402,82273,84500,2164803,4655,-4655, NO_EVENT
12403,80659,81565,313085,1614,-1614, NO_EVENT
12404,79665,80161,221981,1325,-1144, NO_EVENT
12405,79103,79264,100337,981,-562, NO_EVENT
12406,81360,80237,378336,1883,1640, NO_EVENT
12407,83774,82378,939645,2539,2414, NO_EVENT
12408,154834,146639,13217828,30093,26212, TOUCHED
12409,84257,114079,86714542,71200,-70577, UNTOUCHED
12410,81665,82731,587701,2592,-2592, NO_EVENT
12411,80617,81141,152849,1161,-1048, NO_EVENT
12412,80619,80547,119397,929,2, NO_EVENT
12413,79890,80309,108609,838,-729, NO_EVENT
12414,81592,80951,76312,999,888, NO_EVENT
12415,84927,82569,1084461,3335,3335, NO_EVENT
12416,156965,132012,44186647,72874,72038, TOUCHED
12417,154834,156046,610888,2131,-2131, TOUCHED
12418,85676,126096,148232672,69158,-69158, UNTOUCHED
12419,81814,83494,1436217,3862,-3862, NO_EVENT
12420,80732,81619,165088,1274,-1082, NO_EVENT
12421,81133,81139,79986,856,-468, NO_EVENT
12422,81814,81539,74788,699,681, NO_EVENT
12423,82480,82012,147493,996,666, NO_EVENT
12424,84579,84027,633471,2045,1687, NO_EVENT
12425,155288,118381,75246659,69335,69335, TOUCHED
12426,156839,156774,1162481,2776,1551, TOUCHED
12427,87890,128534,154759245,68949,-68949, UNTOUCHED
12428,84629,85881,1446625,3418,-3261, NO_EVENT
12429,82606,83576,474584,2023,-2023, NO_EVENT
12430,82084,82510,127049,863,-522, NO_EVENT
12431,82644,82409,35143,496,-24, NO_EVENT
12432,84517,83161,332832,2086,1873, NO_EVENT
12433,105030,89954,72232573,20847,20513, TOUCHED
12434,157782,151434,121873942,52918,52752, TOUCHED
12435,87599,128871,89521557,70183,-70183, UNTOUCHED
12436,84036,85588,777376,3563,-3563, NO_EVENT
12437,81996,83006,589752,2045,-2040, NO_EVENT
12438,81910,81913,81545,857,-491, NO_EVENT
12439,82227,81860,98222,872,317, NO_EVENT
12440,83996,82802,700000,2226,1769, NO_EVENT
12441,155972,123802,15021440,71976,71976, TOUCHED
12442,93309,125627,132799911,62663,-62663, TOUCHED
12443,84119,85746,1761936,3956,-3956, UNTOUCHED
12444,81903,82487,464652,2062,-1972, NO_EVENT
12445,81035,81505,85462,868,-868, NO_EVENT
12446,81060,81141,81328,924,25, NO_EVENT
12447,82258,81543,53427,971,767, NO_EVENT
12448,82310,82193,64635,756,52, NO_EVENT
12449,84480,83757,613276,2409,2170, NO_EVENT
12450,155777,114380,11800883,71297,71297, TOUCHED
12451,100478,142211,29149255,55299,-55299, TOUCHED
12452,84690,87085,9431203,15788,-15788, UNTOUCHED
12453,82952,83856,532640,2003,-2003, NO_EVENT
12454,82133,82362,105221,977,-949, NO_EVENT
12455,81765,82069,30301,523,-368, NO_EVENT
12456,81995,82067,54692,590,230, NO_EVENT
12457,83443,82546,89165,1266,805, NO_EVENT
12458,85459,84080,306294,2016,2016, NO_EVENT
12459,154740,99457,150674767,69281,69281, TOUCHED
12460,136439,154258,13523407,19259,-18301, TOUCHED
12461,86589,96643,137790504,50156,-49850, UNTOUCHED
12462,84003,85047,799507,2586,-2586, NO_EVENT
12463,82580,83467,284573,1435,-1423, NO_EVENT
12464,82176,82573,56840,641,-404, NO_EVENT
12465,82813,82542,73237,790,637, NO_EVENT
12466,86419,84385,292727,2651,2651, NO_EVENT
12467,152454,113936,71126975,66155,66035, TOUCHED
12468,89834,133026,80589733,62750,-62620, UNTOUCHED
12469,85706,86974,1687363,4128,-4128, NO_EVENT
12470,83546,84672,374081,2160,-2160, NO_EVENT
12471,82154,83262,408191,1937,-1392, NO_EVENT
12472,82041,82078,106789,912,-602, NO_EVENT
12473,82065,81901,19921,351,24, NO_EVENT
12474,81812,81883,39798,576,-253, NO_EVENT
12475,82748,82413,144378,1146,936, NO_EVENT
12476,142356,102454,113362922,58777,58777, TOUCHED
12477,149640,148438,4516028,7796,7284, TOUCHED
12478,86108,113855,38270378,63532,-63532, UNTOUCHED
12479,82228,84295,1587731,3880,-3880, NO_EVENT
12480,81264,81692,146671,1110,-964, NO_EVENT
12481,80850,80586,38100,643,198, NO_EVENT
12482,80412,80376,52824,825,-438, NO_EVENT
12483,80542,80345,63092,726,130, NO_EVENT
12484,82263,81405,77825,1163,957, NO_EVENT
12485,85869,83542,1533612,3697,3606, NO_EVENT
12486,154040,135177,131888703,68171,68171, TOUCHED
12487,152010,154547,672295,3475,-2030, TOUCHED
12488,128371,148466,36863304,23639,-23639, TOUCHED
12489,86100,99324,68493726,42271,-42271, UNTOUCHED
12490,84573,85136,289716,1595,-1527, NO_EVENT
12491,84394,84323,302844,1508,-179, NO_EVENT
12492,85286,84787,130771,892,892, NO_EVENT
12493,150534,100582,71589127,65248,65248, TOUCHED
12494,154358,153509,2609975,4449,3824, TOUCHED
12495,151985,153268,480233,2373,-2373, TOUCHED
12496,139027,150901,14384950,14491,-12958, TOUCHED
12497,86055,98030,168525168,52972,-52972, UNTOUCHED
12498,84971,85537,217109,1301,-1084, NO_EVENT
12499,84358,84551,90595,734,-613, NO_EVENT
12500,83430,83795,186817,1162,-928, NO_EVENT
12501,84141,84073,102006,1010,711, NO_EVENT
12502,85312,84971,160777,1456,1171, NO_EVENT
12503,155800,106818,159601734,69301,69301, TOUCHED
12504,153218,153188,1653564,3937,-2582, TOUCHED
12505,88869,124301,156838976,64349,-64349, UNTOUCHED
12506,85581,86828,988939,3288,-3288, NO_EVENT
12507,83148,84425,520976,2433,-2433, NO_EVENT
12508,82608,82687,247070,1510,-762, NO_EVENT
12509,82409,82201,92574,801,-199, NO_EVENT
12510,82189,82272,90724,787,-220, NO_EVENT
12511,83482,83180,119151,1325,1293, NO_EVENT
12512,136249,103556,90312338,51635,51601, TOUCHED
12513,111562,137331,63676676,35038,-24687, TOUCHED
12514,84938,91353,86822315,26646,-26624, UNTOUCHED
12515,82735,83549,728486,2483,-2203, NO_EVENT
12516,81780,82124,124058,1048,-955, NO_EVENT
12517,81248,81641,94861,715,-532, NO_EVENT
12518,81687,81482,47953,524,-18, NO_EVENT
12519,81688,81729,21182,446,1, NO_EVENT
12520,81699,81743,111459,1022,11, NO_EVENT
12521,84790,83130,584915,2507,2507, NO_EVENT
12522,149101,116066,143029611,64311,64311, TOUCHED
12523,142219,147536,5887206,7055,-6882, TOUCHED
12524,86074,104749,53993376,56163,-56145, UNTOUCHED
12525,84487,85481,310424,1587,-1587, NO_EVENT
12526,84197,84484,27518,567,-290, NO_EVENT
12527,83121,83674,117806,1076,-1076, NO_EVENT
12528,84299,84096,136528,1388,1178, NO_EVENT
12529,102728,88179,40711971,17899,17836, TOUCHED
12530,152418,141353,118429888,49690,49690, TOUCHED
12531,147860,150733,1884342,4558,-4558, TOUCHED
12532,120916,135363,101038242,26944,-26944, TOUCHED
12533,86373,102438,57242169,36908,-34543, UNTOUCHED
12534,83554,85065,708472,2819,-2819, NO_EVENT
12535,81842,82749,354989,1712,-1712, NO_EVENT
12536,81707,81496,48315,551,-67, NO_EVENT
12537,81340,81136,131707,1101,-367, NO_EVENT
12538,81705,81458,67447,675,365, NO_EVENT
12539,85472,82860,791583,3487,3358, NO_EVENT
12540,148748,124407,143706785,63276,63276, TOUCHED
12541,151876,150465,1657751,3140,3128, TOUCHED
12542,149936,151178,307785,1940,-1940, TOUCHED
12543,117775,142942,93847981,32161,-32161, TOUCHED
12544,83675,88368,76488994,34100,-34100, UNTOUCHED
12545,81840,82798,449905,1976,-1835, NO_EVENT
12546,82531,82117,28714,611,240, NO_EVENT
12547,82512,82485,99213,830,-19, NO_EVENT
12548,83416,83502,220535,1661,904, NO_EVENT
12549,85335,84763,351295,2100,1919, NO_EVENT
12550,150400,101112,99209346,65065,65065, TOUCHED
12551,153039,152424,794588,2639,2639, TOUCHED
12552,136278,148240,36431085,16761,-16761, TOUCHED
12553,85773,91331,103389680,50505,-50505, UNTOUCHED
12554,83222,84475,548502,2551,-2551, NO_EVENT
12555,82628,83239,284602,1512,-1416, NO_EVENT
12556,82146,82417,91099,791,-482, NO_EVENT
12557,82421,82480,63443,783,275, NO_EVENT
12558,85267,84327,441722,2846,2846, NO_EVENT
12559,154082,127963,78233735,68815,68815, TOUCHED
12560,154362,152167,2262482,3827,280, TOUCHED
12561,149828,153023,3672921,4923,-4534, TOUCHED
12562,87167,117721,117836317,62661,-62661, UNTOUCHED
12563,83445,84693,942581,2749,-2749, NO_EVENT
12564,82040,82389,268471,1661,-1405, NO_EVENT
12565,81481,81756,43278,559,-559, NO_EVENT
12566,81680,81462,170762,1148,199, NO_EVENT
12567,82240,81826,121038,977,560, NO_EVENT
12568,136692,96996,11687427,54452,54452, TOUCHED
12569,148413,142817,56291729,16354,11721, TOUCHED
12570,151243,150455,1352392,3167,2830, TOUCHED
12571,150016,149900,539756,2156,-1227, TOUCHED
12572,87124,112711,91695567,62892,-62892, UNTOUCHED
12573,82924,84698,1287894,3523,-3523, NO_EVENT
12574,81320,82092,232440,1604,-1604, NO_EVENT
12575,80957,81349,67259,767,-363, NO_EVENT
12576,81771,81346,45742,710,166, NO_EVENT
12577,81862,81882,49073,533,91, NO_EVENT
12578,112332,91174,143653532,30470,30470, TOUCHED
12579,143459,131454,71596834,39774,34565, TOUCHED
12580,140249,143088,2935872,4899,-3210, TOUCHED
12581,84548,109367,152545186,55701,-55701, UNTOUCHED
12582,81714,82909,694882,2699,-2699, NO_EVENT
12583,80585,81301,75107,1129,-1129, NO_EVENT
12584,79979,80331,43104,606,-606, NO_EVENT
12585,81080,80775,55529,725,98, NO_EVENT
12586,82599,81842,227620,1519,1519, NO_EVENT
12587,151831,120568,32124466,69232,69232, TOUCHED
12588,152612,153502,641417,2520,781, TOUCHED
12589,136921,146921,39374708,15962,-15691, TOUCHED
12590,85292,93058,111622771,26377,-26377, UNTOUCHED
12591,82352,83886,584464,2502,-2502, NO_EVENT
12592,81713,82080,42568,639,-639, NO_EVENT
12593,81444,81709,93065,794,-269, NO_EVENT
12594,81887,81794,80138,854,443, NO_EVENT
12595,85523,83276,652695,3333,3333, NO_EVENT
12596,149970,123984,131622187,64447,64447, TOUCHED
12597,153980,152019,2424363,4010,4010, TOUCHED
12598,135872,152594,24985419,19107,-18108, TOUCHED
12599,85097,96024,140950970,50775,-50775, UNTOUCHED
12600,82742,83847,551050,2355,-2355, NO_EVENT
12601,81802,82405,133374,1030,-940, NO_EVENT
12602,81868,82118,73756,666,66, NO_EVENT
12603,82576,82103,72548,909,201, NO_EVENT
12604,82857,82511,164398,1087,281, NO_EVENT
12605,85666,84406,620706,2809,2809, NO_EVENT
12606,153438,132196,54594222,67772,67772, TOUCHED
12607,151733,152793,288260,1705,-1705, TOUCHED
12608,142766,148024,10401743,8967,-8967, TOUCHED
12609,85120,111122,41382348,57646,-57646, UNTOUCHED
12610,83391,84015,489340,1895,-1729, NO_EVENT
12611,82021,82517,190368,1370,-1370, NO_EVENT
12612,82118,82284,29983,543,97, NO_EVENT
12613,83450,83119,95580,899,316, NO_EVENT
12614,126133,98233,23030012,41775,41536, TOUCHED
12615,144629,147459,6213980,6056,-2790, TOUCHED
12616,135609,148510,10756111,15043,-15043, TOUCHED
12617,86095,103794,49492341,49514,-49514, UNTOUCHED
12618,83134,84385,823052,2589,-2589, NO_EVENT
12619,82119,82267,126694,1069,-645, NO_EVENT
12620,81796,81861,39019,531,-323, NO_EVENT
12621,81570,81513,16893,429,-226, NO_EVENT
12622,81875,81605,48582,643,192, NO_EVENT
12623,82523,81940,144049,1102,648, NO_EVENT
12624,140860,96853,149057629,58337,58337, TOUCHED
12625,152668,147602,11311104,11808,11808, TOUCHED
12626,148722,150699,1425984,3946,-3946, TOUCHED
12627,139498,143868,10471000,9224,-9224, TOUCHED
12628,84277,94796,78304069,55221,-55221, UNTOUCHED
12629,82642,83582,569075,2241,-1635, NO_EVENT
12630,82152,82449,146949,1052,-933, NO_EVENT
12631,82031,82154,57776,758,-121, NO_EVENT
12632,82392,82351,110368,950,361, NO_EVENT
12633,137171,92412,4655707,54779,54779, TOUCHED
12634,145323,140656,7491670,8152,8152, TOUCHED
12635,146840,143718,2043552,4353,1517, TOUCHED
12636,137263,143216,8993595,9577,-9577, TOUCHED
12637,124560,127270,40620387,17663,-12703, TOUCHED
12638,86342,109569,168503391,33715,-33170, UNTOUCHED
12639,83840,85117,540874,2502,-2502, NO_EVENT
12640,83377,83451,85914,903,-463, NO_EVENT
12641,84991,84505,210559,1722,1614, NO_EVENT
12642,148439,119312,109527725,66744,62305, TOUCHED
12643,151397,150190,1205029,2958,2958, TOUCHED
12644,153247,152687,785222,1951,1850, TOUCHED
12645,94657,138781,84947075,58354,-58354, TOUCHED
12646,85023,86901,4039306,9634,-9634, UNTOUCHED
12647,84126,84611,166543,1167,-897, NO_EVENT
12648,84859,84644,45287,569,-58, NO_EVENT
12649,87874,86161,983175,2734,2627, NO_EVENT
12650,147977,128651,96418498,60103,60103, TOUCHED
12651,150061,148975,861868,2230,2230, TOUCHED
12652,149634,149575,18094,312,-61, TOUCHED
12653,99726,127055,6530243,49908,-49908, TOUCHED
12654,85706,88042,4626768,5912,-5912, UNTOUCHED
12655,84361,84969,374016,1664,-1664, NO_EVENT
12656,83298,83872,155483,1338,-796, NO_EVENT
12657,82484,82885,115653,865,-814, NO_EVENT
12658,82569,82665,34613,502,85, NO_EVENT
12659,83958,83765,274551,2092,1389, NO_EVENT
12660,147020,100570,166108118,61748,61748, TOUCHED
12661,143075,149690,16218164,9961,-3945, TOUCHED
12662,86864,97856,154377498,32231,-32231, UNTOUCHED
12663,84357,85687,705963,2606,-2507, NO_EVENT
12664,83119,84023,392791,1943,-1238, NO_EVENT
12665,82819,82847,129138,1039,-235, NO_EVENT
12666,82201,82483,104528,869,-618, NO_EVENT
12667,83158,82718,126314,957,957, NO_EVENT
12668,95819,86143,18029260,12661,12661, TOUCHED
12669,153207,140712,161067561,57388,57388, TOUCHED
12670,147864,151117,2445075,5343,-5343, TOUCHED
12671,86459,123732,140605010,61405,-61405, UNTOUCHED
12672,82492,84546,1213109,3967,-3967, NO_EVENT
12673,81613,82074,161135,1231,-879, NO_EVENT
12674,80747,81342,138248,1122,-1122, NO_EVENT
12675,81245,81078,40663,574,498, NO_EVENT
12676,81432,81346,6377,202,187, NO_EVENT
12677,84975,82393,412557,3154,2929, NO_EVENT
12678,151608,130503,156678852,70888,66633, TOUCHED
12679,154845,154064,2924643,3946,3237, TOUCHED
12680,156701,156085,178803,1064,645, TOUCHED
12681,86167,124681,104243633,70534,-70534, UNTOUCHED
12682,82625,83714,1197225,2950,-2809, NO_EVENT
12683,81998,82141,63942,865,-627, NO_EVENT
12684,81821,82141,51704,626,-177, NO_EVENT
12685,84134,82508,139829,1959,1707, NO_EVENT
12686,86470,84509,459409,2624,2336, NO_EVENT
12687,149836,123714,1508696,65942,63366, TOUCHED
12688,151984,152436,2442346,4032,2148, TOUCHED
12689,124905,147511,70339964,27079,-27079, TOUCHED
12690,85309,91872,112851577,39596,-39596, UNTOUCHED
12691,84233,84928,114151,1076,-1076, NO_EVENT
12692,83632,84056,81360,940,-601, NO_EVENT
12693,83909,83963,45055,694,-74, NO_EVENT
12694,84562,84042,146753,970,447, NO_EVENT
12695,86649,85082,260941,2118,2087, NO_EVENT
12696,156735,110258,4419356,70378,70086, TOUCHED
12697,142112,150392,30093065,14623,-14623, TOUCHED
12698,86437,97165,162845667,31946,-31946, UNTOUCHED
12699,84102,84932,366381,1737,-1737, NO_EVENT
12700,83061,83237,287315,1374,-1031, NO_EVENT
12701,81523,82229,226532,1538,-1538, NO_EVENT
12702,81634,81831,49599,679,111, NO_EVENT
12703,82265,81871,30091,631,631, NO_EVENT
12704,82838,82373,73093,774,573, NO_EVENT
12705,85335,84042,743028,2497,2497, NO_EVENT
12706,125082,99435,47550142,39747,39747, TOUCHED
12707,86134,91530,83931295,38948,-38948, UNTOUCHED
12708,84587,85638,312888,1675,-1547, NO_EVENT
12709,83980,84562,128932,1097,-607, NO_EVENT
12710,84772,84132,80821,964,728, NO_EVENT
12711,86161,84853,198784,1670,1389, NO_EVENT
12712,139957,112677,42089893,53796,53796, TOUCHED
12713,88070,107863,96325919,30060,-28017, UNTOUCHED
12714,84630,86129,968276,3440,-3440, NO_EVENT
12715,83601,84411,145546,1298,-1029, NO_EVENT
12716,82639,83513,177277,1251,-962, NO_EVENT
12717,82775,82879,65939,737,136, NO_EVENT
12718,84174,83171,98127,1386,1118, NO_EVENT
12719,86338,84769,340553,2164,2164, NO_EVENT
12720,147328,124569,137295811,63990,60990, TOUCHED
12721,144120,143901,5349379,6399,-3208, TOUCHED
12722,88199,122975,149079045,55921,-55921, UNTOUCHED
12723,84751,86084,780274,3448,-3448, NO_EVENT
12724,83861,84461,160993,1248,-890, NO_EVENT
12725,83618,83726,132073,881,-466, NO_EVENT
12726,84326,83869,65737,936,248, NO_EVENT
12727,84941,84510,157370,1130,615, NO_EVENT
12728,148595,101211,67471650,63654,63654, TOUCHED
12729,146221,147221,15035357,9448,-2374, TOUCHED
12730,122626,139410,60465811,23595,-23595, TOUCHED
12731,87775,104875,14751530,34851,-34851, UNTOUCHED
12732,85954,86550,343031,1821,-1821, NO_EVENT
12733,84596,84994,274456,1553,-1358, NO_EVENT
12734,83293,84097,178174,1317,-1303, NO_EVENT
12735,83452,83578,128886,1042,159, NO_EVENT
12736,84055,83795,123201,862,603, NO_EVENT
12737,107064,88793,63850287,22236,22195, TOUCHED
12738,155265,144662,10722969,48201,48201, TOUCHED
12739,155720,155648,322003,1237,455, TOUCHED
12740,92423,137082,69317711,63297,-63297, TOUCHED
12741,85074,86047,1074304,3253,-2674, UNTOUCHED
12742,83754,84374,195193,1320,-1320, NO_EVENT
12743,82870,83494,82110,972,-884, NO_EVENT
12744,84464,83878,220591,1594,1594, NO_EVENT
12745,144452,107008,84794333,59988,59988, TOUCHED
12746,153942,151929,17740612,10191,9490, TOUCHED
12747,93414,125024,158346990,60528,-60528, TOUCHED
12748,86187,88987,5798843,7227,-7227, UNTOUCHED
12749,83448,84734,655909,2739,-2739, NO_EVENT
12750,82103,82865,177642,1345,-1345, NO_EVENT
12751,82055,82335,78016,676,-48, NO_EVENT
12752,83640,82851,53149,1034,1034, NO_EVENT
12753,135939,94988,108826174,52380,52299, TOUCHED
12754,147486,147175,41026216,15697,11547, TOUCHED
12755,144355,138638,39550842,16444,-3131, TOUCHED
12756,149090,143577,10552731,9209,4735, TOUCHED
12757,156964,154717,6255343,7874,7874, TOUCHED
12758,147059,156465,8333323,11236,-9905, TOUCHED
12759,83360,104539,156455924,63989,-63699, UNTOUCHED
12760,81718,82421,248417,1642,-1642, NO_EVENT
12761,81619,81956,63370,715,-99, NO_EVENT
12762,81771,81862,42267,541,152, NO_EVENT
12763,83905,82750,287909,1768,1576, NO_EVENT
12764,138094,93926,28613260,54189,54189, TOUCHED
12765,132932,142679,88293566,23182,-5162, TOUCHED
12766,85808,97336,51493659,47124,-47124, UNTOUCHED
12767,83392,84883,646381,2416,-2416, NO_EVENT
12768,81816,82855,525516,2171,-1576, NO_EVENT
12769,82043,82305,177879,1263,-925, NO_EVENT
12770,82186,82234,65948,797,143, NO_EVENT
12771,82819,82511,49934,640,633, NO_EVENT
12772,156867,103396,68686827,74048,74048, TOUCHED
12773,155424,156813,2637305,3653,-1443, TOUCHED
12774,155152,155668,1514907,2858,-272, TOUCHED
12775,148342,154605,3811624,7531,-6810, TOUCHED
12776,85509,105816,72317585,62833,-62833, UNTOUCHED
12777,82610,84014,951547,2946,-2946, NO_EVENT
12778,81594,82338,125344,1150,-1016, NO_EVENT
12779,81862,82074,77692,852,268, NO_EVENT
12780,82477,82452,44549,796,615, NO_EVENT
12781,85823,84088,401252,2437,2437, NO_EVENT
12782,150322,119702,133797886,64499,64499, TOUCHED
12783,144411,151853,11840491,11244,-5911, TOUCHED
12784,153498,153190,24893373,11975,9087, TOUCHED
12785,85963,123708,79725057,67535,-67535, UNTOUCHED
12786,83616,84880,479381,2347,-2347, NO_EVENT
12787,82722,83268,182127,1187,-894, NO_EVENT
12788,83332,83372,121557,1069,610, NO_EVENT
12789,86583,84749,371488,2583,2388, NO_EVENT
12790,150031,105326,91508143,63604,63448, TOUCHED
12791,159438,157484,5335056,9407,9407, TOUCHED
12792,92029,143042,41882484,67409,-67409, TOUCHED
12793,86011,88204,4321328,6018,-6018, UNTOUCHED
12794,84256,85233,342760,1755,-1755, NO_EVENT
12795,83309,83772,168762,1032,-947, NO_EVENT
12796,83272,83454,53497,616,-37, NO_EVENT
12797,84616,84296,218918,1495,1344, NO_EVENT
12798,127239,89756,122463041,41493,41493, TOUCHED
12799,155551,147844,134212738,28312,28312, TOUCHED
12800,134674,151368,30212985,20877,-20877, TOUCHED
12801,86429,102292,169241947,48245,-48245, UNTOUCHED
12802,84948,85542,521261,2089,-1488, NO_EVENT
12803,84107,84382,173236,1119,-841, NO_EVENT
12804,85196,84561,159526,1229,1089, NO_EVENT
12805,96819,88995,24009481,11623,11623, TOUCHED
12806,157875,150718,87868421,61056,61056, TOUCHED
12807,154408,155452,7861751,6219,-3467, TOUCHED
12808,151698,153722,595736,2710,-2710, TOUCHED
12809,156094,153429,1222336,4396,4396, TOUCHED
12810,107288,144662,120919422,48806,-48806, TOUCHED
12811,86299,88801,16614859,20989,-20989, UNTOUCHED
12812,85966,86105,13985,333,-333, NO_EVENT
12813,85989,86050,36628,592,-115, NO_EVENT
12814,91165,87661,3258001,4936,4936, TOUCHED
12815,157302,142739,3212589,66137,66137, TOUCHED
12816,155181,157150,492141,2610,-2121, TOUCHED
12817,150343,154159,2038283,4992,-4838, TOUCHED
12818,86476,106231,85701264,63867,-63867, UNTOUCHED
12819,84001,84832,573773,2004,-2004, NO_EVENT
12820,82386,83232,299897,1851,-1851, NO_EVENT
12821,82237,82665,72806,863,-149, NO_EVENT
12822,82270,82374,23744,400,33, NO_EVENT
12823,82640,82328,42028,561,370, NO_EVENT
12824,82901,82809,61155,685,261, NO_EVENT
12825,85003,83966,472991,2102,2102, NO_EVENT
12826,155570,114151,166165898,70567,70567, TOUCHED
12827,153645,153552,5793,187,187, TOUCHED
12828,152812,152313,2228516,3394,-833, TOUCHED
12829,91013,129857,136759062,64778,-61799, TOUCHED
12830,86127,87487,1871830,4886,-4886, UNTOUCHED
12831,85450,85829,182051,1041,-677, NO_EVENT
12832,86626,86047,117848,1176,1176, NO_EVENT
12833,154313,116009,108760838,66701,66701, TOUCHED
12834,150489,152349,2961593,4021,-3824, TOUCHED
12835,152041,150565,194191,1945,1552, TOUCHED
12836,151777,151846,18113,310,-264, TOUCHED
12837,153445,152936,129521,849,849, TOUCHED
12838,100351,146346,22348084,53094,-53094, TOUCHED
12839,93945,95982,4405042,6406,-6406, TOUCHED
12840,112325,106580,36489051,15156,15156, TOUCHED
12841,126400,122160,8749178,14075,14075, TOUCHED
12842,144980,129734,62003287,21629,18580, TOUCHED
12843,151060,151706,6806371,8163,6080, TOUCHED
12844,151722,151198,5071572,5443,662, TOUCHED
12845,153903,152641,599948,2181,2181, TOUCHED
12846,152098,153879,394317,2371,-1805, TOUCHED
12847,101184,134099,98383328,51252,-50914, TOUCHED
12848,88798,91751,5350059,6847,-6847, UNTOUCHED
12849,85805,87328,993832,2889,-2889, NO_EVENT
12850,85336,85842,96466,835,-835, NO_EVENT
12851,85003,85090,63364,682,-536, NO_EVENT
12852,85462,85090,46397,630,422, NO_EVENT
12853,85751,85501,70190,643,289, NO_EVENT
12854,85502,85769,19864,480,-249, NO_EVENT
12855,85868,85943,126833,1015,366, NO_EVENT
12856,99463,89793,29756719,13595,13595, TOUCHED
12857,85688,99277,57799556,38627,-38627, UNTOUCHED
12858,84235,85528,522097,2315,-1453, NO_EVENT
12859,83400,84108,281683,1616,-835, NO_EVENT
12860,84904,83925,144706,1421,858, NO_EVENT
12861,91256,86848,6370769,6383,6352, TOUCHED
12862,134125,138218,50208046,57205,42869, TOUCHED
12863,101722,122074,153191202,33691,-32403, TOUCHED
12864,85856,88002,3912712,5378,-5378, UNTOUCHED
12865,84026,84967,753450,2329,-2329, NO_EVENT
12866,82823,83421,159022,1193,-1193, NO_EVENT
12867,81826,82486,66320,997,-997, NO_EVENT
12868,81838,81878,62960,751,12, NO_EVENT
12869,82308,81984,62901,675,470, NO_EVENT
12870,82475,82330,65261,734,167, NO_EVENT
12871,83996,83257,436892,1783,1521, NO_EVENT
12872,140066,103257,93692142,56070,56070, TOUCHED
12873,124472,127947,38924758,18148,-15594, TOUCHED
12874,85969,99275,171729422,33117,-33117, UNTOUCHED
12875,83722,85072,731756,2369,-2247, NO_EVENT
12876,82093,82608,348608,1756,-1593, NO_EVENT
12877,81410,81710,58240,683,-683, NO_EVENT
12878,80886,81313,78840,775,-524, NO_EVENT
12879,81946,81488,44810,723,463, NO_EVENT
12880,82047,81926,54074,712,101, NO_EVENT
12881,85350,83689,1362526,3303,3303, NO_EVENT
12882,146514,132021,53598993,63608,61164, TOUCHED
12883,129165,138076,45469102,17349,-17349, TOUCHED
12884,85918,99848,31177687,43247,-43247, UNTOUCHED
12885,83375,84661,526650,2543,-2543, NO_EVENT
12886,82739,83160,108884,982,-636, NO_EVENT
12887,82719,82772,68326,775,-140, NO_EVENT
12888,83838,83249,149118,1119,1119, NO_EVENT
12889,85906,84989,373952,2068,2068, NO_EVENT
12890,136026,112143,100821921,50120,50120, TOUCHED
12891,141306,142756,333159,2159,-2159, TOUCHED
12892,121288,133368,45353230,20018,-20018, TOUCHED
12893,85739,95775,14445456,35549,-35549, UNTOUCHED
12894,83968,85277,454267,2319,-1771, NO_EVENT
12895,83576,84120,172946,1288,-392, NO_EVENT
12896,83213,83270,52649,700,-415, NO_EVENT
12897,83618,83586,94705,823,1, NO_EVENT
12898,85549,84591,283273,1931,1931, NO_EVENT
12899,147431,98295,27709557,61882,61882, TOUCHED
12900,145952,145123,1859266,3692,-1479, TOUCHED
12901,141658,117219,13148907,90187,-4294, TOUCHED
12902,134837,139361,3954383,6821,-6821, TOUCHED
12903,88695,120122,31562996,46142,-46142, UNTOUCHED
12904,86248,86852,876890,2556,-2447, NO_EVENT
12905,84754,85544,185519,1494,-1494, NO_EVENT
12906,84731,84960,56786,598,-23, NO_EVENT
12907,85488,85337,98605,1021,757, NO_EVENT
12908,87425,86632,236968,1937,1937, NO_EVENT
12909,147945,132947,28416962,60520,60520, TOUCHED
12910,146356,147893,995724,2694,-1589, TOUCHED
12911,144609,146331,1073873,2756,-1747, TOUCHED
12912,90995,130154,128020576,53614,-53614, TOUCHED
12913,84996,86497,2367580,5999,-5999, UNTOUCHED
12914,83876,84620,172559,1381,-1120, NO_EVENT
12915,84132,84137,78445,804,256, NO_EVENT
12916,90308,86025,4788107,5949,5949, NO_EVENT
12917,144694,129598,21061644,54386,54386, TOUCHED
12918,150869,150556,2700900,7365,6175, TOUCHED
12919,148283,150794,4101794,5170,-2586, TOUCHED
12920,86854,114516,84316707,61429,-61429, UNTOUCHED
12921,85082,86186,405241,1772,-1772, NO_EVENT
12922,85061,85071,60153,669,-21, NO_EVENT
12923,85492,85268,123644,959,431, NO_EVENT
12924,104002,90905,66738027,18510,18510, TOUCHED
12925,153067,146557,97088572,49065,49065, TOUCHED
12926,149304,149164,966867,4812,-3763, TOUCHED
12927,151509,148967,3068857,4485,2205, TOUCHED
12928,150887,150100,2976695,3900,-622, TOUCHED
12929,155283,153654,2696480,4396,4396, TOUCHED
12930,154492,155515,704695,2102,-791, TOUCHED
12931,137398,148348,34906886,17094,-17094, TOUCHED
12932,83106,105624,129678470,54292,-54292, UNTOUCHED
12933,82747,82947,40444,510,-359, NO_EVENT
12934,83329,83148,104018,864,582, NO_EVENT
12935,84543,84201,72362,1214,1214, NO_EVENT
12936,134013,114469,54303082,48386,48386, TOUCHED
12937,133621,133531,335503,1329,-392, TOUCHED
12938,121885,128965,15605086,11736,-11736, TOUCHED
12939,121331,120777,6863518,6719,-554, TOUCHED
12940,111159,115500,6868315,7552,-7552, TOUCHED
12941,107000,98411,75668696,22452,-4159, TOUCHED
12942,147709,143884,21894792,10608,10608, TOUCHED
12943,126406,140291,29826222,17854,-17854, TOUCHED
12944,87395,105955,14449743,39011,-39011, UNTOUCHED
12945,83991,85178,1019019,2713,-2713, NO_EVENT
12946,82478,83015,136459,1092,-1092, NO_EVENT
12947,82226,82235,82667,822,-252, NO_EVENT
12948,82345,82335,83731,808,119, NO_EVENT
12949,84234,83385,265058,1889,1889, NO_EVENT
12950,143428,119179,69975480,59765,57531, TOUCHED
12951,125995,138967,36801824,17433,-17433, TOUCHED
12952,86206,105796,41379069,39789,-39789, UNTOUCHED
12953,84023,85455,517423,2228,-2183, NO_EVENT
12954,83206,83593,67541,817,-817, NO_EVENT
12955,82491,82883,76342,765,-715, NO_EVENT
12956,82841,82823,104706,903,350, NO_EVENT
12957,84699,83705,201717,1543,1208, NO_EVENT
12958,129981,100447,68685239,45282,45282, TOUCHED
12959,134272,138027,18476062,9909,-9892, TOUCHED
12960,120960,127812,20030836,13312,-13312, TOUCHED
12961,86380,96178,124790260,28725,-28725, UNTOUCHED
12962,83593,85179,1037038,3032,-2787, NO_EVENT
12963,81945,82742,326147,1630,-1612, NO_EVENT
12964,81709,81969,26812,480,-236, NO_EVENT
12965,81832,81853,60514,679,123, NO_EVENT
12966,82435,82504,60258,1019,603, NO_EVENT
12967,112963,89224,107872007,29160,29160, TOUCHED
12968,135590,133433,88158597,28334,22627, TOUCHED
12969,128975,133391,7818105,7726,-6615, TOUCHED
12970,108586,121270,55897143,20389,-20389, TOUCHED
12971,84774,87419,5513724,7022,-7022, UNTOUCHED
12972,82886,83808,272528,1888,-1888, NO_EVENT
12973,82967,82998,28985,491,81, NO_EVENT
12974,83168,82987,118926,1048,201, NO_EVENT
12975,85148,84261,389615,1980,1980, NO_EVENT
12976,111714,94465,140112549,25846,25846, TOUCHED
12977,115274,126307,76223320,22732,-22732, TOUCHED
12978,86721,90347,21247685,11632,-11632, UNTOUCHED
12979,84996,85964,307767,1775,-1725, NO_EVENT
12980,84323,84703,187067,1166,-963, NO_EVENT
12981,84006,84016,41470,562,-183, NO_EVENT
12982,83084,83689,97812,967,-922, NO_EVENT
12983,83694,83859,129624,1060,610, NO_EVENT
12984,84597,84315,98039,1119,903, NO_EVENT
12985,85720,85362,208765,1430,1123, NO_EVENT
12986,135722,108641,131996345,50002,50002, TOUCHED
12987,124255,128924,15485288,11467,-11467, TOUCHED
12988,88995,107836,115653576,32192,-32192, UNTOUCHED
12989,86048,87253,1082843,2947,-2947, NO_EVENT
12990,85139,85581,151773,984,-909, NO_EVENT
12991,84324,84700,125005,913,-815, NO_EVENT
12992,83967,84058,133920,1191,-357, NO_EVENT
12993,84648,84197,78943,781,378, NO_EVENT
12994,85924,85144,147367,1213,1015, NO_EVENT
12995,127527,93462,170608176,41770,41603, TOUCHED
12996,137729,135703,17177857,11050,10202, TOUCHED
12997,135290,135913,920440,2774,-2439, TOUCHED
12998,114900,128968,35193885,20390,-20390, TOUCHED
12999,86712,94258,81887318,28188,-28188, UNTOUCHED
13000,84674,85745,341750,2038,-2038, NO_EVENT
13001,83187,84063,275390,1687,-1487, NO_EVENT
13002,82929,83286,48083,651,-258, NO_EVENT
13003,82808,83064,47984,521,-518, NO_EVENT
13004,83379,83055,44527,581,571, NO_EVENT
13005,85500,84364,705360,2339,2121, NO_EVENT
13006,131338,103901,65624779,45838,45838, TOUCHED
13007,140977,139084,16349522,11145,9639, TOUCHED
13008,142959,141792,607641,1982,1982, TOUCHED
13009,141442,142794,1281499,2870,-1517, TOUCHED
13010,109213,140119,75531462,37997,-32229, TOUCHED
13011,90863,96767,43142207,18350,-18350, TOUCHED
13012,88770,89387,624515,2096,-2093, UNTOUCHED
13013,91011,89636,578596,2394,2241, TOUCHED
13014,133723,119289,57029173,42712,42712, TOUCHED
13015,143759,142807,4351009,10262,10036, TOUCHED
13016,146381,144733,2658952,3935,1080, TOUCHED
13017,142660,144218,5406755,5025,77, TOUCHED
13018,145549,146451,900616,2325,-2133, TOUCHED
13019,146726,145767,211330,1406,1177, TOUCHED
13020,150496,148515,2005195,3770,3770, TOUCHED
13021,150334,150572,60549,584,-162, TOUCHED
13022,121395,144683,74530418,30936,-30936, TOUCHED
13023,123009,114731,56030729,16443,1614, TOUCHED
13024,143257,136644,10612651,10735,10735, TOUCHED
13025,131101,139192,17681562,12156,-12156, TOUCHED
13026,125174,130337,12477399,9315,-5927, TOUCHED
13027,143915,131384,66202033,19776,17392, TOUCHED
13028,132593,142999,16458877,13582,-11322, TOUCHED
13029,87805,105322,151374159,44788,-44788, UNTOUCHED
13030,84964,85864,308791,1547,-1547, NO_EVENT
13031,83221,83922,132312,1332,-1332, NO_EVENT
13032,82980,83257,67438,849,-241, NO_EVENT
13033,82975,83034,84942,755,-5, NO_EVENT
13034,84450,84059,347864,1884,1475, NO_EVENT
13035,142720,109493,104446068,56985,56751, TOUCHED
13036,132989,137037,12728897,9731,-9731, TOUCHED
13037,100593,118104,107174660,32396,-32396, TOUCHED
13038,85234,87395,3732722,5143,-5143, UNTOUCHED
13039,82485,83839,675815,2737,-2737, NO_EVENT
13040,81698,82139,68924,787,-787, NO_EVENT
13041,80007,81102,351533,1852,-1691, NO_EVENT
13042,77310,78989,639989,3061,-2697, NO_EVENT
13043,76494,76854,467649,2088,-816, NO_EVENT
13044,74456,75548,291530,1893,-1893, NO_EVENT
13045,74630,74857,33710,622,174, NO_EVENT
13046,74473,74793,63970,803,-157, NO_EVENT
13047,74242,74597,70369,681,-231, NO_EVENT
13048,74112,74577,49864,675,-619, NO_EVENT
13049,74404,74627,63198,935,292, NO_EVENT
13050,74473,74680,76610,711,69, NO_EVENT
13051,74649,74668,67817,701,176, NO_EVENT
13052,73994,74585,90310,835,-655, NO_EVENT
13053,74349,74641,18122,479,-258, NO_EVENT
13054,74327,74459,9235,295,-22, NO_EVENT
13055,74540,74563,25037,429,213, NO_EVENT
13056,74273,74621,43068,607,-267, NO_EVENT
13057,74544,74603,41671,647,271, NO_EVENT
13058,74576,74684,12947,290,-119, NO_EVENT
13059,74352,74751,108950,963,-224, NO_EVENT
13060,74559,74737,46045,704,207, NO_EVENT
13061,75295,75077,68152,764,736, NO_EVENT
13062,75162,75179,36642,484,212, NO_EVENT
13063,75922,75682,149357,1017,760, NO_EVENT
13064,77503,76768,336138,1687,1581, NO_EVENT
13065,79592,78803,491379,2202,2030, NO_EVENT
13066,81213,80817,288125,1964,1621, NO_EVENT
13067,81822,82079,124958,1078,-245, NO_EVENT
13068,83405,82896,283493,1583,1583, NO_EVENT
13069,85018,84565,282871,1836,1613, NO_EVENT
13070,86304,85726,223180,1286,1286, NO_EVENT
13071,90896,87866,1987728,4592,4592, TOUCHED
13072,158751,134832,104633809,67855,67855, TOUCHED
13073,156908,156688,3213828,4332,-1843, TOUCHED
13074,157878,156455,1711645,3088,970, TOUCHED
13075,154533,156182,3263134,4041,-541, TOUCHED
13076,152635,155563,3373125,4733,-1898, TOUCHED
13077,155748,155507,1389952,3899,3113, TOUCHED
13078,155365,154800,876735,2186,-383, TOUCHED
13079,151311,154616,1984079,4631,-4054, TOUCHED
13080,153417,151555,305382,2106,2106, TOUCHED
13081,151798,152183,595084,1791,-1619, TOUCHED
13082,148567,150291,1528432,3231,-3231, TOUCHED
13083,146658,147497,919081,2339,-1909, TOUCHED
13084,140992,145324,2350166,5666,-5666, TOUCHED
13085,139182,140037,1165255,2293,-1810, TOUCHED
13086,135486,136778,5629699,5213,-3696, TOUCHED
13087,126766,128162,9282288,9836,-8720, TOUCHED
13088,120847,124625,7298836,6616,-5919, TOUCHED
13089,128882,125446,4255964,8035,8035, TOUCHED
13090,128413,127912,2530837,3793,-469, TOUCHED
13091,130559,130917,1376107,3946,2146, TOUCHED
13092,130254,131351,289573,1786,-888, TOUCHED
13093,131714,131451,283370,1549,1460, TOUCHED
13094,129662,131432,1449778,2968,-2052, TOUCHED
13095,129410,127981,5372823,5058,-252, TOUCHED
13096,123292,126606,3418033,6118,-6118, TOUCHED
13097,128386,124973,8614971,7035,5094, TOUCHED
13098,125560,125555,1987733,4258,-2826, TOUCHED
13099,127371,125607,7271494,6783,1811, TOUCHED
13100,125166,125770,1589697,3533,-2205, TOUCHED
13101,130473,128760,4149676,5307,5307, TOUCHED
13102,128952,129733,494456,1577,-1521, TOUCHED
13103,89539,111818,47965636,36305,-36305, UNTOUCHED
13104,87710,88535,429741,1829,-1829, NO_EVENT
13105,108067,92179,63203875,20357,20357, TOUCHED
13106,136823,131904,79311819,28756,28756, TOUCHED
13107,133464,134934,3570419,4235,1013, TOUCHED
13108,135557,133892,654791,2360,2093, TOUCHED
13109,90856,118343,8448492,44832,-44701, TOUCHED
13110,85875,87596,2126732,4981,-4981, UNTOUCHED
13111,84116,85281,556423,2301,-1759, NO_EVENT
13112,83973,84142,180479,1258,-143, NO_EVENT
13113,83430,83725,21167,480,-402, NO_EVENT
13114,83435,83619,74427,693,5, NO_EVENT
13115,82712,83355,117645,980,-723, NO_EVENT
13116,83017,83149,139540,972,305, NO_EVENT
13117,83001,82865,195727,1298,-16, NO_EVENT
13118,82193,82259,47827,659,6, NO_EVENT
13119,83567,82839,231814,1374,1374, NO_EVENT
13120,143309,113599,88289257,60514,59742, TOUCHED
13121,129395,143259,18643306,17049,-13914, TOUCHED
13122,85309,95861,54261167,44086,-44086, UNTOUCHED
13123,83298,84815,435877,2108,-2011, NO_EVENT
13124,82019,82775,273933,1667,-1279, NO_EVENT
13125,81731,81948,95070,766,-288, NO_EVENT
13126,80995,81488,43846,733,-733, NO_EVENT
13127,81064,81134,26894,442,69, NO_EVENT
13128,81248,80876,55866,640,184, NO_EVENT
13129,81366,81150,99721,1048,642, NO_EVENT
13130,81815,81666,68350,735,449, NO_EVENT
13131,82500,82162,82569,805,685, NO_EVENT
13132,85005,83497,643241,2575,2575, NO_EVENT
13133,131205,97763,102651120,46200,46200, TOUCHED
13134,130040,131037,251480,1304,-1165, TOUCHED
13135,122274,128590,4725441,8709,-7766, TOUCHED
13136,84594,92730,685009,37680,-37680, UNTOUCHED
13137,84108,84477,202301,1203,-486, NO_EVENT
13138,85347,84553,201659,1239,1239, NO_EVENT
13139,101869,87383,18640920,16522,16522, TOUCHED
13140,135108,126771,24399000,33322,33239, TOUCHED
13141,90394,117096,163631161,44714,-44714, UNTOUCHED
13142,85664,87125,2081316,4779,-4730, NO_EVENT
13143,83630,84523,784136,2432,-2034, NO_EVENT
13144,82538,83086,71279,807,-517, NO_EVENT
13145,82472,82713,60669,606,-66, NO_EVENT
13146,84879,83791,553187,2407,2407, NO_EVENT
13147,132424,114455,96759056,47545,47545, TOUCHED
13148,131531,134528,2228758,4478,-4478, TOUCHED
13149,85285,104327,12262025,46246,-46246, UNTOUCHED
13150,83573,84171,510068,2065,-1712, NO_EVENT
13151,85892,84111,696539,2427,2319, NO_EVENT
13152,138996,121495,53507872,53104,53104, TOUCHED
13153,95476,127661,34512110,43520,-43520, TOUCHED
13154,88992,91204,3708222,6484,-6484, UNTOUCHED
13155,85830,88227,1076627,3611,-3162, NO_EVENT
13156,84073,85441,503303,2490,-1757, NO_EVENT
13157,82878,83514,206553,1195,-1195, NO_EVENT
13158,83304,83097,54987,650,426, NO_EVENT
13159,83795,83400,128102,987,201, NO_EVENT
13160,84191,84038,261404,1427,875, NO_EVENT
13161,84823,84810,111567,978,632, NO_EVENT
13162,85574,85408,59201,783,751, NO_EVENT
13163,84823,85350,95644,1059,-751, NO_EVENT
13164,85321,85462,147284,1244,498, NO_EVENT
13165,85732,85412,163307,1195,411, NO_EVENT
13166,115407,94432,171228964,29675,29675, TOUCHED
13167,128040,130634,2219508,4258,-3271, TOUCHED
13168,87847,115000,134642684,40193,-40193, UNTOUCHED
13169,84881,86009,544383,2966,-2966, NO_EVENT
13170,84796,85054,213408,1276,-85, NO_EVENT
13171,131187,96760,30942611,46391,46391, TOUCHED
13172,129004,133872,4853784,7837,-2183, TOUCHED
13173,87830,101857,96586347,41174,-41174, UNTOUCHED
13174,86159,86260,98884,934,-562, NO_EVENT
13175,86798,86244,181341,980,980, NO_EVENT
13176,131239,108588,73518584,45004,45004, TOUCHED
13177,123566,131258,2982586,8819,-7673, TOUCHED
13178,85909,95054,162198766,37657,-37657, UNTOUCHED
13179,85033,85501,79590,876,-876, NO_EVENT
13180,84590,84685,74711,694,-443, NO_EVENT
13181,86091,85610,263307,1603,1501, NO_EVENT
13182,134628,108799,74451118,50658,48537, TOUCHED
13183,125470,132625,10992592,9580,-9158, TOUCHED
13184,89166,103630,166349787,36304,-36304, UNTOUCHED
13185,86125,87833,692378,3041,-3041, NO_EVENT
13186,85363,85727,87211,906,-762, NO_EVENT
13187,84133,84785,109420,1230,-1230, NO_EVENT
13188,83628,84086,75743,956,-505, NO_EVENT
13189,83954,83853,73731,733,326, NO_EVENT
13190,116181,87482,71835212,32227,32227, TOUCHED
13191,130594,130208,51793387,18595,14413, TOUCHED
13192,108980,125456,50624058,23140,-21614, TOUCHED
13193,134184,101236,70725861,45441,25204, TOUCHED
13194,138517,137144,1983365,4333,4333, TOUCHED
13195,91776,121168,41622095,46943,-46741, TOUCHED
13196,85185,86863,2497467,6591,-6591, UNTOUCHED
13197,83105,83709,398163,1722,-1569, NO_EVENT
13198,83327,83023,85208,807,597, NO_EVENT
13199,99194,88034,39687123,15867,15867, TOUCHED
13200,133062,131325,46818464,35894,33868, TOUCHED
13201,119148,127153,25329492,13914,-13914, TOUCHED
13202,86506,87407,1722572,3628,-3444, UNTOUCHED
13203,85888,85877,80601,804,209, NO_EVENT
13204,85913,85749,94600,834,260, NO_EVENT
13205,88673,86714,630533,2760,2760, NO_EVENT
13206,136123,116963,15466554,47450,47450, TOUCHED
13207,92351,122450,123340860,44874,-43772, TOUCHED
13208,86572,89053,3143479,5779,-5779, UNTOUCHED
13209,85371,86183,261836,1630,-1201, NO_EVENT
13210,85200,85483,118016,981,-171, NO_EVENT
13211,85273,85369,84216,884,73, NO_EVENT
13212,85812,85631,49033,619,539, NO_EVENT
13213,88012,86599,455652,1968,1968, NO_EVENT
13214,109241,92948,34796968,21229,21229, TOUCHED
13215,86124,91353,47160525,23117,-23117, UNTOUCHED
13216,85395,86020,91301,1089,-729, NO_EVENT
13217,84637,85182,117374,995,-758, NO_EVENT
13218,85379,85128,171179,1200,742, NO_EVENT
13219,133430,99634,144674881,48051,48051, TOUCHED
13220,132975,135652,7154091,6404,-455, TOUCHED
13221,88843,106945,60674879,38598,-38598, UNTOUCHED
13222,84768,86592,1852080,4075,-4075, NO_EVENT
13223,83083,83852,351594,1685,-1685, NO_EVENT
13224,84139,83386,170171,1213,1056, NO_EVENT
13225,96761,87029,18381442,12405,12405, TOUCHED
13226,137159,131688,166535743,40398,40398, TOUCHED
13227,90929,120035,11152627,48269,-46230, TOUCHED
13228,86117,86971,894777,2629,-2442, UNTOUCHED
13229,84312,85179,229266,1519,-1519, NO_EVENT
13230,85222,84641,65365,910,910, NO_EVENT
13231,87600,85826,366340,2378,2378, NO_EVENT
13232,141871,119045,93689883,54271,54271, TOUCHED
13233,100001,134601,75227461,41870,-41870, TOUCHED
13234,86510,91341,17953545,13491,-13491, UNTOUCHED
13235,84976,85839,343660,1677,-1534, NO_EVENT
13236,83927,84401,216295,1142,-1049, NO_EVENT
13237,83389,83634,98513,753,-538, NO_EVENT
13238,84561,83837,160045,1258,1172, NO_EVENT
13239,85670,84818,189508,1315,1109, NO_EVENT
13240,96147,88102,12777426,10282,10282, TOUCHED
13241,137101,130897,58454275,42047,40954, TOUCHED
13242,135440,136651,695019,1872,-1661, TOUCHED
13243,88366,102476,67479803,38934,-38934, UNTOUCHED
13244,84913,85797,773059,3453,-3453, NO_EVENT
13245,82910,83370,212751,1175,-1019, NO_EVENT
13246,81760,82141,79158,683,-607, NO_EVENT
13247,81717,81993,54119,630,-43, NO_EVENT
13248,82961,82424,127351,1244,1244, NO_EVENT
13249,85559,84118,1031748,2946,2946, NO_EVENT
13250,136275,115066,80210260,50309,50309, TOUCHED
13251,132838,135037,3251351,4307,-3437, TOUCHED
13252,86735,102865,82537386,46103,-46103, UNTOUCHED
13253,82820,84583,1942882,3915,-3915, NO_EVENT
13254,81904,82150,106492,1132,-916, NO_EVENT
13255,80547,81134,79806,1002,-734, NO_EVENT
13256,80466,80501,70969,851,-81, NO_EVENT
13257,80371,80340,184849,1377,-95, NO_EVENT
13258,80971,80525,115095,858,600, NO_EVENT
13259,81887,81303,159018,1006,916, NO_EVENT
13260,83947,82567,703487,2267,2249, NO_EVENT
13261,129496,103862,147139960,44763,44763, TOUCHED
13262,133936,131197,1031006,3880,2863, TOUCHED
13263,135624,135020,1351752,2545,1688, TOUCHED
13264,97995,129712,114328638,40004,-37629, TOUCHED
13265,82992,87748,19130919,15003,-15003, UNTOUCHED
13266,81766,82159,249776,1494,-1226, NO_EVENT
13267,80751,81140,148383,1037,-1015, NO_EVENT
13268,80148,80216,50319,670,302, NO_EVENT
13269,81186,80661,104096,1038,1038, NO_EVENT
13270,81663,81515,164615,990,618, NO_EVENT
13271,84124,82895,745569,2461,2461, NO_EVENT
13272,118851,92753,171410401,34727,34727, TOUCHED
13273,136619,135245,37442626,19873,17768, TOUCHED
13274,90326,114529,157963333,46578,-46293, UNTOUCHED
13275,85706,87971,2290249,4620,-4620, NO_EVENT
13276,83700,85053,365238,2006,-2006, NO_EVENT
13277,82470,83206,300241,1520,-1230, NO_EVENT
13278,82881,82632,112789,881,411, NO_EVENT
13279,82467,82336,102115,994,-414, NO_EVENT
13280,82132,82364,76854,735,-102, NO_EVENT
13281,82540,82466,54996,567,408, NO_EVENT
13282,83978,82945,292559,1774,1438, NO_EVENT
13283,115084,94681,24917728,31106,31106, TOUCHED
13284,136078,135922,1362839,2908,-1346, TOUCHED
13285,93700,127190,99501305,42378,-42378, TOUCHED
13286,84277,88361,9649704,9423,-9423, UNTOUCHED
13287,82018,83182,569998,2259,-2259, NO_EVENT
13288,81782,81916,85225,792,-236, NO_EVENT
13289,81928,81512,96284,827,146, NO_EVENT
13290,81613,81853,40028,595,-139, NO_EVENT
13291,82910,82442,183770,1297,1297, NO_EVENT
13292,86263,84694,893248,3353,3353, NO_EVENT
13293,135139,107648,6667435,49497,48876, TOUCHED
13294,127350,133442,9898882,8637,-7789, TOUCHED
13295,87810,98349,135968142,39540,-39540, UNTOUCHED
13296,85864,86708,667614,2191,-1946, NO_EVENT
13297,84985,85338,183081,988,-879, NO_EVENT
13298,84207,84467,39168,778,-778, NO_EVENT
13299,84149,83995,58673,634,474, NO_EVENT
13300,83951,84155,28695,473,-40, NO_EVENT
13301,84613,84645,107407,980,662, NO_EVENT
13302,86664,86014,326972,2051,2051, NO_EVENT
13303,136158,108826,97030100,51535,49494, TOUCHED
13304,128696,136315,10054017,10720,-7462, TOUCHED
13305,87404,100408,42165684,41292,-41292, UNTOUCHED
13306,85096,86314,606562,2308,-2308, NO_EVENT
13307,83658,84300,389777,1438,-1438, NO_EVENT
13308,82924,83149,217422,1327,-734, NO_EVENT
13309,83224,82890,64767,636,300, NO_EVENT
13310,82591,82634,75349,807,399, NO_EVENT
13311,82901,83049,166039,1203,310, NO_EVENT
13312,84227,83511,159943,1326,1326, NO_EVENT
13313,115226,97695,35009724,30999,30999, TOUCHED
13314,112878,125770,27555530,16306,-2348, TOUCHED
13315,87913,103744,135295121,28801,-24965, UNTOUCHED
13316,85692,86085,208100,2265,-2221, NO_EVENT
13317,84422,84647,220327,1406,-451, NO_EVENT
13318,83929,84162,65612,828,-328, NO_EVENT
13319,83735,84205,63615,719,-194, NO_EVENT
13320,84090,84112,105158,918,355, NO_EVENT
13321,83789,83764,81796,781,-301, NO_EVENT
13322,84741,84244,81497,952,952, NO_EVENT
13323,107355,88015,51142938,22614,22614, TOUCHED
13324,132356,128882,90447301,27604,25001, TOUCHED
13325,129985,132259,3181167,4572,-2371, TOUCHED
13326,85258,98395,136791122,44840,-44727, UNTOUCHED
13327,82348,83620,507968,2340,-2340, NO_EVENT
13328,82127,82365,104975,979,-221, NO_EVENT
13329,82580,82344,82152,830,453, NO_EVENT
13330,82416,82324,59742,713,-164, NO_EVENT
13331,82177,82370,64702,763,-119, NO_EVENT
13332,83177,82749,66503,1000,1000, NO_EVENT
13333,85135,83936,386455,1958,1958, NO_EVENT
13334,106061,94259,98323116,24557,20926, TOUCHED
13335,86319,90980,44008481,19742,-19742, UNTOUCHED
13336,83714,85451,703355,2918,-2605, NO_EVENT
13337,82857,83649,187420,1422,-857, NO_EVENT
13338,83679,83263,69630,822,822, NO_EVENT
13339,84951,84123,183883,1272,1272, NO_EVENT
13340,127660,104384,161742269,42454,42454, TOUCHED
13341,129917,131304,2021513,5384,2257, TOUCHED
13342,101436,124775,143136083,32882,-28481, TOUCHED
13343,84468,86369,970787,3323,-3323, UNTOUCHED
13344,82383,83764,380164,2085,-2085, NO_EVENT
13345,82083,82380,128016,975,-300, NO_EVENT
13346,82491,82146,58459,629,408, NO_EVENT
13347,82044,81972,29931,541,320, NO_EVENT
13348,83857,82795,235707,1813,1813, NO_EVENT
13349,87399,84975,739250,3542,3542, NO_EVENT
13350,136684,125404,19294757,49285,49285, TOUCHED
13351,91794,118224,94624968,44890,-44890, TOUCHED
13352,85916,87109,2149927,6253,-5878, UNTOUCHED
13353,83918,84391,387740,2352,-1998, NO_EVENT
13354,82024,82714,191045,1332,-1030, NO_EVENT
13355,82004,82066,53841,711,-20, NO_EVENT
13356,81518,81631,65899,690,-486, NO_EVENT
13357,80537,81033,49106,827,-372, NO_EVENT
13358,80057,80172,153952,1076,-480, NO_EVENT
13359,78900,79207,236728,1357,-1157, NO_EVENT
13360,77877,78451,293423,1337,-1023, NO_EVENT
13361,77105,78021,107983,1353,-772, NO_EVENT
13362,78149,77805,162299,1233,1044, NO_EVENT
13363,78041,78053,75342,827,-108, NO_EVENT
13364,80484,79196,488576,2443,2443, NO_EVENT
13365,82119,81090,414525,1897,1635, NO_EVENT
13366,141671,126339,142574160,41121,41121, TOUCHED
13367,137888,140530,4461772,4820,-3783, TOUCHED
13368,85541,125909,91682331,54550,-52347, UNTOUCHED
13369,81755,83336,1652386,3786,-3786, NO_EVENT
13370,81581,81695,37635,586,-174, NO_EVENT
13371,81765,81637,49187,642,338, NO_EVENT
13372,83605,82409,257583,1840,1840, NO_EVENT
13373,138823,109618,155162904,55218,55218, TOUCHED
13374,136249,139177,1013483,3688,-3470, TOUCHED
13375,104302,122386,117013874,31947,-31947, TOUCHED
13376,88685,94269,32800583,15617,-15617, UNTOUCHED
13377,84920,85752,369644,1571,-1571, NO_EVENT
13378,82778,83797,185738,1684,-1324, NO_EVENT
13379,82516,82566,82091,805,-262, NO_EVENT
13380,82776,82518,26295,534,260, NO_EVENT
13381,82580,82434,71587,727,-196, NO_EVENT
13382,83086,83002,196263,1263,731, NO_EVENT
13383,83640,83471,101395,847,554, NO_EVENT
13384,84536,84249,88043,922,896, NO_EVENT
13385,84824,84535,71172,762,288, NO_EVENT
13386,85062,84752,103909,786,238, NO_EVENT
13387,85870,85614,119997,961,800, NO_EVENT
13388,126915,115935,128923602,39248,36156, TOUCHED
13389,124550,125651,3969700,4895,-2365, TOUCHED
13390,122534,124292,2390328,3237,-3046, TOUCHED
13391,109120,118037,28078818,13744,-13414, TOUCHED
13392,88226,95224,48070207,20894,-20894, UNTOUCHED
13393,86398,87404,398665,1828,-1828, NO_EVENT
13394,86599,86912,76776,844,201, NO_EVENT
13395,89372,88111,1179324,2773,2773, NO_EVENT
13396,134320,113234,63934646,44266,44266, TOUCHED
13397,107581,131625,28059573,27090,-26739, TOUCHED
13398,91806,96378,28242012,15775,-15775, TOUCHED
13399,88520,89182,357905,1362,-1362, UNTOUCHED
13400,87158,87128,122403,918,-147, NO_EVENT
13401,88653,87447,375604,1926,1926, NO_EVENT
13402,91247,89645,610594,2594,2594, TOUCHED
13403,109417,96823,51451035,18170,18170, TOUCHED
13404,121728,128754,21326113,21373,12311, TOUCHED
13405,103692,113834,42069799,18036,-18036, TOUCHED
13406,95626,98398,8411690,8066,-8066, TOUCHED
13407,91000,92283,920019,2574,-2574, TOUCHED
13408,88895,89272,468272,2662,-2105, UNTOUCHED
13409,87025,87752,391637,2053,-1870, NO_EVENT
13410,86871,86873,153935,1092,-154, NO_EVENT
13411,87350,86931,103730,836,479, NO_EVENT
13412,129175,97827,81296231,41825,41825, TOUCHED
13413,129865,130903,1229288,3238,690, TOUCHED
13414,127346,131244,2426468,4896,-4896, TOUCHED
13415,93123,108089,39711185,34223,-34223, TOUCHED
13416,88305,89357,1494211,3120,-2805, UNTOUCHED
13417,86818,87017,387993,2339,-1487, NO_EVENT
13418,86951,86687,17356,407,133, NO_EVENT
13419,89933,87900,1129555,3344,2982, NO_EVENT
13420,130883,120795,84424447,43050,40950, TOUCHED
13421,100546,122080,156641109,30707,-30337, TOUCHED
13422,90330,91990,3027699,4513,-4307, UNTOUCHED
13423,88213,88751,296231,2229,-2117, NO_EVENT
13424,86800,87236,176306,1521,-1413, NO_EVENT
13425,87296,86859,102913,847,496, NO_EVENT
13426,86622,86662,32956,894,-674, NO_EVENT
13427,87337,86594,185846,1208,715, NO_EVENT
13428,129866,99349,128160753,43314,42529, TOUCHED
13429,130870,129623,2056524,3412,1004, TOUCHED
13430,125994,129333,2925266,4876,-4876, TOUCHED
13431,88896,100640,119883619,37098,-37098, UNTOUCHED
13432,86342,87127,745646,2748,-2554, NO_EVENT
13433,85065,85665,127154,1277,-1277, NO_EVENT
13434,85431,85163,74531,746,366, NO_EVENT
13435,84800,84822,162450,1002,-631, NO_EVENT
13436,85308,84787,62511,724,508, NO_EVENT
13437,87063,85954,338508,1629,1629, NO_EVENT
13438,131136,119476,26913800,45443,44073, TOUCHED
13439,93036,119397,161150492,38100,-38100, TOUCHED
13440,85982,89557,4348400,7054,-7054, UNTOUCHED
13441,85519,85894,195328,1200,-463, NO_EVENT
13442,85375,85500,150786,1160,-144, NO_EVENT
13443,85398,85341,26771,487,23, NO_EVENT
13444,86625,85690,174885,1265,1227, NO_EVENT
13445,87027,86573,128608,946,402, NO_EVENT
13446,88607,87490,447315,1901,1580, NO_EVENT
13447,107324,90916,12949003,18717,18717, TOUCHED
13448,134886,125934,135373459,27562,27562, TOUCHED
13449,97472,130039,62165496,37414,-37414, TOUCHED
13450,87172,91175,13808782,10300,-10300, UNTOUCHED
13451,84654,85848,276698,1745,-1741, NO_EVENT
13452,83832,84497,96694,1164,-822, NO_EVENT
13453,84329,83901,76201,928,497, NO_EVENT
13454,84590,84042,139526,1078,261, NO_EVENT
13455,85874,84978,245407,1439,1284, NO_EVENT
13456,132745,98354,31152969,46901,46871, TOUCHED
13457,135623,135477,659885,3116,2878, TOUCHED
13458,119296,129942,26201716,14878,-14878, TOUCHED
13459,85661,88809,48994761,34467,-33635, UNTOUCHED
13460,84051,84357,186192,1950,-1610, NO_EVENT
13461,82873,83513,231575,1463,-378, NO_EVENT
13462,83140,83116,121661,868,267, NO_EVENT
13463,83592,83100,41612,715,452, NO_EVENT
13464,83583,83368,40442,469,-9, NO_EVENT
13465,83807,83433,84910,723,224, NO_EVENT
13466,84070,83847,210212,1150,842, NO_EVENT
13467,115723,91173,150906823,31653,31653, TOUCHED
13468,122003,125257,13985857,11963,6280, TOUCHED
13469,126366,126139,8079564,7881,4363, TOUCHED
13470,113596,124263,12831952,13652,-12770, TOUCHED
13471,100813,110330,11454766,12783,-12783, TOUCHED
13472,84805,88716,27332478,16008,-16008, UNTOUCHED
13473,83803,84155,227893,1349,-1002, NO_EVENT
13474,83334,83079,126758,1203,-469, NO_EVENT
13475,83045,82665,95259,878,443, NO_EVENT
13476,84137,83497,109449,1092,1092, NO_EVENT
13477,133211,104657,19255322,51543,49074, TOUCHED
13478,136809,135300,2980707,4121,3598, TOUCHED
13479,86962,102892,125001461,49847,-49847, UNTOUCHED
13480,84646,86129,474007,2316,-2316, NO_EVENT
13481,83926,84346,171721,1264,-720, NO_EVENT
13482,83276,83148,214382,1536,-650, NO_EVENT
13483,82743,82602,58916,1012,-533, NO_EVENT
13484,83146,82888,92166,838,788, NO_EVENT
13485,83979,83511,82531,833,833, NO_EVENT
13486,86000,85149,501663,2021,2021, NO_EVENT
13487,134916,128365,64955199,19394,19187, TOUCHED
13488,135640,134042,3223602,4193,724, TOUCHED
13489,134321,132929,1986069,4079,-1319, TOUCHED
13490,126665,132580,5675558,7588,-7250, TOUCHED
13491,85026,95911,53959671,41659,-41639, UNTOUCHED
13492,83245,83755,708561,2383,-1781, NO_EVENT
13493,83679,83044,119138,1119,434, NO_EVENT
13494,125820,101855,150783754,42275,42141, TOUCHED
13495,129989,127791,2161173,4169,4169, TOUCHED
13496,128755,129296,181982,1234,-1234, TOUCHED
13497,126959,127241,5202138,5238,-1796, TOUCHED
13498,86444,114682,27985667,40515,-40515, UNTOUCHED
13499,82518,84067,1765296,3926,-3926, NO_EVENT
13500,82175,82169,44166,702,-343, NO_EVENT
13501,81441,81649,20655,420,-396, NO_EVENT
13502,81383,81410,226521,1406,-58, NO_EVENT
13503,81837,81546,59616,690,454, NO_EVENT
13504,81716,81713,101853,903,272, NO_EVENT
13505,82456,82040,51880,740,740, NO_EVENT
13506,83500,82857,135880,1044,1044, NO_EVENT
13507,85041,84011,420096,2082,1541, NO_EVENT
13508,132747,105327,77509465,47706,47706, TOUCHED
13509,135437,134825,633246,2690,2690, TOUCHED
13510,86351,111376,123511590,43770,-43770, UNTOUCHED
13511,85113,85593,207647,1461,-1238, NO_EVENT
13512,84817,84635,83520,886,-296, NO_EVENT
13513,85303,84705,102906,1052,486, NO_EVENT
13514,85775,85231,79062,808,472, NO_EVENT
13515,87911,86514,485242,2172,2136, NO_EVENT
13516,138297,108101,102138964,50386,50386, TOUCHED
13517,134938,135283,2170966,4465,-3359, TOUCHED
13518,88794,105188,167815249,46144,-46144, UNTOUCHED
13519,86043,86845,864352,3216,-2751, NO_EVENT
13520,85098,84970,292564,1717,-945, NO_EVENT
13521,84331,84239,184162,1582,-767, NO_EVENT
13522,83898,83616,101888,1134,-433, NO_EVENT
13523,83433,83652,80598,861,241, NO_EVENT
13524,84393,83940,94547,960,960, NO_EVENT
13525,85332,84878,164381,1032,939, NO_EVENT
13526,90016,87406,2984284,4684,4684, NO_EVENT
13527,137203,134433,8680848,7105,6822, TOUCHED
13528,132157,135307,2503342,5046,-5046, TOUCHED
13529,90928,104803,57138061,41229,-41229, TOUCHED
13530,85519,87228,1345886,3513,-3513, UNTOUCHED
13531,84614,85302,159974,1268,-905, NO_EVENT
13532,84302,84441,206165,1278,-312, NO_EVENT
13533,84543,84013,147612,1225,241, NO_EVENT
13534,84201,83996,82915,977,-342, NO_EVENT
13535,85473,84483,205435,1356,1272, NO_EVENT
13536,114097,89033,86097211,29369,29369, TOUCHED
13537,134629,130684,69876573,22056,20532, TOUCHED
13538,90179,116062,124816696,44450,-44450, UNTOUCHED
13539,85584,86392,930583,2445,-2445, NO_EVENT
13540,83057,84097,336322,1602,-1602, NO_EVENT
13541,82585,82886,186523,1169,-472, NO_EVENT
13542,82673,82306,53408,690,88, NO_EVENT
13543,83050,82776,62858,639,377, NO_EVENT
13544,85571,84415,786772,2592,2592, NO_EVENT
13545,133993,118589,75259527,49780,47463, TOUCHED
13546,132428,135428,4495416,5669,-1565, TOUCHED
13547,86973,99665,81100573,45455,-45455, UNTOUCHED
13548,85295,85645,279984,1985,-1678, NO_EVENT
13549,83796,84223,299316,1732,-1499, NO_EVENT
13550,83847,83555,89752,800,51, NO_EVENT
13551,83152,83572,136480,984,-212, NO_EVENT
13552,84647,83767,175509,1495,1495, NO_EVENT
13553,86188,85075,284690,1877,1541, NO_EVENT
13554,89555,87422,1907956,3367,3367, NO_EVENT
13555,133608,133906,19976874,10622,5941, TOUCHED
13556,90628,107983,143301502,42980,-42980, UNTOUCHED
13557,86257,87795,1295561,4371,-4371, NO_EVENT
13558,86163,86101,153432,1142,-94, NO_EVENT
13559,85355,85249,179660,1564,-808, NO_EVENT
13560,84679,84960,113065,902,-410, NO_EVENT
13561,85049,85013,110750,903,353, NO_EVENT
13562,85650,85399,35686,601,601, NO_EVENT
13563,89597,86767,1032636,3947,3947, NO_EVENT
13564,137732,122022,2785345,48135,48135, TOUCHED
13565,91014,114301,9310536,46718,-46718, TOUCHED
13566,86735,87868,1122790,4279,-4279, UNTOUCHED
13567,85867,85947,274125,1469,-868, NO_EVENT
13568,85699,85405,53200,574,378, NO_EVENT
13569,86474,85903,151750,1082,1082, NO_EVENT
13570,86991,86725,132727,1044,789, NO_EVENT
13571,132938,104970,126190177,44823,44823, TOUCHED
13572,138564,135153,1041735,5626,5626, TOUCHED
13573,114744,132486,67139347,23820,-23820, TOUCHED
13574,86992,89981,29535931,27752,-27752, UNTOUCHED
13575,85456,85743,223328,1924,-1536, NO_EVENT
13576,85182,84873,101979,1041,-274, NO_EVENT
13577,84741,84604,57187,699,286, NO_EVENT
13578,84436,84649,110341,948,285, NO_EVENT
13579,84953,84748,85533,742,517, NO_EVENT
13580,85791,85088,144099,1290,838, NO_EVENT
13581,86937,86251,237907,1188,1146, NO_EVENT
13582,126774,127567,24395736,12422,6635, TOUCHED
13583,114849,123928,7685007,11925,-11925, TOUCHED
13584,86279,95024,114385022,28570,-28570, UNTOUCHED
13585,83648,85075,489608,2397,-2397, NO_EVENT
13586,82776,83525,245302,1588,-872, NO_EVENT
13587,82359,82356,60880,783,-417, NO_EVENT
13588,82063,82046,23958,610,-296, NO_EVENT
13589,82455,82005,89216,894,894, NO_EVENT
13590,83844,82663,194030,1746,1389, NO_EVENT
13591,121132,93016,78254985,38031,37288, TOUCHED
13592,122400,123147,9323183,7894,1268, TOUCHED
13593,126745,126337,3840429,6082,4345, TOUCHED
13594,98881,120202,124050195,31080,-27864, TOUCHED
13595,81744,83151,489254,2295,-2295, UNTOUCHED
13596,82205,81936,99293,774,461, NO_EVENT
13597,82192,81972,38288,534,-13, NO_EVENT
13598,84556,83108,1007557,2579,2364, NO_EVENT
13599,135556,114388,43489931,50559,50559, TOUCHED
13600,136506,136302,123183,1028,950, TOUCHED
13601,104406,131779,76674549,32100,-32100, TOUCHED
13602,85760,90508,31636143,18646,-18646, UNTOUCHED
13603,84002,84566,598011,2198,-1758, NO_EVENT
13604,83485,83140,195978,1441,-517, NO_EVENT
13605,83195,82981,113425,881,-290, NO_EVENT
13606,83585,83089,173433,1144,839, NO_EVENT
13607,84553,83933,133347,1041,968, NO_EVENT
13608,86714,85466,399318,2161,2161, NO_EVENT
13609,89123,88106,1026971,2430,2409, NO_EVENT
13610,86432,87811,935029,2691,-2691, NO_EVENT
13611,84667,85411,358995,1794,-1765, NO_EVENT
13612,84171,84247,156870,992,-496, NO_EVENT
13613,84346,83988,33484,555,175, NO_EVENT
13614,85193,84535,129038,1117,847, NO_EVENT
13615,134257,92339,114497681,48960,48960, TOUCHED
13616,110005,129681,98470870,26418,-24252, TOUCHED
13617,86165,87465,2045974,3408,-3408, UNTOUCHED
13618,84597,84981,241728,1135,-943, NO_EVENT
13619,83518,84059,205156,1112,-794, NO_EVENT
13620,84260,83934,105576,799,742, NO_EVENT
13621,85490,84266,314682,2004,1230, NO_EVENT
13622,129111,87751,71625360,44101,43621, TOUCHED
13623,133971,134838,14159714,9262,4860, TOUCHED
13624,129910,134021,9045923,8063,-4061, TOUCHED
13625,86642,93568,109347778,43268,-43268, UNTOUCHED
13626,84774,84976,349859,2462,-1868, NO_EVENT
13627,84151,83933,133138,1090,283, NO_EVENT
13628,84089,83429,142565,1298,688, NO_EVENT
13629,84622,83845,149689,1409,533, NO_EVENT
13630,85693,85061,301627,1203,1071, NO_EVENT
13631,132738,129317,14621339,9496,9496, TOUCHED
13632,103440,126046,36166422,29298,-29298, TOUCHED
13633,85567,90546,34818787,17873,-17873, UNTOUCHED
13634,83855,84815,470060,1757,-1712, NO_EVENT
13635,82779,83082,235074,1569,-1076, NO_EVENT
13636,82234,82293,46004,780,-545, NO_EVENT
13637,81907,82094,56044,646,-327, NO_EVENT
13638,82274,82161,17405,383,383, NO_EVENT
13639,84054,83006,602802,1852,1780, NO_EVENT
13640,132221,96538,59142247,48167,48167, TOUCHED
13641,92929,125226,3553851,41369,-39292, TOUCHED
13642,84862,86219,4967429,8695,-8067, UNTOUCHED
13643,83135,83709,436045,1975,-1727, NO_EVENT
13644,82405,82738,165534,1202,-838, NO_EVENT
13645,82813,82364,82527,770,408, NO_EVENT
13646,83762,83036,130402,1177,949, NO_EVENT
13647,85046,84310,223299,1341,1284, NO_EVENT
13648,118883,96686,60361834,33494,33494, TOUCHED
13649,94205,122058,61036642,39757,-38995, TOUCHED
13650,85606,87471,2171204,4068,-4068, UNTOUCHED
13651,84267,84815,223176,1265,-842, NO_EVENT
13652,83212,83647,215219,1261,-1055, NO_EVENT
13653,82546,82603,58131,828,-666, NO_EVENT
13654,82196,82145,28128,706,-350, NO_EVENT
13655,83056,82234,80780,1203,903, NO_EVENT
13656,84364,83496,243003,1526,1308, NO_EVENT
13657,135483,101519,29574087,51119,51119, TOUCHED
13658,134623,137023,7444780,6355,-860, TOUCHED
13659,127960,133671,13208786,8929,-6663, TOUCHED
13660,82737,94464,32045633,37171,-37171, UNTOUCHED
13661,81321,81773,206647,1140,-933, NO_EVENT
13662,80408,80693,165864,1279,-913, NO_EVENT
13663,80044,79857,126702,939,-364, NO_EVENT
13664,81032,80497,262212,1336,988, NO_EVENT
13665,117617,85133,92495743,36585,36585, TOUCHED
13666,139615,134154,93346575,25016,21998, TOUCHED
13667,139055,138811,1203847,2549,-560, TOUCHED
13668,86926,100046,155772244,52129,-52129, UNTOUCHED
13669,84003,84992,1044467,3117,-2923, NO_EVENT
13670,82332,82837,255078,1694,-1671, NO_EVENT
13671,82027,81891,34935,562,435, NO_EVENT
13672,83221,82297,129522,1234,1194, NO_EVENT
13673,98148,88461,37391003,14927,14927, TOUCHED
13674,126225,129746,26696744,12193,-10911, TOUCHED
13675,111120,121802,18843447,15105,-15105, TOUCHED
13676,86087,97946,116415020,25033,-25033, UNTOUCHED
13677,82753,84170,907967,2650,-2589, NO_EVENT
13678,82132,82283,138452,1005,-621, NO_EVENT
13679,82399,82137,62298,679,267, NO_EVENT
13680,83216,82601,163960,1106,817, NO_EVENT
13681,85111,84285,383840,1721,1721, NO_EVENT
13682,137156,121286,33222856,50510,50012, TOUCHED
13683,86995,128095,7847368,50161,-50161, UNTOUCHED
13684,84258,85633,824798,2737,-2737, NO_EVENT
13685,83301,83658,130962,957,-957, NO_EVENT
13686,82634,82755,63232,854,-667, NO_EVENT
13687,83052,82808,110627,924,418, NO_EVENT
13688,83928,83518,140084,1114,890, NO_EVENT
13689,93444,84993,3161374,9516,9516, TOUCHED
13690,130466,118208,29141697,37022,37022, TOUCHED
13691,94287,120209,129164416,36179,-36179, TOUCHED
13692,84669,86668,5957471,9618,-9618, UNTOUCHED
13693,83203,83681,192843,1466,-1466, NO_EVENT
13694,82033,82261,78825,775,-158, NO_EVENT
13695,82060,82009,3437,167,27, NO_EVENT
13696,82450,82041,83828,893,390, NO_EVENT
13697,83162,82673,77868,789,712, NO_EVENT
13698,84773,83954,243791,1761,1761, NO_EVENT
13699,128761,109047,143978808,43988,43988, TOUCHED
13700,105561,126699,66089834,27494,-23200, TOUCHED
13701,85771,88952,26035527,19790,-19790, UNTOUCHED
13702,84580,84644,291729,1715,-1191, NO_EVENT
13703,84566,84393,85630,897,-14, NO_EVENT
13704,85549,85527,143112,1195,609, NO_EVENT
13705,110499,100280,137129165,28275,23751, TOUCHED
13706,127331,123060,56304887,19814,16832, TOUCHED
13707,117369,125017,7598718,10348,-9962, TOUCHED
13708,86496,100174,140880750,30873,-30873, UNTOUCHED
13709,83231,84627,315172,1951,-1936, NO_EVENT
13710,82476,82643,225772,1283,-755, NO_EVENT
13711,82068,82180,25887,477,-408, NO_EVENT
13712,81993,81912,23505,410,-75, NO_EVENT
13713,82320,82061,101321,979,492, NO_EVENT
13714,83882,82692,314644,1737,1562, NO_EVENT
13715,86640,84679,812185,3021,2758, NO_EVENT
13716,128310,114668,171717801,44662,41670, TOUCHED
13717,89191,109206,161461122,43246,-43246, UNTOUCHED
13718,86491,87307,1079620,3103,-2700, NO_EVENT
13719,85097,85305,269532,1766,-1394, NO_EVENT
13720,84322,84373,108620,1070,-775, NO_EVENT
13721,84347,84085,62285,558,25, NO_EVENT
13722,86395,84674,279575,2355,2355, NO_EVENT
13723,135935,105930,57647369,49540,49540, TOUCHED
13724,134573,134335,4212276,4775,3161, TOUCHED
13725,91060,110941,83066965,43513,-43513, TOUCHED
13726,84422,86620,3359151,6638,-6638, UNTOUCHED
13727,81988,83161,518276,2434,-2434, NO_EVENT
13728,82012,81872,107400,1087,135, NO_EVENT
13729,82209,81891,38428,613,197, NO_EVENT
13730,84527,82787,758783,2497,2318, NO_EVENT
13731,135461,109814,15731965,51123,50934, TOUCHED
13732,134875,136053,1392545,3030,-586, TOUCHED
13733,86215,104196,165355666,48660,-48660, UNTOUCHED
13734,82574,83845,1146990,3641,-3641, NO_EVENT
13735,81651,81766,84352,1126,-923, NO_EVENT
13736,82043,81534,83473,763,763, NO_EVENT
13737,82419,81826,89452,912,376, NO_EVENT
13738,84901,83174,899809,2870,2482, NO_EVENT
13739,136746,103162,52041173,51845,51845, TOUCHED
13740,90860,125681,155048623,48340,-45886, TOUCHED
13741,85238,86821,2452413,5622,-5622, UNTOUCHED
13742,83394,84158,421773,1844,-1844, NO_EVENT
13743,82227,82939,146718,1167,-1167, NO_EVENT
13744,84038,82910,131625,1463,1401, NO_EVENT
13745,85513,84289,330354,1931,1475, NO_EVENT
13746,136296,109964,33916158,50783,50783, TOUCHED
13747,134718,136603,965445,3197,-1578, TOUCHED
13748,129576,132899,3231118,5142,-5142, TOUCHED
13749,86724,100599,141957129,42852,-42852, UNTOUCHED
13750,84734,85097,691802,2741,-1990, NO_EVENT
13751,82831,83393,420609,2301,-1903, NO_EVENT
13752,82855,82912,162168,1158,24, NO_EVENT
13753,102252,88007,50940976,18532,18532, TOUCHED
13754,132742,127427,91190190,30490,30490, TOUCHED
13755,133150,134148,1699432,3017,706, TOUCHED
13756,134167,133744,228789,1071,1017, TOUCHED
13757,85074,96673,113702704,49093,-49093, UNTOUCHED
13758,82197,82975,616988,2877,-2877, NO_EVENT
13759,81807,81823,71713,733,-53, NO_EVENT
13760,82178,81647,51659,748,371, NO_EVENT
13761,84604,82911,701668,2591,2426, NO_EVENT
13762,133603,105913,106662400,49137,48999, TOUCHED
13763,129829,133427,4279065,5047,-3774, TOUCHED
13764,112424,123136,58126004,20622,-17405, TOUCHED
13765,89542,100802,87657716,22882,-22882, UNTOUCHED
13766,88718,88949,95494,879,-824, NO_EVENT
13767,88086,88323,57502,563,-177, NO_EVENT
13768,124850,106975,103551064,35975,35975, TOUCHED
13769,135407,131386,10905614,10557,10557, TOUCHED
13770,133770,134540,1442692,2743,-1637, TOUCHED
13771,122304,130777,23374709,12062,-11466, TOUCHED
13772,86943,98899,148455916,30875,-30875, UNTOUCHED
13773,84481,85159,407472,2462,-2462, NO_EVENT
13774,82893,83690,271603,1588,-1588, NO_EVENT
13775,82381,82528,91153,821,-370, NO_EVENT
13776,82639,82263,49610,731,258, NO_EVENT
13777,83724,82855,242225,1474,1085, NO_EVENT
13778,114961,94108,32962310,31237,31237, TOUCHED
13779,139367,137937,433090,2256,2256, TOUCHED
13780,85295,103877,158399985,54072,-54072, UNTOUCHED
13781,83457,83981,436665,1946,-938, NO_EVENT
13782,83210,83136,81346,810,-247, NO_EVENT
13783,84228,83424,160513,1322,1018, NO_EVENT
13784,85703,84667,284185,1537,1475, NO_EVENT
13785,137383,103386,36712552,51680,51680, TOUCHED
13786,136664,137431,3601587,4612,-719, TOUCHED
13787,120545,133811,17341564,16119,-16119, TOUCHED
13788,87818,95775,122949047,32727,-32727, UNTOUCHED
13789,86170,86602,347292,1861,-1648, NO_EVENT
13790,86134,86036,25546,453,-36, NO_EVENT
13791,86864,86100,72514,1119,730, NO_EVENT
13792,90313,87416,1293558,4317,3449, NO_EVENT
13793,137214,115743,137626633,46901,46901, TOUCHED
13794,133716,135871,2884158,4214,-3498, TOUCHED
13795,100184,122814,1923459,33940,-32687, TOUCHED
13796,87462,89592,2955186,4512,-4512, UNTOUCHED
13797,85595,86552,347109,1867,-1867, NO_EVENT
13798,85481,85905,248650,1342,-709, NO_EVENT
13799,86411,86087,131401,918,886, NO_EVENT
13800,86683,86476,242591,1276,853, NO_EVENT
13801,137652,109093,59920854,49676,49676, TOUCHED
13802,93757,127096,32507234,43895,-43895, TOUCHED
13803,86304,88345,4130062,7453,-7453, UNTOUCHED
13804,85278,85652,199610,1087,-1026, NO_EVENT
13805,84763,84704,47625,789,-515, NO_EVENT
13806,84430,84503,42136,544,-333, NO_EVENT
13807,85105,85039,68676,736,534, NO_EVENT
13808,135605,94857,159958631,49610,49610, TOUCHED
13809,136253,136675,2418496,3513,648, TOUCHED
13810,91174,124129,156592576,45079,-45079, TOUCHED
13811,85083,86974,3434931,6091,-6091, UNTOUCHED
13812,83607,84170,206493,1476,-1476, NO_EVENT
13813,83067,83111,100752,915,-540, NO_EVENT
13814,82885,82790,49266,684,136, NO_EVENT
13815,84587,83929,83442,1100,673, NO_EVENT
13816,133604,95184,71543535,49152,49017, TOUCHED
13817,127446,130772,6409450,6158,-6158, TOUCHED
13818,115232,125820,22110079,16013,-12214, TOUCHED
13819,85964,92471,92473387,29296,-29268, UNTOUCHED
13820,84072,84599,388459,2124,-1892, NO_EVENT
13821,82778,83469,174417,1294,-1294, NO_EVENT
13822,83494,83282,92628,800,579, NO_EVENT
13823,84789,84002,51266,1032,781, NO_EVENT
13824,88818,86120,2670718,4188,4029, NO_EVENT
13825,130371,127302,20598877,9969,9680, TOUCHED
13826,125827,126946,4582893,5872,-4544, TOUCHED
13827,87098,100676,160009365,30730,-30730, UNTOUCHED
13828,84761,85133,663507,2730,-2337, NO_EVENT
13829,83304,83636,272070,1975,-1457, NO_EVENT
13830,83141,82946,137621,1143,303, NO_EVENT
13831,83526,83002,77088,896,385, NO_EVENT
13832,84895,84026,162299,1369,1369, NO_EVENT
13833,132595,106666,144241401,48920,47700, TOUCHED
13834,127918,132122,6579586,7186,-4677, TOUCHED
13835,84870,91797,104586887,43048,-43048, UNTOUCHED
13836,83305,84270,379824,1681,-1560, NO_EVENT
13837,82398,82691,57326,689,-584, NO_EVENT
13838,81949,81978,29303,571,-449, NO_EVENT
13839,81806,81857,64207,759,-143, NO_EVENT
13840,82290,81926,89895,913,347, NO_EVENT
13841,84667,82965,607003,2565,2377, NO_EVENT
13842,133435,118047,148119919,48768,48768, TOUCHED
13843,129758,130566,972262,3793,-3677, TOUCHED
13844,86183,108785,116975639,43575,-43575, UNTOUCHED
13845,82063,84101,1319643,4120,-4120, NO_EVENT
13846,81759,81788,144068,1026,-24, NO_EVENT
13847,80388,81068,400420,1813,-1371, NO_EVENT
13848,79731,80346,138765,1034,-657, NO_EVENT
13849,80326,80086,213387,1389,191, NO_EVENT
13850,81218,80546,95276,900,892, NO_EVENT
13851,82680,82025,212997,1462,1462, NO_EVENT
13852,136376,110359,120248441,52113,51754, TOUCHED
13853,112698,131527,37236832,23678,-23678, TOUCHED
13854,84704,90719,92877651,27994,-27994, UNTOUCHED
13855,83081,84040,276860,1623,-1623, NO_EVENT
13856,81943,82157,177573,1399,-1138, NO_EVENT
13857,81215,81520,51181,728,-728, NO_EVENT
13858,82049,81621,40303,730,379, NO_EVENT
13859,82931,82028,115562,1108,882, NO_EVENT
13860,83387,83115,425283,1981,456, NO_EVENT
13861,85629,84930,527560,2440,2242, NO_EVENT
13862,136729,116072,43663661,49855,49855, TOUCHED
13863,94276,127341,153807499,42453,-42453, TOUCHED
13864,85597,88723,8163154,8679,-8679, UNTOUCHED
13865,83193,84450,630081,2404,-2404, NO_EVENT
13866,82003,82377,141383,1190,-1190, NO_EVENT
13867,81072,81571,134832,931,-931, NO_EVENT
13868,81968,81651,58261,724,151, NO_EVENT
13869,83005,82153,129479,1196,1037, NO_EVENT
13870,136830,96220,74503043,53825,53825, TOUCHED
13871,137109,135414,1996718,3385,279, TOUCHED
13872,84769,101044,24606564,48107,-48107, UNTOUCHED
13873,80992,82353,950301,3777,-3777, NO_EVENT
13874,79734,80370,289681,1586,-1499, NO_EVENT
13875,79169,79425,162604,1153,-565, NO_EVENT
13876,79409,79145,90937,695,-28, NO_EVENT
13877,80115,79786,123129,959,706, NO_EVENT
13878,82269,81152,135557,1424,1424, NO_EVENT
13879,86694,83661,1910616,4667,4425, NO_EVENT
13880,135519,119220,22894713,50601,48825, TOUCHED
13881,135695,136752,2002017,3471,176, TOUCHED
13882,88615,113614,32256919,48266,-47080, UNTOUCHED
13883,84726,86371,1458835,3889,-3889, NO_EVENT
13884,82679,83630,490289,2047,-2047, NO_EVENT
13885,81924,82220,112651,1057,-755, NO_EVENT
13886,82016,81710,20406,483,92, NO_EVENT
13887,82097,81915,24807,453,81, NO_EVENT
13888,83224,82429,258331,1260,1127, NO_EVENT
13889,114666,92968,11625155,31442,31442, TOUCHED
13890,135001,134223,116745,1142,928, TOUCHED
13891,129781,133051,3801929,5220,-5220, TOUCHED
13892,130425,128940,5533644,5445,644, TOUCHED
13893,87735,112532,92754324,40093,-40093, UNTOUCHED
13894,84571,85767,1076844,3388,-3164, NO_EVENT
13895,83116,83940,164658,1455,-1455, NO_EVENT
13896,82527,83085,213285,1259,-589, NO_EVENT
13897,83828,83411,95231,859,76, NO_EVENT
13898,84556,84050,98546,831,728, NO_EVENT
13899,86173,85005,201397,1721,1617, NO_EVENT
13900,117322,93133,146900544,31385,31149, TOUCHED
13901,134684,134712,28752043,21107,17362, TOUCHED
13902,136720,136150,1119096,2580,884, TOUCHED
13903,90948,122061,94053582,45772,-45772, TOUCHED
13904,86378,87953,2430489,5066,-4570, UNTOUCHED
13905,85018,85766,225014,1360,-1360, NO_EVENT
13906,85189,84845,23208,542,171, NO_EVENT
13907,85844,85056,165604,1290,655, NO_EVENT
13908,86816,85828,300398,1834,972, NO_EVENT
13909,130041,118105,128221110,46387,43225, TOUCHED
13910,130459,132413,1468422,3508,-3508, TOUCHED
13911,109945,121657,50996671,20514,-20514, TOUCHED
13912,92034,98346,38975619,17911,-17911, TOUCHED
13913,87157,89035,1998077,4877,-4877, UNTOUCHED
13914,85565,86369,186740,1592,-1592, NO_EVENT
13915,85282,85817,80717,904,-283, NO_EVENT
13916,127181,89507,124158028,41899,41899, TOUCHED
13917,131015,130549,3804708,5501,3834, TOUCHED
13918,125578,130711,5826855,8583,-5437, TOUCHED
13919,116651,124420,15936168,11111,-8927, TOUCHED
13920,85749,92044,49964020,30902,-30902, UNTOUCHED
13921,84085,84990,320582,1664,-1664, NO_EVENT
13922,83823,84329,77337,790,-575, NO_EVENT
13923,84127,84272,60237,656,-494, NO_EVENT
13924,85207,84553,77554,1080,1080, NO_EVENT
13925,123195,106830,158086276,37988,37988, TOUCHED
13926,124715,128115,6425480,6562,-1117, TOUCHED
13927,92290,108338,103795559,32425,-32425, TOUCHED
13928,85485,87529,1943731,4104,-4104, UNTOUCHED
13929,84176,84962,310739,1548,-1548, NO_EVENT
13930,84247,84348,156792,1028,-586, NO_EVENT
13931,84328,83934,183962,1138,81, NO_EVENT
13932,84795,84290,197737,1346,467, NO_EVENT
13933,85586,85033,113353,931,791, NO_EVENT
13934,130238,106867,18443472,44652,44652, TOUCHED
13935,129775,130395,2582765,4039,-463, TOUCHED
13936,127531,131018,2670092,5148,-2244, TOUCHED
13937,89571,121855,95463330,39449,-37960, UNTOUCHED
13938,85820,86861,1585775,3751,-3751, NO_EVENT
13939,84548,84994,162602,1272,-1272, NO_EVENT
13940,84604,84292,94040,730,56, NO_EVENT
13941,85285,84764,121944,1068,681, NO_EVENT
13942,96863,87376,8973521,11578,11578, TOUCHED
13943,121020,118342,117869325,28282,24157, TOUCHED
13944,121701,123451,6981061,6634,681, TOUCHED
13945,125376,124539,7811289,6663,3675, TOUCHED
13946,130067,129784,954272,2513,-1031, TOUCHED
13947,83231,104859,38413889,47404,-46836, UNTOUCHED
13948,83135,82821,47260,600,-96, NO_EVENT
13949,83658,82903,237210,1432,523, NO_EVENT
13950,83672,83574,69295,812,14, NO_EVENT
13951,84477,84142,61088,805,805, NO_EVENT
13952,85181,84911,140126,984,407, NO_EVENT
13953,86230,85681,95557,1024,553, NO_EVENT
13954,87724,86516,106990,1494,1494, NO_EVENT
13955,120356,93624,104141944,32632,32632, TOUCHED
13956,132858,132312,31145778,16986,12502, TOUCHED
13957,133758,134518,689386,2590,900, TOUCHED
13958,94158,115413,92441789,40487,-40487, TOUCHED
13959,87193,90225,4379547,6965,-6965, UNTOUCHED
13960,86718,86733,119213,1081,-475, NO_EVENT
13961,86031,86155,79355,870,-687, NO_EVENT
13962,85789,85712,48879,579,-242, NO_EVENT
13963,86394,85968,122341,1010,605, NO_EVENT
13964,87307,86521,250359,1464,913, NO_EVENT
13965,92342,88836,2231080,5420,5035, TOUCHED
13966,128107,111058,74967603,35765,35765, TOUCHED
13967,122264,124825,5175347,5133,-3996, TOUCHED
13968,119050,123415,6239260,7199,-3214, TOUCHED
13969,111596,117324,10429233,7902,-7454, TOUCHED
13970,90943,97537,43861305,17836,-17836, TOUCHED
13971,86968,88751,1114089,3975,-3975, UNTOUCHED
13972,85883,86578,248670,1530,-1085, NO_EVENT
13973,85761,86066,144476,1122,-122, NO_EVENT
13974,86624,86319,45243,863,863, NO_EVENT
13975,87306,86911,138079,945,682, NO_EVENT
13976,130732,103100,68035842,43426,43426, TOUCHED
13977,128104,129584,8158660,6972,-2628, TOUCHED
13978,126131,129133,5370875,6408,-6408, TOUCHED
13979,119965,123753,7955266,6988,-6166, TOUCHED
13980,118044,124248,10399415,9862,-9862, TOUCHED
13981,91913,98910,52478059,26131,-26131, TOUCHED
13982,88659,89879,1276042,3429,-3254, UNTOUCHED
13983,89271,88448,59625,1144,612, NO_EVENT
13984,119031,94100,86741720,29760,29760, TOUCHED
13985,123978,127986,26608715,13775,4947, TOUCHED
13986,129243,129692,2256639,7427,5265, TOUCHED
13987,124529,129270,6056323,6587,-4714, TOUCHED
13988,127612,128173,4039418,5858,3083, TOUCHED
13989,130416,130136,2067941,3510,2804, TOUCHED
13990,131233,130811,1725371,3428,817, TOUCHED
13991,128688,130727,1826931,3925,-1084, TOUCHED
13992,131356,130626,1655896,3352,2668, TOUCHED
13993,130481,130634,255131,1362,-875, TOUCHED
13994,132281,131599,303058,1409,668, TOUCHED
13995,130902,131973,1198246,2680,-1379, TOUCHED
13996,129680,130246,856371,2339,-1222, TOUCHED
13997,129381,130513,775840,2323,-299, TOUCHED
13998,128344,128375,3597313,4810,-1037, TOUCHED
13999,125312,124392,3224471,4519,3703, TOUCHED
14000,123637,126487,9824944,7252,-1675, TOUCHED
14001,125095,125999,3546936,4914,1458, TOUCHED
14002,119674,124278,9774232,8041,-5421, TOUCHED
14003,117099,120517,6127507,6985,-2575, TOUCHED
14004,85876,107149,113537219,32053,-31223, UNTOUCHED
14005,84394,84695,524700,2214,-1482, NO_EVENT
14006,82983,83836,154880,1411,-1411, NO_EVENT
14007,82784,83347,101691,989,-199, NO_EVENT
14008,82566,83332,176279,1125,-218, NO_EVENT
14009,84585,83531,123814,1598,1263, NO_EVENT
14010,86161,84756,325115,2095,1576, NO_EVENT
14011,143376,121386,123583060,57215,57215, TOUCHED
14012,103568,135393,81396410,39808,-39808, TOUCHED
14013,86512,91667,38609760,17056,-17056, UNTOUCHED
14014,84924,85800,494045,2127,-2064, NO_EVENT
14015,84567,84430,88927,984,-357, NO_EVENT
14016,84667,84374,78383,756,100, NO_EVENT
14017,85047,84710,106171,957,380, NO_EVENT
14018,86873,85912,492906,1877,1826, NO_EVENT
14019,137832,117681,11953436,50959,50959, TOUCHED
14020,89639,109481,137501025,41422,-41422, UNTOUCHED
14021,86190,87722,1305848,3449,-3449, NO_EVENT
14022,85483,85976,139608,1050,-707, NO_EVENT
14023,86225,85871,115689,805,742, NO_EVENT
14024,122077,89088,47972759,35969,35852, TOUCHED
14025,136652,133339,51078893,17593,14575, TOUCHED
14026,129355,133748,10665032,7583,-7297, TOUCHED
14027,92379,102577,104874683,36976,-36976, TOUCHED
14028,87826,89691,2383264,4553,-4553, UNTOUCHED
14029,86365,86532,567532,2242,-1461, NO_EVENT
14030,85531,85689,223517,1237,-834, NO_EVENT
14031,85478,85222,75573,619,-53, NO_EVENT
14032,86162,85967,115839,1064,684, NO_EVENT
14033,136530,113961,151737088,50368,50368, TOUCHED
14034,135874,139764,1240452,4617,-4616, TOUCHED
14035,89089,117495,8645101,46785,-46785, UNTOUCHED
14036,85246,86499,1237250,3843,-3843, NO_EVENT
14037,84453,84556,145066,1225,-793, NO_EVENT
14038,82076,83049,579112,2377,-2377, NO_EVENT
14039,81992,81916,116894,997,-325, NO_EVENT
14040,81171,81450,72517,821,-821, NO_EVENT
14041,80574,80988,92693,773,-597, NO_EVENT
14042,80551,80714,87188,805,-590, NO_EVENT
14043,81172,80606,88790,991,621, NO_EVENT
14044,81213,81234,149361,1077,41, NO_EVENT
14045,82318,81864,91482,899,618, NO_EVENT
14046,83870,82954,354758,1552,1552, NO_EVENT
14047,139356,112916,44816311,55486,55486, TOUCHED
14048,144671,142903,1786159,3242,3242, TOUCHED
14049,131646,137710,11789040,9736,-7901, TOUCHED
14050,85830,110633,4855797,45816,-45816, UNTOUCHED
14051,83940,85016,481952,2152,-1890, NO_EVENT
14052,83302,83692,85502,873,-873, NO_EVENT
14053,83080,82921,216378,1118,-520, NO_EVENT
14054,87325,83950,1251158,4245,4245, NO_EVENT
14055,131705,119277,105811030,44380,44380, TOUCHED
14056,114456,124386,26121217,17249,-17249, TOUCHED
14057,84233,91036,93774189,30223,-30223, UNTOUCHED
14058,81773,82923,450071,2460,-2460, NO_EVENT
14059,82003,81902,75998,870,230, NO_EVENT
14060,81412,81595,74598,853,-591, NO_EVENT
14061,81640,81682,48888,581,228, NO_EVENT
14062,82110,81916,45107,581,470, NO_EVENT
14063,86239,84133,1794929,3551,3551, NO_EVENT
14064,142336,136634,49765818,56097,56097, TOUCHED
14065,134947,140869,3142238,7760,-7389, TOUCHED
14066,84176,100455,95958295,50771,-50771, UNTOUCHED
14067,82256,83129,302568,1697,-1697, NO_EVENT
14068,81980,82161,99453,911,-276, NO_EVENT
14069,82020,82058,26754,453,40, NO_EVENT
14070,82415,82450,106256,941,395, NO_EVENT
14071,84663,83763,89165,1258,1215, NO_EVENT
14072,88175,85530,661263,3523,3512, NO_EVENT
14073,138749,123851,69319968,50574,50574, TOUCHED
14074,90093,109044,51766151,48656,-48656, UNTOUCHED
14075,86152,87501,1092101,2900,-2900, NO_EVENT
14076,85697,86051,257592,1476,-1268, NO_EVENT
14077,85714,85296,102922,862,205, NO_EVENT
14078,85540,85264,110061,986,-174, NO_EVENT
14079,85386,85302,49348,578,-154, NO_EVENT
14080,86045,85375,157168,1137,659, NO_EVENT
14081,87009,86427,162079,1231,964, NO_EVENT
14082,94757,90270,5194395,7748,7748, TOUCHED
14083,89375,92335,3688020,5382,-5382, UNTOUCHED
14084,85990,86824,819803,2509,-2423, NO_EVENT
14085,85285,85414,322157,1619,-711, NO_EVENT
14086,85041,84521,143317,1107,-244, NO_EVENT
14087,85759,85019,261093,1555,718, NO_EVENT
14088,109321,92156,93617579,23601,23562, TOUCHED
14089,144655,140647,89263594,35748,35334, TOUCHED
14090,96445,127942,37500721,50195,-48210, TOUCHED
14091,86388,90225,7287153,10057,-10057, UNTOUCHED
14092,84267,85543,491252,2121,-2121, NO_EVENT
14093,83142,83954,227975,1389,-1125, NO_EVENT
14094,82778,82805,188665,1197,-817, NO_EVENT
14095,82357,82554,66050,625,-421, NO_EVENT
14096,84260,83458,430884,1903,1903, NO_EVENT
14097,87682,85519,1159879,3422,3422, NO_EVENT
14098,142914,130038,78242982,59678,55232, TOUCHED
14099,86690,104574,1699173,56224,-56224, UNTOUCHED
14100,82795,84882,1261916,3895,-3895, NO_EVENT
14101,80792,81937,341433,2003,-2003, NO_EVENT
14102,78750,79563,708333,2613,-2042, NO_EVENT
14103,76863,77989,348498,1887,-1887, NO_EVENT
14104,77003,77292,126093,818,-727, NO_EVENT
14105,76983,77227,41255,494,-20, NO_EVENT
14106,78777,78251,238468,1462,653, NO_EVENT
14107,80580,79748,649913,2012,1803, NO_EVENT
14108,76521,77433,1861096,4115,-3885, NO_EVENT
14109,75609,75964,144030,1179,-912, NO_EVENT
14110,75833,75875,162931,1373,224, NO_EVENT
14111,75356,75585,176471,1282,-629, NO_EVENT
14112,75150,75329,29094,537,-206, NO_EVENT
14113,75345,75115,60262,716,195, NO_EVENT
14114,74689,74944,38008,656,-656, NO_EVENT
14115,74413,74732,90961,748,-594, NO_EVENT
14116,74532,74713,42000,662,119, NO_EVENT
14117,74578,74724,59038,752,46, NO_EVENT
14118,74872,74761,14918,330,294, NO_EVENT
14119,74461,74616,44166,591,-395, NO_EVENT
14120,74608,74888,34013,530,-285, NO_EVENT
14121,74641,74726,11975,280,33, NO_EVENT
14122,74670,74696,15069,406,29, NO_EVENT
14123,74385,74693,30847,523,-285, NO_EVENT
14124,74495,74599,27317,417,76, NO_EVENT
14125,74337,74800,124819,1039,-158, NO_EVENT
14126,74900,74798,100739,819,563, NO_EVENT
14127,74664,74922,19545,393,-236, NO_EVENT
14128,74879,74910,44039,723,-338, NO_EVENT
14129,74802,74926,106611,915,-51, NO_EVENT
14130,75315,75078,80309,898,513, NO_EVENT
14131,75077,74894,80541,916,-238, NO_EVENT
14132,74539,74828,91913,862,-538, NO_EVENT
14133,74622,74839,39425,532,-310, NO_EVENT
14134,74693,74827,55610,604,71, NO_EVENT
14135,74898,74966,60450,720,205, NO_EVENT
14136,74426,74769,74656,682,-472, NO_EVENT
14137,74450,74775,102545,866,-578, NO_EVENT
14138,74569,74752,87276,861,119, NO_EVENT
14139,74598,74728,36512,506,29, NO_EVENT
14140,74704,74788,9251,300,106, NO_EVENT
14141,74603,74751,18260,396,-388, NO_EVENT
14142,74611,74628,12587,343,-202, NO_EVENT
14143,74362,74768,51782,802,-249, NO_EVENT
14144,75007,74864,54766,864,645, NO_EVENT
14145,74248,74700,83324,759,-759, NO_EVENT
14146,74508,74739,13174,377,-377, NO_EVENT
14147,74596,74713,55074,733,88, NO_EVENT
14148,74751,74748,45536,615,155, NO_EVENT
14149,74940,74593,29538,680,189, NO_EVENT
14150,74561,74643,21937,453,-379, NO_EVENT
14151,74119,74584,59847,734,-636, NO_EVENT
14152,74644,74770,44869,903,525, NO_EVENT
14153,74616,74794,72458,696,-28, NO_EVENT
14154,74658,74701,33481,567,42, NO_EVENT
14155,74229,74642,70425,809,-591, NO_EVENT
14156,74272,74657,89639,1026,43, NO_EVENT
14157,74561,74461,50177,600,289, NO_EVENT
14158,74739,74552,88347,974,178, NO_EVENT
14159,74626,74635,11821,297,-113, NO_EVENT
14160,74519,74676,103758,1001,-253, NO_EVENT
14161,74308,74686,63446,819,-211, NO_EVENT
14162,74820,74555,58507,688,512, NO_EVENT
14163,74571,74600,55166,574,-249, NO_EVENT
14164,74403,74450,15455,393,-168, NO_EVENT
14165,74480,74702,19297,493,-249, NO_EVENT
14166,74795,74727,58439,752,315, NO_EVENT
14167,74887,74727,16555,331,92, NO_EVENT
14168,74326,74587,41144,561,-561, NO_EVENT
14169,74458,74622,32864,523,-219, NO_EVENT
14170,74494,74640,40912,549,-82, NO_EVENT
14171,74629,74593,111596,1014,135, NO_EVENT
14172,74660,74668,30395,571,31, NO_EVENT
14173,74316,74417,17564,377,-344, NO_EVENT
14174,74437,74615,69273,697,-438, NO_EVENT
14175,74712,74503,63387,756,275, NO_EVENT
14176,74624,74878,33686,610,-88, NO_EVENT
14177,74909,74710,53801,655,285, NO_EVENT
14178,74212,74589,47078,697,-697, NO_EVENT
14179,74332,74545,52589,686,-357, NO_EVENT
14180,74287,74540,125067,965,-45, NO_EVENT
14181,74720,74650,25133,601,433, NO_EVENT
14182,74692,74684,14254,366,-28, NO_EVENT
14183,74599,74801,48197,706,-606, NO_EVENT
14184,74386,74601,176506,1292,-213, NO_EVENT
14185,74622,74637,52084,697,236, NO_EVENT
14186,74602,74680,26354,511,-20, NO_EVENT
14187,74495,74534,33992,586,-107, NO_EVENT
14188,74491,74603,43181,512,-353, NO_EVENT
14189,74345,74615,38975,534,-146, NO_EVENT
14190,74615,74521,49298,702,270, NO_EVENT
14191,74675,74688,33285,599,60, NO_EVENT
14192,74668,74641,9455,281,-7, NO_EVENT
14193,74188,74651,35371,636,-553, NO_EVENT
14194,74323,74548,150508,1209,135, NO_EVENT
14195,74581,74384,32425,483,258, NO_EVENT
14196,74603,74626,34516,610,22, NO_EVENT
14197,74212,74702,50465,707,-590, NO_EVENT
14198,74132,74417,17546,472,-317, NO_EVENT
14199,74394,74583,56809,831,262, NO_EVENT
14200,74727,74946,125455,1024,333, NO_EVENT
14201,74693,74755,24156,466,-34, NO_EVENT
14202,74592,74667,18525,401,-246, NO_EVENT
14203,74710,74696,72266,721,118, NO_EVENT
14204,74381,74591,87181,808,-329, NO_EVENT
14205,74530,74671,38080,559,149, NO_EVENT
14206,74216,74536,31230,562,-314, NO_EVENT
14207,74005,74552,66856,863,-542, NO_EVENT
14208,74355,74687,70297,1086,350, NO_EVENT
14209,74469,74597,39063,620,114, NO_EVENT
14210,74621,74593,22042,442,152, NO_EVENT
14211,74323,74533,11797,340,-340, NO_EVENT
14212,75005,74826,37499,485,151, NO_EVENT
14213,74701,74631,72688,746,-304, NO_EVENT
14214,74406,74646,60614,653,-295, NO_EVENT
14215,74553,74675,72150,734,147, NO_EVENT
14216,74464,74817,26114,509,-376, NO_EVENT
14217,74611,74625,96378,888,147, NO_EVENT
14218,74370,74518,64262,831,-241, NO_EVENT
