      -310, 
    176702,      79800,      80023,      20336,        405,       -155, NO_EVENT
    176727,      79855,      79998,      22375,        347,       -243, NO_EVENT
    176752,      79795,      79992,      33685,        432,        -60, NO_EVENT
    176777,      74767,      79609,    2063474,       5485,      -5485, NO_EVENT
    176802,      74278,      74312,      40995,        828,       -489, NO_EVENT
    176827,      74089,      74125,      22440,        475,       -189, NO_EVENT
    176852,      74025,      74248,      51503,        591,       -591, NO_EVENT
    176877,      74038,      74207,      44664,        636,       -553, NO_EVENT
    176902,      74417,      74126,      41284,        653,        379, NO_EVENT
    176927,      74203,      74204,      48950,        544,       -214, NO_EVENT
    176952,      74230,      74136,      34710,        454,         27, NO_EVENT
    176977,      74294,      74203,      13764,        378,         64, NO_EVENT
    177002,      73995,      74107,      15147,        338,        -43, NO_EVENT
    177027,      74207,      74235,      87220,        759,        212, NO_EVENT
    177052,      74332,      74232,      42685,        689,        125, NO_EVENT
    177077,      74244,      74284,      31624,        504,        -88, NO_EVENT
    177102,      74175,      74273,      41025,        620,        -69, NO_EVENT
    177127,      74013,      74282,      68978,        736,       -421, NO_EVENT
    177152,      74142,      74153,      16546,        402,       -127, NO_EVENT
    177177,      74339,      74221,      44602,        567,        197, NO_EVENT
    177202,      74339,      74107,      77583,        738,          0, NO_EVENT
    177227,      74211,      74209,      29224,        446,       -128, NO_EVENT
    177252,      74241,      74143,      33493,        524,         30, NO_EVENT
    177277,      74138,      74352,      22039,        399,       -386, NO_EVENT
    177302,      74252,      74184,      22990,        492,        114, NO_EVENT
    177327,      74446,      74179,      41939,        573,        194, NO_EVENT
    177352,      74602,      74197,      42863,        664,        156, NO_EVENT
    177377,      74273,      74284,      51888,        632,       -329, NO_EVENT
    177402,      73770,      74170,      42445,        583,       -347, NO_EVENT
    177427,      74181,      74356,      27516,        447,       -443, NO_EVENT
    177452,      74392,      74261,      69519,        783,        211, NO_EVENT
    177477,      74555,      74239,      71966,        825,        163, NO_EVENT
    177502,      74261,      74314,      62659,        694,       -294, NO_EVENT
    177527,      74032,      74143,      37272,        595,       -229, NO_EVENT
    177552,      73972,      74219,      20213,        447,       -326, NO_EVENT
    177577,      74480,      74336,      60670,        610,        508, NO_EVENT
    177602,      74201,      74236,      69745,        815,       -279, NO_EVENT
    177627,      74078,      74197,      85862,        871,       -123, NO_EVENT
    177652,      74175,      74295,      35547,        579,         97, NO_EVENT
    177677,      73988,      74272,      35972,        603,       -364, NO_EVENT
    177702,      74247,      74327,      38730,        544,       -252, NO_EVENT
    177727,      74223,      74233,      17596,        350,        -24, NO_EVENT
    177752,      74189,      74305,      37653,        612,        -34, NO_EVENT
    177777,      73926,      74241,      79218,        842,       -263, NO_EVENT
    177802,      74053,      74303,      40924,        563,       -329, NO_EVENT
    177827,      73923,      74321,      60645,        704,       -408, NO_EVENT
    177852,      74505,      74266,      44214,        582,        582, NO_EVENT
    177877,      74201,      74230,      41193,        506,       -304, NO_EVENT
    177902,      74477,      74337,      22216,        386,        276, NO_EVENT
    177927,      74367,      74259,      55163,        662,       -110, NO_EVENT
    177952,      74070,      74254,      38329,        569,       -365, NO_EVENT
    177977,      74363,      74256,      94306,        908,        293, NO_EVENT
    178002,      74404,      74154,      42452,        579,         41, NO_EVENT
    178027,      74317,      74242,      59828,        747,        -87, NO_EVENT
    178052,      73936,      74286,      35279,        585,       -381, NO_EVENT
    178077,      73937,      74190,      20628,        467,       -343, NO_EVENT
    178102,      74035,      74130,       8616,        220,       -149, NO_EVENT
    178127,      74420,      74202,      55588,        647,        385, NO_EVENT
    178152,      74442,      74231,      45039,        596,         22, NO_EVENT
    178177,      74124,      74209,      44375,        567,       -318, NO_EVENT
    178202,      73979,      74132,      67441,        683,       -145, NO_EVENT
    178227,      74259,      74241,       7930,        282,         69, NO_EVENT
    178252,      74224,      74249,      57529,        697,        -35, NO_EVENT
    178277,      74420,      74153,      43275,        667,        196, NO_EVENT
    178302,      74173,      74231,      42999,        497,       -247, NO_EVENT
    178327,      74197,      74167,      33462,        546,         24, NO_EVENT
    178352,      74118,      74169,      36618,        532,       -360, NO_EVENT
    178377,      74177,      74397,      41586,        590,       -306, NO_EVENT
    178402,      74330,      74268,      39657,        620,        153, NO_EVENT
    178427,      74215,      74242,      30134,        480,       -115, NO_EVENT
    178452,      74212,      74238,       3065,        159,         -3, NO_EVENT
    178477,      74180,      74378,      87021,        890,       -450, NO_EVENT
    178502,      74255,      74312,      16597,        382,       -157, NO_EVENT
    178527,      74148,      74393,      47537,        653,       -107, NO_EVENT
    178552,      74349,      74259,      21661,        394,        201, NO_EVENT
    178577,      74296,      74256,      44836,        634,        -53, NO_EVENT
    178602,      73820,      74305,      49893,        690,       -476, NO_EVENT
    178627,      73783,      74303,      70615,        848,       -848, NO_EVENT
    178652,      74521,      74245,      45797,        752,        738, NO_EVENT
    178677,      74566,      74348,      36843,        621,         45, NO_EVENT
    178702,      74572,      74281,      42747,        549,          6, NO_EVENT
    178727,      73991,      74356,      31790,        581,       -581, NO_EVENT
    178752,      74024,      74294,      37927,        546,       -226, NO_EVENT
    178777,      74368,      74200,      50998,        562,        344, NO_EVENT
    178802,      74398,      74275,      49535,        576,         30, NO_EVENT
    178827,      74448,      74257,      30176,        489,         50, NO_EVENT
    178852,      74226,      74238,      12482,        401,       -222, NO_EVENT
    178877,      74137,      74204,      42799,        596,       -260, NO_EVENT
    178902,      74159,      74320,      32958,        500,       -299, NO_EVENT
    178927,      74198,      74146,      33450,        417,         39, NO_EVENT
    178952,      74323,      74247,      54297,        720,        125, NO_EVENT
    178977,      74174,      74351,      36121,        520,       -149, NO_EVENT
    179002,      73604,      74099,      53313,        742,       -570, NO_EVENT
    179027,      74086,      74374,      14488,        436,       -325, NO_EVENT
    179052,      74315,      74254,      29394,        503,        229, NO_EVENT
    179077,      74160,      74346,      17412,        397,       -155, NO_EVENT
    179102,      74629,      74171,      15459,        566,        469, NO_EVENT
    179127,      74183,      74310,      28506,        582,       -446, NO_EVENT
    179152,      74007,      74277,      82271,        762,       -498, NO_EVENT
    179177,      74173,      74235,      16677,        466,        166, NO_EVENT
    179202,      74530,      74274,       8336,        357,        357, NO_EVENT
    179227,      74309,      74292,      22703,        527,       -221, NO_EVENT
    179252,      74172,      74220,       5165,        203,       -137, NO_EVENT
    179277,      74298,      74236,      45225,        624,       -153, NO_EVENT
    179302,      73882,      74208,      22082,        491,       -329, NO_EVENT
    179327,      74262,      74224,      63095,        727,        380, NO_EVENT
    179352,      74336,      74400,      18535,        376,         74, NO_EVENT
    179377,      74279,      74263,      70675,        720,        -57, NO_EVENT
    179402,      73912,      74185,      74347,        725,       -367, NO_EVENT
    179427,      73935,      74242,      16251,        429,       -379, NO_EVENT
    179452,      74503,      74267,      40275,        607,        568, NO_EVENT
    179477,      74251,      74165,      47970,        616,       -252, NO_EVENT
    179502,      74252,      74297,      77660,        918,          1, NO_EVENT
    179527,      74259,      74277,      41221,        675,          7, NO_EVENT
    179552,      74277,      74437,      18989,        363,       -235, NO_EVENT
    179577,      74438,      74206,      27210,        470,        123, NO_EVENT
    179602,      74371,      74326,      40070,        547,        -67, NO_EVENT
    179627,      74376,      74100,      41893,        610,          5, NO_EVENT
    179652,      74167,      74220,      29139,        486,       -209, NO_EVENT
    179677,      73820,      74145,      25360,        465,       -347, NO_EVENT
    179702,      73611,      74230,      64260,        881,       -659, NO_EVENT
    179727,      74623,      74189,      92201,       1012,       1012, NO_EVENT
    179752,      74393,      74272,      57074,        752,       -230, NO_EVENT
    179777,      74463,      74231,      44096,        500,         70, NO_EVENT
    179802,      74158,      74225,      40241,        540,       -305, NO_EVENT
    179827,      74096,      74290,      37309,        502,       -410, NO_EVENT
    179852,      74210,      74218,      43224,        630,         89, NO_EVENT
    179877,      74206,      74323,      53090,        686,         -4, NO_EVENT
    179902,      74402,      74131,      69627,        619,        196, NO_EVENT
    179927,      73921,      74353,      98225,        852,       -481, NO_EVENT
    179952,      73962,      74098,      78922,        742,       -430, NO_EVENT
    179977,      74244,      74281,      29917,        454,       -119, NO_EVENT
    180002,      74290,      74173,      87477,        848,         46, NO_EVENT
    180027,      74094,      74294,      17677,        434,       -196, NO_EVENT
    180052,      74661,      74280,      31126,        567,        567, NO_EVENT
    180077,      74043,      74244,      69812,        704,       -618, NO_EVENT
    180102,      73986,      74212,      34298,        446,       -394, NO_EVENT
    180127,      74337,      74188,      49649,        651,        351, NO_EVENT
    180152,      74415,      74369,      51772,        725,         78, NO_EVENT
    180177,      74211,      74226,      40803,        570,       -204, NO_EVENT
    180202,      73775,      74174,      54286,        695,       -436, NO_EVENT
    180227,      73989,      74318,      37846,        671,       -671, NO_EVENT
    180252,      74485,      74238,      27085,        413,        349, NO_EVENT
    180277,      74213,      74203,      17817,        519,       -272, NO_EVENT
    180302,      74556,      74197,      50682,        624,        343, NO_EVENT
    180327,      74058,      74343,      36586,        498,       -498, NO_EVENT
    180352,      74009,      74368,      45197,        584,       -584, NO_EVENT
    180377,      74065,      74190,      10280,        284,       -284, NO_EVENT
    180402,      74324,      74153,      59122,        733,        259, NO_EVENT
    180427,      74303,      74174,      28197,        486,        -21, NO_EVENT
    180452,      74433,      74046,      99359,        807,        130, NO_EVENT
    180477,      74163,      74347,      26346,        456,       -270, NO_EVENT
    180502,      74434,      74366,      54808,        700,        339, NO_EVENT
    180527,      74224,      74248,      27450,        532,       -210, NO_EVENT
    180552,      74423,      74225,      91205,        980,        199, NO_EVENT
    180577,      73955,      74113,      45779,        666,       -468, NO_EVENT
    180602,      73827,      74102,      53654,        579,       -128, NO_EVENT
    180627,      73789,      73935,      35205,        569,       -244, NO_EVENT
    180652,      74141,      74265,       6010,        251,       -119, NO_EVENT
    180677,      73993,      74074,      45049,        647,       -148, NO_EVENT
    180702,      74183,      74172,      42811,        590,        190, NO_EVENT
    180727,      74296,      74294,      24342,        392,        113, NO_EVENT
    180752,      73946,      74074,      49892,        573,       -350, NO_EVENT
    180777,      74041,      74300,      30857,        527,       -527, NO_EVENT
    180802,      74337,      73996,      51978,        789,        370, NO_EVENT
    180827,      74259,      74172,      33212,        563,        -78, NO_EVENT
    180852,      74205,      74171,      42211,        602,        -54, NO_EVENT
    180877,      74165,      74216,      32209,        520,        -40, NO_EVENT
    180902,      73906,      74228,      83477,        671,       -259, NO_EVENT
    180927,      73960,      74258,      51403,        618,       -395, NO_EVENT
    180952,      74464,      74169,      37315,        533,        504, NO_EVENT
    180977,      74318,      74328,       7231,        288,       -146, NO_EVENT
    181002,      74611,      74268,      27536,        641,        293, NO_EVENT
    181027,      73777,      74234,      81505,        834,       -834, NO_EVENT
    181052,      74000,      74210,      25992,        458,       -458, NO_EVENT
    181077,      74216,      74172,      20653,        434,        216, NO_EVENT
    181102,      74052,      74125,      27600,        489,       -164, NO_EVENT
    181127,      74284,      74117,      59938,        611,        232, NO_EVENT
    181152,      73965,      74120,      44526,        638,       -319, NO_EVENT
    181177,      74206,      74219,      53647,        655,        -81, NO_EVENT
    181202,      74185,      74319,      58198,        630,        -24, NO_EVENT
    181227,      74304,      74191,      53882,        683,        119, NO_EVENT
    181252,      74527,      74186,      80615,        772,        223, NO_EVENT
    181277,      74480,      74301,      45435,        537,        -47, NO_EVENT
    181302,      73896,      74305,      52620,        610,       -584, NO_EVENT
    181327,      73908,      74245,      36205,        600,       -375, NO_EVENT
    181352,      74506,      74255,      93782,        793,        598, NO_EVENT
    181377,      74627,      74259,     122681,       1008,        121, NO_EVENT
    181402,      74328,      74277,      67874,        794,       -299, NO_EVENT
    181427,      74126,      74361,      15093,        324,       -202, NO_EVENT
    181452,      74202,      74349,      11597,        273,       -273, NO_EVENT
    181477,      74434,      74394,      58838,        657,       -179, NO_EVENT
    181502,      74435,      74168,      34662,        490,          1, NO_EVENT
    181527,      74670,      74420,      48006,        609,        235, NO_EVENT
    181552,      73705,      74265,     117712,        981,       -965, NO_EVENT
    181577,      74210,      74410,      31092,        445,       -329, NO_EVENT
    181602,      74614,      74373,      54836,        670,        555, NO_EVENT
    181627,      74200,      74478,      76059,        665,       -414, NO_EVENT
    181652,      74300,      74216,      23098,        456,        100, NO_EVENT
    181677,      74597,      74257,      40156,        754,        297, NO_EVENT
    181702,      73939,      74400,      63352,        708,       -658, NO_EVENT
    181727,      74086,      74220,      68797,        688,       -325, NO_EVENT
    181752,      74382,      74214,     102024,        952,        296, NO_EVENT
    181777,      74658,      74330,      44364,        573,        276, NO_EVENT
    181802,      74333,      74228,      50384,        759,       -325, NO_EVENT
    181827,      74134,      74303,      70855,        722,       -199, NO_EVENT
    181852,      74032,      74208,      21202,        390,       -273, NO_EVENT
    181877,      74598,      74300,      42722,        669,        566, NO_EVENT
    181902,      74496,      74262,      71891,        759,       -102, NO_EVENT
    181927,      74394,      74376,      54246,        770,       -102, NO_EVENT
    181952,      73777,      74168,      45142,        617,       -617, NO_EVENT
    181977,      74219,      74274,      12733,        271,       -199, NO_EVENT
    182002,      74219,      74299,      21020,        447,       -124, NO_EVENT
    182027,      74446,      74271,      27748,        497,        227, NO_EVENT
    182052,      74147,      74218,      69078,        709,       -299, NO_EVENT
    182077,      74763,      74345,      39896,        693,        616, NO_EVENT
    182102,      74384,      74401,      34467,        621,       -379, NO_EVENT
    182127,      74167,      74406,      30840,        533,       -533, NO_EVENT
    182152,      74569,      74201,      58423,        705,        402, NO_EVENT
    182177,      74545,      74374,      76220,        767,        -24, NO_EVENT
    182202,      74941,      74505,      45737,        784,        396, NO_EVENT
    182227,      74256,      74504,      44391,        685,       -685, NO_EVENT
    182252,      74571,      74424,      32257,        519,        177, NO_EVENT
    182277,      74633,      74496,      60407,        637,         62, NO_EVENT
    182302,      75000,      74503,      81248,        871,        367, NO_EVENT
    182327,      74881,      74599,     112462,        773,       -119, NO_EVENT
    182352,      74457,      74757,     134464,       1077,       -424, NO_EVENT
    182377,      75307,      75125,      34996,        497,        253, NO_EVENT
    182402,      75863,      75254,      73163,        896,        556, NO_EVENT
    182427,      75329,      75343,      88384,        857,       -534, NO_EVENT
    182452,      75695,      75738,      80968,        875,        366, NO_EVENT
    182477,      76539,      76443,      31524,        939,        844, NO_EVENT
    182502,      77008,      77026,      59619,        837,        469, NO_EVENT
    182527,      78971,      78263,     194675,       1298,        699, NO_EVENT
    182552,      80673,      80163,     242464,       1764,       1702, NO_EVENT
    182577,      84406,      82195,     526018,       3001,       3001, NO_EVENT
    182602,     135282,     103528,   52575748,      50876,      50876, TOUCHED
    182627,     143258,     141841,     950339,       2678,        531, TOUCHED
    182652,     142207,     140682,    8099561,       6673,      -1051, TOUCHED
    182677,      88164,     117499,   66010559,      57183,     -54043, UNTOUCHED
    182702,      84564,      86037,     915280,       3600,      -3600, NO_EVENT
    182727,      82357,      83577,     547525,       2207,      -2207, NO_EVENT
    182752,      82155,      82267,     211027,       1176,       -601, NO_EVENT
    182777,      82262,      81932,      61537,        737,        107, NO_EVENT
    182802,      82026,      81977,      69521,        744,       -236, NO_EVENT
    182827,      82542,      82256,      98233,        864,        516, NO_EVENT
    182852,      87244,      85005,     750158,       3141,       3121, NO_EVENT
    182877,     151775,     122541,  140585017,      64531,      64531, TOUCHED
    182902,     153285,     152800,     491128,       1783,       1510, TOUCHED
    182927,     132248,     153394,   41758607,      25482,     -21037, TOUCHED
    182952,      85824,      95077,   96023336,      46617,     -46424, UNTOUCHED
    182977,      83348,      84523,     600813,       2476,      -2476, NO_EVENT
    183002,      82286,      82576,      67540,       1062,      -1062, NO_EVENT
    183027,      81721,      81909,      89612,        832,       -565, NO_EVENT
    183052,      81871,      81731,      27872,        401,        -62, NO_EVENT
    183077,      81273,      81464,      50721,        650,       -598, NO_EVENT
    183102,      81244,      81575,      57974,        678,        -29, NO_EVENT
    183127,      81956,      81610,      46717,        592,         32, NO_EVENT
    183152,      81911,      81582,     105434,        781,        -45, NO_EVENT
    183177,      81629,      81807,      66066,        685,       -282, NO_EVENT
    183202,      85155,      83157,     724629,       2811,       2811, NO_EVENT
    183227,     143713,     119964,    6590868,      58558,      58558, TOUCHED
    183252,     142091,     143479,    2791224,       3892,      -1622, TOUCHED
    183277,     146886,     147027,    5029331,       6640,       4795, TOUCHED
    183302,      85771,     106274,   78284891,      61115,     -61115, UNTOUCHED
    183327,      84461,      84862,     256457,       1476,      -1310, NO_EVENT
    183352,      85048,      84479,      71636,        917,        587, NO_EVENT
    183377,      85305,      85074,      70348,        673,        257, NO_EVENT
    183402,     118356,      96455,  166690704,      33051,      33051, TOUCHED
    183427,     138810,     134823,   37483288,      21051,      20454, TOUCHED
    183452,     143996,     139923,    6754319,       7127,       7127, TOUCHED
    183477,      97414,     128418,  164836617,      46582,     -46582, TOUCHED
    183502,      86081,      87784,    4681090,       5729,      -5729, UNTOUCHED
    183527,      83436,      84435,     482815,       1831,      -1812, NO_EVENT
    183552,      83204,      83064,     101324,        952,       -232, NO_EVENT
    183577,      82297,      82675,      77719,        907,       -907, NO_EVENT
    183602,      82526,      82567,      38958,        551,        229, NO_EVENT
    183627,      83537,      82825,      99205,       1263,        832, NO_EVENT
    183652,      85515,      84049,     382393,       2281,       1978, NO_EVENT
    183677,     135159,     102562,   41660893,      49644,      49644, TOUCHED
    183702,     117167,     124353,   48786457,      17992,     -17992, TOUCHED
    183727,     129889,     134864,   15365056,      19636,      12722, TOUCHED
    183752,      94485,     117819,  119556459,      35404,     -35404, TOUCHED
    183777,      84598,      88101,   10220899,       9887,      -9887, UNTOUCHED
    183802,      82201,      82814,     613555,       2651,      -2397, NO_EVENT
    183827,      81632,      81831,      63787,        797,       -569, NO_EVENT
    183852,      81639,      81336,      85197,        719,         66, NO_EVENT
    183877,      81658,      81310,      65301,        705,         19, NO_EVENT
    183902,      81742,      81796,      70858,        673,         84, NO_EVENT
    183927,      84273,      82728,     949383,       2877,       2531, NO_EVENT
    183952,     142732,     122462,  112602208,      56767,      56767, TOUCHED
    183977,     142084,     143258,    5528774,       5728,       -648, TOUCHED
    184002,     141167,     142231,     230702,       1593,       -917, TOUCHED
    184027,      85271,     101328,   91431673,      55896,     -55896, UNTOUCHED
    184052,      82232,      82819,    1202537,       3537,      -3039, NO_EVENT
    184077,      80740,      81221,     138987,       1492,      -1492, NO_EVENT
    184102,      79963,      80112,     170875,       1346,       -693, NO_EVENT
    184127,      78728,      79405,     143551,       1235,      -1235, NO_EVENT
    184152,      79956,      79209,      59003,       1103,        723, NO_EVENT
    184177,      82000,      80976,     472315,       2044,       2044, NO_EVENT
    184202,      85516,      83503,    2122056,       3516,       3516, NO_EVENT
    184227,     144179,     127093,   27492896,      58663,      58663, TOUCHED
    184252,      85164,      92582,  158476013,      32496,     -32496, UNTOUCHED
    184277,      82471,      83550,     879935,       2477,      -2276, NO_EVENT
    184302,      81712,      81959,     110813,        991,       -759, NO_EVENT
    184327,      80561,      81245,     130495,       1151,      -1151, NO_EVENT
    184352,      81081,      80573,      42703,        773,        455, NO_EVENT
    184377,      80415,      80602,      34939,        666,       -666, NO_EVENT
    184402,      80670,      80721,      51835,        784,        255, NO_EVENT
    184427,      82274,      82003,      91510,        736,        615, NO_EVENT
    184452,     151937,     135950,  117716772,      55020,      52638, TOUCHED
    184477,     155499,     152120,    5511602,       5913,       3471, TOUCHED
    184502,      82817,     101268,   70241860,      72682,     -72682, UNTOUCHED
    184527,      81785,      81914,     112041,        809,       -558, NO_EVENT
    184552,      81447,      81474,      64461,        659,       -338, NO_EVENT
    184577,      80817,      81255,     152382,        991,       -630, NO_EVENT
    184602,      82076,      81632,      58586,        690,        353, NO_EVENT
    184627,      82656,      82007,      51426,        926,        580, NO_EVENT
    184652,      84523,      83186,     480265,       2143,       1867, NO_EVENT
    184677,      87429,      85720,    1043682,       2906,       2906, NO_EVENT
    184702,     160144,     139248,   13051294,      75297,      72715, TOUCHED
    184727,      86412,     100878,   12272256,      73732,     -73732, UNTOUCHED
    184752,      83703,      84831,     812674,       2843,      -2709, NO_EVENT
    184777,      81997,      82439,     244793,       1741,      -1706, NO_EVENT
    184802,      81631,      81752,      19606,        390,       -366, NO_EVENT
    184827,      80984,      81082,     140542,       1116,       -794, NO_EVENT
    184852,      80359,      80648,      40966,        625,       -625, NO_EVENT
    184877,      80479,      80230,     143643,        997,        120, NO_EVENT
    184902,      80336,      80274,     102738,        949,       -143, NO_EVENT
    184927,      81428,      80877,     172093,       1221,       1092, NO_EVENT
    184952,      82902,      82051,     109074,       1299,       1019, NO_EVENT
    184977,      82225,      82810,     204059,       1274,       -677, NO_EVENT
    185002,      80688,      81418,     248397,       1537,      -1537, NO_EVENT
    185027,      79717,      79925,     259099,       1690,       -971, NO_EVENT
    185052,      79362,      79249,      94567,        961,       -355, NO_EVENT
    185077,      80793,      80157,     104233,       1431,       1431, NO_EVENT
    185102,     101853,      86289,   76735938,      21060,      21060, TOUCHED
    185127,     163851,     154114,    4846945,      62298,      61998, TOUCHED
    185152,     163843,     164025,      57149,        501,         -8, TOUCHED
    185177,      82572,     130498,   63533060,      81949,     -81949, UNTOUCHED
    185202,      80452,      81112,     596353,       2454,      -2120, NO_EVENT
    185227,      79257,      79281,     272915,       2058,      -1195, NO_EVENT
    185252,      78527,      78741,     139976,       1070,       -730, NO_EVENT
    185277,      79324,      78422,     191376,       1393,        797, NO_EVENT
    185302,      80234,      79350,     231202,       1589,        910, NO_EVENT
    185327,      81851,      81214,     301129,       1617,       1617, NO_EVENT
    185352,     163567,     119487,  104928053,      80286,      80286, TOUCHED
    185377,     163313,     163695,     101455,        754,       -254, TOUCHED
    185402,     163818,     164373,     272155,       1638,        505, TOUCHED
    185427,      84023,      97414,  154617153,      79795,     -79795, UNTOUCHED
    185452,      81763,      82530,     305661,       2260,      -2260, NO_EVENT
    185477,      81861,      81785,      61657,        727,       -107, NO_EVENT
    185502,      82182,      81766,      49791,        705,        321, NO_EVENT
    185527,      82999,      82299,     155581,       1085,        817, NO_EVENT
    185552,     163623,     110586,  119959954,      79417,      79417, TOUCHED
    185577,     163558,     163861,     138883,        799,        -65, TOUCHED
    185602,      86267,     130966,  121921530,      77960,     -77960, UNTOUCHED
    185627,      82604,      84483,    1430056,       3663,      -3663, NO_EVENT
    185652,      81699,      81967,     101430,       1074,       -905, NO_EVENT
    185677,      81028,      81377,      54654,        671,       -671, NO_EVENT
    185702,      81894,      81244,      67491,        990,        524, NO_EVENT
    185727,      82038,      81811,      94390,        835,        144, NO_EVENT
    185752,      83516,      82549,     269436,       1478,       1478, NO_EVENT
    185777,     163858,     106902,   59344483,      79150,      79150, TOUCHED
    185802,     164398,     164132,      21482,        540,        540, TOUCHED
    185827,      86895,     134222,  138421803,      77503,     -77503, UNTOUCHED
    185852,      83545,      85187,    1276061,       3350,      -3350, NO_EVENT
    185877,      82441,      82733,     173807,       1298,      -1104, NO_EVENT
    185902,      81887,      82102,      99019,        843,       -554, NO_EVENT
    185927,      82145,      82006,      96975,        823,         84, NO_EVENT
    185952,      82448,      82155,      28699,        556,        303, NO_EVENT
    185977,      82534,      82450,      85205,        865,         86, NO_EVENT
    186002,      84987,      83900,     743424,       2453,       2453, NO_EVENT
    186027,     116387,      96027,   23665074,      31105,      31105, TOUCHED
    186052,     163660,     161765,   85956033,      47746,      47273, TOUCHED
    186077,      89925,     123668,   64328655,      73735,     -73735, UNTOUCHED
    186102,      85083,      86730,    1118559,       2997,      -2997, NO_EVENT
    186127,      84439,      85053,     182156,       1127,      -1127, NO_EVENT
    186152,      84703,      84387,     177345,       1266,       -243, NO_EVENT
    186177,      84913,      84172,     172035,       1355,        210, NO_EVENT
    186202,      84940,      84420,     231659,       1375,         27, NO_EVENT
    186227,      86084,      85438,     245766,       1317,       1144, NO_EVENT
    186252,     127504,      96890,  124961860,      41420,      41420, TOUCHED
    186277,     163152,     158391,  130229212,      35648,      35648, TOUCHED
    186302,      92779,     128618,  124139082,      70373,     -70373, TOUCHED
    186327,      86739,      88854,    3916067,       6040,      -6040, UNTOUCHED
    186352,      85996,      86145,     305071,       1467,       -743, NO_EVENT
    186377,      85316,      85372,     201178,       1134,       -680, NO_EVENT
    186402,      84806,      84877,      76933,        939,       -510, NO_EVENT
    186427,      85198,      85133,     144423,       1177,        392, NO_EVENT
    186452,      87496,      86395,     458638,       2298,       2298, NO_EVENT
    186477,     162047,     134179,  144537585,      74615,      74551, TOUCHED
    186502,     161817,     161855,     355733,       1392,       -230, TOUCHED
    186527,     143073,     159569,   24603369,      18744,     -18744, TOUCHED
    186552,      87810,     104330,    5141431,      55263,     -55263, UNTOUCHED
    186577,      84808,      86014,     544154,       2236,      -2236, NO_EVENT
    186602,      85034,      84836,     116685,        949,       -174, NO_EVENT
    186627,      85482,      84837,      77434,       1124,        448, NO_EVENT
    186652,      86722,      85906,     246744,       1286,       1240, NO_EVENT
    186677,     157872,     108828,   81007782,      71150,      71150, TOUCHED
    186702,     156845,     158796,    2069768,       3790,      -1027, TOUCHED
    186727,      90865,     119329,  107336627,      65980,     -65980, TOUCHED
    186752,      84923,      86455,    2010589,       4041,      -4041, UNTOUCHED
    186777,      81874,      82918,    1411982,       3336,      -3180, NO_EVENT
    186802,      80268,      80706,     375632,       1753,      -1606, NO_EVENT
    186827,      78087,      78456,     697263,       3051,      -2181, NO_EVENT
    186852,      75905,      76902,     412830,       2182,      -2182, NO_EVENT
    186877,      75576,      75824,     128660,       1075,       -584, NO_EVENT
    186902,      75471,      75372,      95041,        923,       -105, NO_EVENT
    186927,      75071,      74881,     137146,       1190,       -400, NO_EVENT
    186952,      74661,      74796,      49294,        566,       -410, NO_EVENT
    186977,      75010,      74694,      35135,        603,        450, NO_EVENT
    187002,      74745,      74620,      50485,        744,       -265, NO_EVENT
    187027,      74684,      74539,      41910,        626,        -61, NO_EVENT
    187052,      74337,      74504,      62718,        742,       -347, NO_EVENT
    187077,      74667,      74532,      22735,        441,        211, NO_EVENT
    187102,      74304,      74305,      92567,        879,        501, NO_EVENT
    187127,      74824,      74575,     144233,        998,        520, NO_EVENT
    187152,      74751,      74549,      63215,        658,        -73, NO_EVENT
    187177,      74367,      74446,      27140,        509,       -384, NO_EVENT
    187202,      74380,      74586,      26062,        429,       -256, NO_EVENT
    187227,      74181,      74435,      75097,        746,       -498, NO_EVENT
    187252,      74432,      74477,      25435,        575,        251, NO_EVENT
    187277,      74831,      74449,      79425,        970,        399, NO_EVENT
    187302,      74160,      74478,      47297,        671,       -671, NO_EVENT
    187327,      74557,      74404,      30927,        475,        268, NO_EVENT
    187352,      74862,      74418,      41219,        719,        581, NO_EVENT
    187377,      74527,      74534,      42311,        746,       -335, NO_EVENT
    187402,      74692,      74443,      54200,        720,        165, NO_EVENT
    187427,      74130,      74488,      46149,        679,       -562, NO_EVENT
    187452,      74477,      74539,       4410,        176,       -158, NO_EVENT
    187477,      74664,      74564,      23129,        392,        187, NO_EVENT
    187502,      74651,      74491,      13278,        367,        -13, NO_EVENT
    187527,      74380,      74463,      71242,        795,       -271, NO_EVENT
    187552,      74434,      74542,      11691,        327,         54, NO_EVENT
    187577,      75097,      74680,      25887,        529,        444, NO_EVENT
    187602,      75376,      74653,      75931,        961,        279, NO_EVENT
    187627,      75744,      74966,      87013,       1023,        368, NO_EVENT
    187652,      75514,      75908,      72500,        678,       -230, NO_EVENT
    187677,      77948,      76815,     243793,       1564,       1503, NO_EVENT
    187702,      78578,      77975,      38138,        877,        630, NO_EVENT
    187727,      79485,      78886,      96492,        907,        907, NO_EVENT
    187752,      81266,      80631,     316321,       1781,       1781, NO_EVENT
    187777,      83108,      81924,      87280,       1372,       1372, NO_EVENT
    187802,      88175,      84927,    1974781,       5067,       5067, NO_EVENT
    187827,     164166,     138227,  145438506,      75991,      75991, TOUCHED
    187852,     162944,     163734,     247162,       1283,       -769, TOUCHED
    187877,     164744,     164421,     473625,       2142,       1800, TOUCHED
    187902,     162515,     164091,     218051,       2229,      -2229, TOUCHED
    187927,     161488,     162150,     207960,       1027,      -1027, TOUCHED
    187952,     142438,     152067,   37777338,      19050,     -19050, TOUCHED
    187977,     149951,     148629,   17234069,      11025,       7513, TOUCHED
    188002,      87127,      98165,  162882350,      34375,     -34375, UNTOUCHED
    188027,      84189,      85405,     547375,       2176,      -1489, NO_EVENT
    188052,      82433,      83101,     136842,       1230,      -1230, NO_EVENT
    188077,      81935,      81991,      60757,        782,       -498, NO_EVENT
    188102,      80503,      81074,     148320,       1432,      -1432, NO_EVENT
    188127,      78169,      79461,     579295,       2355,      -2355, NO_EVENT
    188152,      76197,      77147,     387905,       1972,      -1972, NO_EVENT
    188177,      75502,      75609,     231352,       1266,       -634, NO_EVENT
    188202,      75018,      74968,      43927,        855,       -484, NO_EVENT
    188227,      74822,      74706,      34920,        545,       -196, NO_EVENT
    188252,      74620,      74686,      83469,        908,       -202, NO_EVENT
    188277,      74685,      74601,      13100,        348,       -124, NO_EVENT
    188302,      74663,      74474,      21051,        377,         81, NO_EVENT
    188327,      74640,      74551,      14959,        381,        -23, NO_EVENT
    188352,      74863,      74476,      54343,        716,        223, NO_EVENT
    188377,      74465,      74611,      79967,        797,       -398, NO_EVENT
    188402,      74263,      74469,      67438,        753,       -299, NO_EVENT
    188427,      74462,      74440,      22406,        461,        199, NO_EVENT
    188452,      74572,      74516,       6339,        246,        110, NO_EVENT
    188477,      74520,      74617,      67059,        805,        -52, NO_EVENT
    188502,      74413,      74551,      18356,        351,       -107, NO_EVENT
    188527,      74722,      74503,      40846,        550,        141, NO_EVENT
    188552,      74416,      74466,      12696,        420,       -306, NO_EVENT
    188577,      75279,      74654,      50403,        863,        863, NO_EVENT
    188602,      74639,      74526,     115842,       1209,       -640, NO_EVENT
    188627,      74683,      74658,       3004,        159,         44, NO_EVENT
    188652,      74708,      74649,     130545,       1175,        176, NO_EVENT
    188677,      74463,      74474,      35517,        557,       -245, NO_EVENT
    188702,      74351,      74279,      84427,        869,       -112, NO_EVENT
    188727,      74625,      74512,      24164,        465,        274, NO_EVENT
    188752,      74613,      74539,       4327,        194,        -12, NO_EVENT
    188777,      74611,      74532,      74524,        798,         36, NO_EVENT
    188802,      74676,      74512,      60365,        667,         65, NO_EVENT
    188827,      74530,      74503,       6432,        274,       -146, NO_EVENT
    188852,      74614,      74545,      50687,        736,         84, NO_EVENT
    188877,      74793,      74524,      84021,        816,       -117, NO_EVENT
    188902,      74701,      74505,      42177,        599,        437, NO_EVENT
    188927,      74511,      74620,      15715,        334,       -190, NO_EVENT
    188952,      74700,      74525,      24294,        465,        189, NO_EVENT
    188977,      74489,      74642,      19775,        385,       -211, NO_EVENT
    189002,      74670,      74806,      17943,        374,       -301, NO_EVENT
    189027,      74973,      74819,      36300,        513,        303, NO_EVENT
    189052,      75249,      74948,      39508,        569,        276, NO_EVENT
    189077,      75211,      75159,     123912,       1105,        -38, NO_EVENT
    189102,      75591,      75647,      46067,        689,        -41, NO_EVENT
    189127,      76104,      75935,      74960,        820,        513, NO_EVENT
    189152,      77259,      76512,      78239,       1155,       1155, NO_EVENT
    189177,      77972,      77203,     101657,       1186,        713, NO_EVENT
    189202,      78905,      77812,     271282,       1813,        933, NO_EVENT
    189227,      79814,      79010,     229386,       1604,        909, NO_EVENT
    189252,      80181,      79788,      44918,        791,        367, NO_EVENT
    189277,      80791,      80746,     112073,        904,        610, NO_EVENT
    189302,      81382,      80976,     107894,        843,        591, NO_EVENT
    189327,      82389,      81858,      92105,       1061,       1061, NO_EVENT
    189352,      84122,      82724,     270697,       2020,       1733, NO_EVENT
    189377,     145445,      95544,  132195794,      61323,      61323, TOUCHED
    189402,     163647,     159826,   52095162,      18714,      18202, TOUCHED
    189427,     163827,     163875,      39513,        476,        180, TOUCHED
    189452,     144020,     158287,   64356125,      19807,     -19807, TOUCHED
    189477,      85803,     106387,   42642843,      38978,     -38978, UNTOUCHED
    189502,      82136,      83324,    1433252,       3667,      -3667, NO_EVENT
    189527,      81115,      81475,     146226,       1224,      -1021, NO_EVENT
    189552,      78984,      79843,     566318,       2213,      -1901, NO_EVENT
    189577,      77993,      78480,     183205,       1166,       -991, NO_EVENT
    189602,      77100,      77341,     231112,       1532,      -1097, NO_EVENT
    189627,      76519,      76364,     219500,       1394,       -581, NO_EVENT
    189652,      76186,      76333,      62461,        723,       -333, NO_EVENT
    189677,      76554,      76228,      51327,        565,        381, NO_EVENT
    189702,      76928,      76291,      69532,        943,        374, NO_EVENT
    189727,      77024,      77044,      82481,        726,         96, NO_EVENT
    189752,      78930,      77839,     266252,       1563,       1473, NO_EVENT
    189777,      79646,      79200,     153870,        957,        716, NO_EVENT
    189802,      80736,      80149,     191192,       1247,       1170, NO_EVENT
    189827,      81631,      81086,      57397,        895,        895, NO_EVENT
    189852,      81911,      81751,      39297,        578,        280, NO_EVENT
    189877,      82181,      81838,      41162,        569,        485, NO_EVENT
    189902,      82138,      81886,      41332,        636,        -43, NO_EVENT
    189927,      81873,      81872,      69728,        761,       -265, NO_EVENT
    189952,      82415,      81985,      44057,        743,        383, NO_EVENT
    189977,      82547,      82083,      86967,        834,        132, NO_EVENT
    190002,      83187,      82581,     109594,       1148,        640, NO_EVENT
    190027,      85543,      84087,     775756,       2387,       2356, NO_EVENT
    190052,     160666,     111472,   74284941,      75123,      75123, TOUCHED
    190077,     162731,     161931,     690917,       2065,       2065, TOUCHED
    190102,     162905,     161594,     695665,       2016,       2016, TOUCHED
    190127,      86584,     130809,  147665267,      77204,     -76321, UNTOUCHED
    190152,      82740,      84315,    1277574,       2949,      -2949, NO_EVENT
    190177,      81774,      81899,     116498,       1106,       -701, NO_EVENT
    190202,      79556,      80802,     452322,       2218,      -2218, NO_EVENT
    190227,      78342,      78931,     681557,       2353,      -1214, NO_EVENT
    190252,      76085,      77029,     432728,       2257,      -2257, NO_EVENT
    190277,      75629,      75930,      85250,        811,       -741, NO_EVENT
    190302,      75390,      75212,     150550,       1153,       -239, NO_EVENT
    190327,      75161,      75049,      31085,        614,       -229, NO_EVENT
    190352,      73914,      74589,     165753,       1247,      -1247, NO_EVENT
    190377,      74775,      74527,      24892,        480,        480, NO_EVENT
    190402,      74924,      74568,      18903,        540,        149, NO_EVENT
    190427,      74414,      74573,      53675,        685,       -510, NO_EVENT
    190452,      74378,      74538,      19400,        347,        -36, NO_EVENT
    190477,      74580,      74560,       9654,        259,        -84, NO_EVENT
    190502,      74793,      74463,     139307,       1009,        986, NO_EVENT
    190527,      74655,      74624,      59052,        773,       -138, NO_EVENT
    190552,      75002,      74520,      81532,        908,        347, NO_EVENT
    190577,      74464,      74651,      34030,        571,       -538, NO_EVENT
    190602,      74703,      74488,      46101,        656,        252, NO_EVENT
    190627,      74526,      74473,     100766,        842,        352, NO_EVENT
    190652,      74667,      74610,      61659,        858,        141, NO_EVENT
    190677,      74769,      74406,      95501,        897,        102, NO_EVENT
    190702,      74558,      74560,      20126,        409,       -211, NO_EVENT
    190727,      74433,      74532,      41708,        613,       -299, NO_EVENT
    190752,      74775,      74492,      21387,        524,        342, NO_EVENT
    190777,      74558,      74487,      37958,        585,       -217, NO_EVENT
    190802,      74885,      74525,      79158,        807,        327, NO_EVENT
    190827,      74677,      74738,      43762,        596,       -208, NO_EVENT
    190852,      74481,      74589,      22105,        413,       -126, NO_EVENT
    190877,      74635,      74612,     120163,        906,        154, NO_EVENT
    190902,      74786,      74595,      11336,        384,        151, NO_EVENT
    190927,      74702,      74518,      63018,        710,        -84, NO_EVENT
    190952,      74567,      74615,      69614,        741,       -135, NO_EVENT
    190977,      74527,      74588,      57390,        716,         85, NO_EVENT
    191002,      75113,      74613,      48256,        719,        586, NO_EVENT
    191027,      74689,      74694,      51644,        717,       -424, NO_EVENT
    191052,      74335,      74650,      27673,        504,       -354, NO_EVENT
    191077,      74612,      74617,      43373,        690,         23, NO_EVENT
    191102,      74591,      74667,      20178,        465,          0, NO_EVENT
    191127,      74690,      74620,      57754,        610,         99, NO_EVENT
    191152,      74923,      74693,      43263,        573,        233, NO_EVENT
    191177,      74467,      74696,      39072,        538,       -456, NO_EVENT
    191202,      74930,      74627,      95559,        764,         81, NO_EVENT
    191227,      74779,      74744,      17569,        366,       -151, NO_EVENT
    191252,      74923,      74681,      35257,        547,        144, NO_EVENT
    191277,      74795,      74751,      49431,        642,       -128, NO_EVENT
    191302,      74868,      74796,      17032,        389,        112, NO_EVENT
    191327,      74570,      74672,      19595,        340,         14, NO_EVENT
    191352,      74947,      74792,      52533,        556,        377, NO_EVENT
    191377,      75134,      75076,      20843,        437,        187, NO_EVENT
    191402,      75298,      75216,      34744,        551,        164, NO_EVENT
    191427,      75757,      75617,      50854,        602,        483, NO_EVENT
    191452,      76854,      76027,      59634,       1148,       1097, NO_EVENT
    191477,      76989,      76816,     170285,       1224,        135, NO_EVENT
    191502,      78412,      77471,     296185,       1801,       1801, NO_EVENT
    191527,      78564,      78374,      58863,        670,        152, NO_EVENT
    191552,      79982,      79177,      88130,       1234,        913, NO_EVENT
    191577,      80063,      80109,      15039,        352,         81, NO_EVENT
    191602,      80986,      80355,      79022,       1123,       1123, NO_EVENT
    191627,      80825,      80788,      12594,        311,       -161, NO_EVENT
    191652,      80256,      80353,     138310,       1101,       -569, NO_EVENT
    191677,      79851,      79700,      12147,        351,         48, NO_EVENT
    191702,      78483,      79483,     221644,       1368,      -1368, NO_EVENT
    191727,      78764,      78642,     134125,       1061,        214, NO_EVENT
    191752,      79603,      79245,     135481,       1036,        839, NO_EVENT
    191777,      83061,      81192,     555789,       2617,       2617, NO_EVENT
    191802,     161676,     119745,  164399563,      78615,      78615, TOUCHED
    191827,     163725,     163258,     837460,       2339,       2049, TOUCHED
    191852,      84071,     135051,  141254761,      79654,     -79654, UNTOUCHED
    191877,      81545,      82330,     786754,       2601,      -2526, NO_EVENT
    191902,      79010,      79932,     990441,       2880,      -2535, NO_EVENT
    191927,      77225,      77654,     153652,       1105,       -964, NO_EVENT
    191952,      76542,      76122,     203651,       1880,       -683, NO_EVENT
    191977,      75254,      75582,     196272,       1288,      -1288, NO_EVENT
    192002,      75290,      74965,      74910,        846,        405, NO_EVENT
    192027,      75170,      74924,      46807,        733,       -120, NO_EVENT
    192052,      74925,      74631,      76441,        936,       -245, NO_EVENT
    192077,      74334,      74795,     105137,        828,       -591, NO_EVENT
    192102,      75111,      74831,      63017,        640,        -39, NO_EVENT
    192127,      75065,      74781,      42392,        712,        -46, NO_EVENT
    192152,      75003,      74699,      32720,        653,        -62, NO_EVENT
    192177,      74414,      74736,      38747,        589,       -589, NO_EVENT
    192202,      74960,      74825,      10304,        273,          9, NO_EVENT
    192227,      74838,      74781,      52610,        760,         26, NO_EVENT
    192252,      74627,      74628,      58624,        744,       -211, NO_EVENT
    192277,      74869,      74724,      63059,        812,        242, NO_EVENT
    192302,      73968,      74704,     134213,       1212,       -901, NO_EVENT
    192327,      74769,      74644,      44019,        597,        -84, NO_EVENT
    192352,      74969,      74521,      33556,        640,        200, NO_EVENT
    192377,      74853,      74606,      68858,        639,       -116, NO_EVENT
    192402,      74397,      74799,      35583,        608,       -456, NO_EVENT
    192427,      74491,      74633,      33190,        547,         94, NO_EVENT
    192452,      74778,      74861,      22903,        402,       -275, NO_EVENT
    192477,      74934,      74594,      68815,        757,        156, NO_EVENT
    192502,      74595,      74621,      19076,        413,       -339, NO_EVENT
    192527,      74878,      74830,      15052,        427,        283, NO_EVENT
    192552,      74965,      74773,      38030,        515,        234, NO_EVENT
    192577,      74743,      74765,      27454,        529,       -222, NO_EVENT
    192602,      74994,      74622,      37909,        553,        251, NO_EVENT
    192627,      74687,      74631,      73713,        721,       -307, NO_EVENT
    192652,      74217,      74514,      48960,        673,       -470, NO_EVENT
    192677,      74527,      74632,      77741,        701,       -234, NO_EVENT
    192702,      74677,      74589,      27767,        404,        150, NO_EVENT
    192727,      74640,      74619,      79673,        911,        -37, NO_EVENT
    192752,      74126,      74462,      58826,        700,       -514, NO_EVENT
    192777,      74316,      74544,      12352,        334,       -328, NO_EVENT
    192802,      74559,      74457,      30089,        498,        195, NO_EVENT
    192827,      74745,      74649,     126360,       1117,        186, NO_EVENT
    192852,      74787,      74686,      96322,        849,         42, NO_EVENT
    192877,      74416,      74429,      75034,        875,       -371, NO_EVENT
    192902,      74860,      74592,      24505,        466,        173, NO_EVENT
    192927,      74867,      74545,      33120,        515,        402, NO_EVENT
    192952,      74619,      74595,      18883,        483,       -248, NO_EVENT
    192977,      74992,      74415,      47867,        860,        373, NO_EVENT
    193002,      74361,      74673,     212382,       1162,       -631, NO_EVENT
    193027,      74229,      74504,      23720,        439,       -354, NO_EVENT
    193052,      74744,      74658,      30253,        667,        515, NO_EVENT
    193077,      74781,      74584,      11304,        337,         37, NO_EVENT
    193102,      74624,      74583,      91863,        846,       -157, NO_EVENT
    193127,      74323,      74658,     164263,       1106,       -301, NO_EVENT
    193152,      74686,      74664,      19137,        385,        -35, NO_EVENT
    193177,      74738,      74725,      31267,        468,         52, NO_EVENT
    193202,      75117,      74729,     106695,       1054,        379, NO_EVENT
    193227,      74497,      74775,      86862,        842,       -620, NO_EVENT
    193252,      75123,      75013,      20407,        414,        161, NO_EVENT
    193277,      75032,      74951,      37489,        546,        220, NO_EVENT
    193302,      75152,      74974,      43317,        581,        120, NO_EVENT
    193327,      74854,      75017,      29780,        492,       -298, NO_EVENT
    193352,      75086,      75108,      49681,        653,       -212, NO_EVENT
    193377,      75083,      75001,      49094,        627,       -129, NO_EVENT
    193402,      74942,      74936,       5816,        277,       -141, NO_EVENT
    193427,      75216,      74921,      69309,        851,        274, NO_EVENT
    193452,      74882,      74890,      28763,        534,       -334, NO_EVENT
    193477,      75004,      74857,      93446,        920,        -89, NO_EVENT
    193502,      74813,      74919,      68001,        871,       -191, NO_EVENT
    193527,      74700,      74784,      98499,        940,       -113, NO_EVENT
    193552,      74551,      74852,      63787,        714,       -149, NO_EVENT
    193577,      74950,      74851,      79908,        731,          0, NO_EVENT
    193602,      75076,      74984,      29797,        483,        126, NO_EVENT
    193627,      75179,      74904,      38756,        644,        103, NO_EVENT
    193652,      75152,      75047,      33541,        577,        -27, NO_EVENT
    193677,      75411,      75178,      31934,        505,        262, NO_EVENT
    193702,      75443,      75340,      14801,        344,         32, NO_EVENT
    193727,      75738,      75603,      86751,        895,        295, NO_EVENT
    193752,      75619,      75653,      53897,        785,       -119, NO_EVENT
    193777,      76578,      76200,      81183,        702,        599, NO_EVENT
    193802,      76827,      76463,     234713,       1332,        249, NO_EVENT
    193827,      77389,      77082,      90472,        871,        562, NO_EVENT
    193852,      78090,      77991,     225289,       1447,        693, NO_EVENT
    193877,      79051,      78224,     197460,       1311,        961, NO_EVENT
    193902,      78511,      78614,      21312,        390,       -264, NO_EVENT
    193927,      78731,      78737,      13775,        414,        220, NO_EVENT
    193952,      78762,      78737,     117485,        832,       -247, NO_EVENT
    193977,      77856,      78389,     121375,        906,       -906, NO_EVENT
    194002,      77494,      77601,     253720,       1569,         30, NO_EVENT
    194027,      76300,      76613,     310832,       1644,      -1194, NO_EVENT
    194052,      75829,      76167,      50697,        599,       -471, NO_EVENT
    194077,      75665,      75824,      45314,        656,       -448, NO_EVENT
    194102,      75693,      75499,     177729,       1244,         28, NO_EVENT
    194127,      75315,      75809,      85455,        836,       -378, NO_EVENT
    194152,      75827,      75507,      79638,        835,        264, NO_EVENT
    194177,      76021,      75680,      23080,        565,        194, NO_EVENT
    194202,      76364,      75655,     134067,       1209,        343, NO_EVENT
    194227,      75655,      75740,     166789,       1145,       -709, NO_EVENT
    194252,      76092,      75916,      55331,        551,        476, NO_EVENT
    194277,      77009,      76373,      30649,        917,        917, NO_EVENT
    194302,      77235,      77031,      96395,        851,        226, NO_EVENT
    194327,      79412,      78249,     310699,       2177,       2177, NO_EVENT
    194352,      81934,      80483,     716707,       2522,       2522, NO_EVENT
    194377,     122024,     103505,  106055923,      40090,      40090, TOUCHED
    194402,     131877,     128135,   21582055,       9945,       9853, TOUCHED
    194427,     164689,     157553,   44109761,      32812,      32812, TOUCHED
    194452,     132873,     157707,  154386192,      31816,     -31816, TOUCHED
    194477,      80996,      83335,    6448636,       7132,      -7132, UNTOUCHED
    194502,      79291,      79835,     522968,       2144,      -1705, NO_EVENT
    194527,      77361,      77927,     363411,       2167,      -1930, NO_EVENT
    194552,      76030,      76752,     263073,       1354,      -1331, NO_EVENT
    194577,      75411,      75536,      89256,        832,       -550, NO_EVENT
    194602,      75064,      74894,      52108,        862,       -347, NO_EVENT
    194627,      74672,      74790,     122958,       1057,       -392, NO_EVENT
    194652,      74656,      74630,      14934,        379,        -16, NO_EVENT
    194677,      74887,      74664,      27475,        482,        239, NO_EVENT
    194702,      74489,      74542,      27079,        588,       -398, NO_EVENT
    194727,      75024,      74471,      42113,        805,        535, NO_EVENT
    194752,      74052,      74558,     124953,        972,       -972, NO_EVENT
    194777,      74201,      74629,      47455,        664,       -363, NO_EVENT
    194802,      74359,      74541,      41068,        581,       -108, NO_EVENT
    194827,      74407,      74589,      31342,        500,         48, NO_EVENT
    194852,      74531,      74477,      23571,        466,        124, NO_EVENT
    194877,      74206,      74423,      35947,        525,       -325, NO_EVENT
    194902,      74337,      74496,      35718,        568,       -114, NO_EVENT
    194927,      74370,      74508,      21235,        353,        -38, NO_EVENT
    194952,      74723,      74537,      27989,        436,        353, NO_EVENT
    194977,      74728,      74673,      28337,        512,          5, NO_EVENT
    195002,      74386,      74559,      35694,        547,       -342, NO_EVENT
    195027,      74640,      74631,       7838,        302,       -157, NO_EVENT
    195052,      74705,      74581,      75886,        747,         65, NO_EVENT
    195077,      74463,      74635,      49074,        560,       -242, NO_EVENT
    195102,      74793,      74524,      44256,        573,        330, NO_EVENT
    195127,      74413,      74510,      22543,        480,       -380, NO_EVENT
    195152,      74608,      74512,      30704,        535,       -214, NO_EVENT
    195177,      74535,      74535,      47064,        615,        -73, NO_EVENT
    195202,      74453,      74410,      35357,        646,        -82, NO_EVENT
    195227,      74716,      74507,      53055,        534,        263, NO_EVENT
    195252,      74440,      74401,      42869,        692,       -276, NO_EVENT
    195277,      74638,      74482,       8247,        292,        122, NO_EVENT
    195302,      74790,      74579,      13922,        364,        152, NO_EVENT
    195327,      74785,      74535,      31620,        532,         -5, NO_EVENT
    195352,      74640,      74448,      18311,        427,       -145, NO_EVENT
    195377,      74323,      74488,      45566,        595,       -317, NO_EVENT
    195402,      74611,      74393,      44832,        555,        -13, NO_EVENT
    195427,      74664,      74437,      43440,        525,         53, NO_EVENT
    195452,      74861,      74542,      46888,        627,        197, NO_EVENT
    195477,      74735,      74492,      35621,        621,       -126, NO_EVENT
    195502,      74287,      74426,      31244,        513,       -448, NO_EVENT
    195527,      74380,      74482,      12690,        331,       -133, NO_EVENT
    195552,      74818,      74563,      23934,        485,        438, NO_EVENT
    195577,      74448,      74535,      51195,        598,       -370, NO_EVENT
    195602,      74326,      74529,      25881,        490,       -122, NO_EVENT
    195627,      74456,      74590,      49100,        689,       -151, NO_EVENT
    195652,      74778,      74555,      40463,        565,        202, NO_EVENT
    195677,      74721,      74393,      20876,        531,        -57, NO_EVENT
    195702,      74573,      74546,      79982,        672,       -148, NO_EVENT
    195727,      74521,      74514,      57531,        698,        -52, NO_EVENT
    195752,      74726,      74521,      10377,        316,        174, NO_EVENT
    195777,      74612,      74461,      57178,        712,        318, NO_EVENT
    195802,      74552,      74513,      11026,        303,        -60, NO_EVENT
    195827,      74324,      74493,      41088,        627,       -228, NO_EVENT
    195852,      74366,      74442,      35670,        535,         42, NO_EVENT
    195877,      74256,      74383,      26412,        479,       -329, NO_EVENT
    195902,      74719,      74439,      11321,        364,        301, NO_EVENT
    195927,      74782,      74650,      29598,        440,         63, NO_EVENT
    195952,      74684,      74356,      37932,        617,        -98, NO_EVENT
    195977,      74214,      74478,      83509,        846,       -470, NO_EVENT
    196002,      74493,      74563,       7832,        256,        -18, NO_EVENT
    196027,      74432,      74446,      42022,        630,         45, NO_EVENT
    196052,      74504,      74505,      30652,        444,         72, NO_EVENT
    196077,      74522,      74556,      16219,        329,         18, NO_EVENT
    196102,      74313,      74519,      24970,        443,       -209, NO_EVENT
    196127,      74362,      74511,       8739,        299,       -147, NO_EVENT
    196152,      74478,      74507,      36374,        632,        218, NO_EVENT
    196177,      74536,      74413,      43807,        519,         58, NO_EVENT
    196202,      74772,      74577,      34706,        547,        236, NO_EVENT
    196227,      74339,      74538,      33757,        491,       -433, NO_EVENT
    196252,      74680,      74569,      22764,        483,        422, NO_EVENT
    196277,      74839,      74523,      97256,        920,        159, NO_EVENT
    196302,      74772,      74577,      32750,        572,        -67, NO_EVENT
    196327,      74609,      74423,      36077,        556,       -163, NO_EVENT
    196352,      74600,      74546,      19352,        444,         -9, NO_EVENT
    196377,      74657,      74525,      26938,        462,        -15, NO_EVENT
    196402,      74774,      74470,      57722,        719,        117, NO_EVENT
    196427,      74744,      74597,      67770,        776,        -30, NO_EVENT
    196452,      74879,      74377,     100311,        856,        135, NO_EVENT
    196477,      74538,      74542,      73538,        819,       -341, NO_EVENT
    196502,      74701,      74465,      22920,        435,        415, NO_EVENT
    196527,      74640,      74457,      96251,        938,        -61, NO_EVENT
    196552,      74814,      74567,      17736,        431,        174, NO_EVENT
    196577,      74729,      74533,      42947,        644,        -85, NO_EVENT
    196602,      74622,      74477,      45755,        539,       -107, NO_EVENT
    196627,      74549,      74552,      82581,        799,       -264, NO_EVENT
    196652,      74801,      74555,      12621,        415,        252, NO_EVENT
    196677,      74925,      74606,      18748,        553,        124, NO_EVENT
    196702,      74665,      74429,     127708,       1013,       -260, NO_EVENT
    196727,      74387,      74514,      35009,        532,       -278, NO_EVENT
    196752,      74792,      74562,      21511,        390,        256, NO_EVENT
    196777,      74599,      74549,      12519,        419,       -193, NO_EVENT
    196802,      74580,      74473,      56753,        616,        -19, NO_EVENT
    196827,      74388,      74517,      20917,        357,       -192, NO_EVENT
    196852,      74044,      74397,      35027,        578,       -578, NO_EVENT
    196877,      74703,      74536,     122610,       1106,        -48, NO_EVENT
    196902,      74526,      74546,      65017,        664,       -177, NO_EVENT
    196927,      74382,      74458,      15324,        389,       -144, NO_EVENT
    196952,      74114,      74381,      25137,        490,       -268, NO_EVENT
    196977,      74473,      74521,      76135,        919,       -208, NO_EVENT
    197002,      74546,      74391,      31338,        530,        142, NO_EVENT
    197027,      74599,      74543,      12511,        293,         53, NO_EVENT
    197052,      74548,      74488,      26664,        444,        -51, NO_EVENT
    197077,      74570,      74520,       5498,        221,         22, NO_EVENT
    197102,      74111,      74501,      47503,        670,       -670, NO_EVENT
    197127,      74458,      74510,      55847,        724,       -481, NO_EVENT
    197152,      74566,      74484,      18604,        404,        108, NO_EVENT
    197177,      74318,      74442,      29509,        517,       -248, NO_EVENT
    197202,      74025,      74429,      72741,        779,       -293, NO_EVENT
    197227,      74181,      74470,      43764,        551,       -437, NO_EVENT
    197252,      74555,      74469,       9022,        276,         37, NO_EVENT
    197277,      74650,      74459,      72095,        801,         95, NO_EVENT
    197302,      74563,      74438,      31206,        473,        -87, NO_EVENT
    197327,      74484,      74491,      10845,        321,        -79, NO_EVENT
    197352,      74399,      74475,      31721,        556,       -232, NO_EVENT
    197377,      74557,      74312,      87550,        686,        633, NO_EVENT
    197402,      74486,      74462,      28073,        477,        -71, NO_EVENT
    197427,      74826,      74475,      16104,        552,        340, NO_EVENT
    197452,      74262,      74413,      52281,        777,       -564, NO_EVENT
    197477,      74515,      74581,       6005,        221,         16, NO_EVENT
    197502,      74501,      74537,      25986,        452,          0, NO_EVENT
    197527,      74760,      74472,      33913,        623,        259, NO_EVENT
    197552,      74360,      74505,      28522,        468,       -400, NO_EVENT
    197577,      74293,      74451,      42083,        572,        -67, NO_EVENT
    197602,      74719,      74511,      49919,        641,       -189, NO_EVENT
    197627,      74411,      74401,      64762,        720,         91, NO_EVENT
    197652,      74684,      74549,      28547,        482,        273, NO_EVENT
    197677,      74609,      74482,      18523,        389,        -75, NO_EVENT
    197702,      74289,      74505,      39731,        534,       -320, NO_EVENT
    197727,      74622,      74483,      25709,        410,          2, NO_EVENT
    197752,      74709,      74535,      22937,        455,         87, NO_EVENT
    197777,      74515,      74636,      61702,        657,       -194, NO_EVENT
    197802,      74547,      74430,      29498,        496,         32, NO_EVENT
    197827,      74483,      74548,      27647,        522,        -64, NO_EVENT
    197852,      74820,      74509,      25353,        487,        200, NO_EVENT
    197877,      74561,      74465,      50004,        595,       -259, NO_EVENT
    197902,      74463,      74534,      11845,        343,        -98, NO_EVENT
    197927,      74429,      74544,      46580,        730,        -34, NO_EVENT
    197952,      74512,      74539,      28378,        509,         83, NO_EVENT
    197977,      74803,      74554,      55171,        668,        335, NO_EVENT
    198002,      74380,      74359,      17819,        629,       -423, NO_EVENT
    198027,      74462,      74379,       7674,        259,         82, NO_EVENT
    198052,      74550,      74410,      34058,        574,         88, NO_EVENT
    198077,      74697,      74520,      14171,        383,        147, NO_EVENT
    198102,      74587,      74540,      26542,        442,        -75, NO_EVENT
    198127,      74797,      74514,      19990,        461,        210, NO_EVENT
    198152,      74664,      74529,      61465,        638,       -133, NO_EVENT
    198177,      74717,      74322,      46528,        630,         53, NO_EVENT
    198202,      74445,      74473,      23188,        516,       -272, NO_EVENT
    198227,      74958,      74521,      60244,        878,        516, NO_EVENT
    198252,      74590,      74484,      50589,        778,       -368, NO_EVENT
    198277,      74425,      74398,      26960,        452,       -165, NO_EVENT
    198302,      74568,      74420,      39959,        608,        143, NO_EVENT
    198327,      74400,      74485,      30542,        501,       -168, NO_EVENT
    198352,      74585,      74374,      36300,        524,        248, NO_EVENT
    198377,      74941,      74555,      61707,        904,        356, NO_EVENT
    198402,      74669,      74385,      56448,        838,       -272, NO_EVENT
    198427,      74612,      74397,      94887,        913,        -57, NO_EVENT
    198452,      74528,      74425,      39825,        562,        -84, NO_EVENT
    198477,      74729,      74577,       9837,        281,        143, NO_EVENT
    198502,      74683,      74478,      92563,        710,        -46, NO_EVENT
    198527,      74622,      74355,      50677,        699,        -61, NO_EVENT
    198552,      74695,      74384,      47801,        611,         73, NO_EVENT
    198577,      74248,      74515,      44591,        556,       -447, NO_EVENT
    198602,      74518,      74494,       7446,        262,        -21, NO_EVENT
    198627,      74844,      74540,      59440,        618,        326, NO_EVENT
    198652,      74728,      74541,      34453,        643,       -116, NO_EVENT
    198677,      74536,      74602,      75588,        865,       -192, NO_EVENT
    198702,      74364,      74521,      37414,        562,       -134, NO_EVENT
    198727,      74629,      74590,      33999,        620,        -40, NO_EVENT
    198752,      74461,      74425,      15917,        410,       -168, NO_EVENT
    198777,      74602,      74450,       6075,        224,        141, NO_EVENT
    198802,      74165,      74515,      67727,        731,       -437, NO_EVENT
    198827,      74300,      74456,      38333,        584,       -416, NO_EVENT
    198852,      74427,      74525,      64734,        678,       -340, NO_EVENT
    198877,      74340,      74397,      20466,        403,        -87, NO_EVENT
    198902,      74868,      74431,      35743,        603,        528, NO_EVENT
    198927,      74579,      74508,      67650,        716,       -289, NO_EVENT
    198952,      74393,      74366,      40191,        556,        108, NO_EVENT
    198977,      74514,      74435,      40751,        621,        132, NO_EVENT
    199002,      74854,      74378,      92295,        947,        340, NO_EVENT
    199027,      74553,      74570,      57987,        715,       -301, NO_EVENT
    199052,      74495,      74532,      24386,        504,        -58, NO_EVENT
    199077,      74291,      74501,      39966,        595,       -506, NO_EVENT
    199102,      74672,      74494,      39415,        615,        183, NO_EVENT
    199127,      74359,      74499,      58426,        740,       -313, NO_EVENT
    199152,      74546,      74327,      43451,        506,        187, NO_EVENT
    199177,      74082,      74482,      65225,        770,       -464, NO_EVENT
    199202,      74413,      74563,      17293,        323,       -305, NO_EVENT
    199227,      74538,      74373,      54320,        696,       -125, NO_EVENT
    199252,      74671,      74465,      37422,        544,        133, NO_EVENT
    199277,      74333,      74394,      91246,        889,       -338, NO_EVENT
    199302,      74274,      74509,      28496,        407,        -59, NO_EVENT
    199327,      74653,      74551,      28693,        552,       -202, NO_EVENT
    199352,      74574,      74646,      18271,        436,        -54, NO_EVENT
    199377,      74665,      74463,      20054,        463,         91, NO_EVENT
    199402,      74465,      74544,      25798,        513,       -200, NO_EVENT
    199427,      74228,      74425,      22933,        411,       -237, NO_EVENT
    199452,      74489,      74582,      21524,        412,       -361, NO_EVENT
    199477,      74633,      74376,      33393,        541,        144, NO_EVENT
    199502,      74400,      74415,      15843,        412,       -233, NO_EVENT
    199527,      74277,      74451,      11457,        307,       -123, NO_EVENT
    199552,      74243,      74600,      56710,        655,        -34, NO_EVENT
    199577,      74516,      74491,      38525,        587,        -28, NO_EVENT
    199602,      74438,      74371,      26835,        518,        -78, NO_EVENT
    199627,      74587,      74449,      71739,        896,        149, NO_EVENT
    199652,      74500,      74519,       7166,        232,        -87, NO_EVENT
    199677,      74119,      74490,      49743,        638,       -381, NO_EVENT
    199702,      74844,      74514,      65806,        744,        467, NO_EVENT
    199727,      74718,      74603,      90368,        737,       -126, NO_EVENT
    199752,      74341,      74478,      18137,        441,       -377, NO_EVENT
    199777,      74513,      74442,      56403,        744,        172, NO_EVENT
    199802,      74455,      74433,      72979,        863,        -58, NO_EVENT
    199827,      74304,      74442,      31981,        552,       -241, NO_EVENT
    199852,      74464,      74529,      31388,        552,        160, NO_EVENT
    199877,      74776,      74356,      81845,        839,        312, NO_EVENT
    199902,      74648,      74465,      90406,        799,       -128, NO_EVENT
    199927,      74491,      74606,      41570,        644,       -157, NO_EVENT
    199952,      74416,      74561,      51519,        697,       -198, NO_EVENT
    199977,      74843,      74474,      43954,        700,        427, NO_EVENT
    200002,      74697,      74439,      62786,        679,       -146, NO_EVENT
    200027,      74341,      74457,      36871,        534,       -356, NO_EVENT
    200052,      74312,      74427,      47348,        646,        -29, NO_EVENT
    200077,      74269,      74386,      28986,        479,       -156, NO_EVENT
    200102,      74476,      74405,      22079,        434,        207, NO_EVENT
    200127,      74583,      74410,      14044,        397,        107, NO_EVENT
    200152,      74466,      74448,      25532,        437,       -117, NO_EVENT
    200177,      74410,      74395,       3954,        191,        -56, NO_EVENT
    200202,      74467,      74517,      12126,        337,         -9, NO_EVENT
    200227,      74572,      74332,      47288,        606,        105, NO_EVENT
    200252,      74457,      74454,      71131,        865,       -115, NO_EVENT
    200277,      74874,      74435,      27104,        610,        417, NO_EVENT
    200302,      74098,      74573,     150749,       1023,       -776, NO_EVENT
    200327,      74643,      74394,      15731,        380,        380, NO_EVENT
    200352,      74636,      74422,      44944,        646,         -7, NO_EVENT
    200377,      74640,      74514,      26653,        507,          4, NO_EVENT
    200402,      74767,      74464,      60155,        697,        127, NO_EVENT
    200427,      74521,      74622,      26496,        433,       -246, NO_EVENT
    200452,      74664,      74510,      17630,        357,         -7, NO_EVENT
    200477,      74455,      74498,      27893,        420,       -209, NO_EVENT
    200502,      74705,      74430,      31872,        563,        250, NO_EVENT
    200527,      74934,      74525,      40839,        672,        229, NO_EVENT
    200552,      74373,      74505,      71933,        846,       -561, NO_EVENT
    200577,      74594,      74564,      11718,        298,       -124, NO_EVENT
    200602,      74871,      74599,      60074,        782,        277, NO_EVENT
    200627,      74507,      74427,      85598,        791,       -364, NO_EVENT
    200652,      74016,      74407,      61431,        666,       -491, NO_EVENT
    200677,      74544,      74531,      28440,        522,        -82, NO_EVENT
    200702,      74758,      74489,      43260,        565,        550, NO_EVENT
    200727,      74479,      74572,     144013,        899,       -279, NO_EVENT
    200752,      74643,      74458,      51313,        567,        164, NO_EVENT
    200777,      74105,      74459,      83619,        779,       -538, NO_EVENT
    200802,      74173,      74517,      51095,        680,       -533, NO_EVENT
    200827,      74652,      74566,      20938,        390,        224, NO_EVENT
    200852,      74710,      74557,      41502,        623,         58, NO_EVENT
    200877,      74637,      74566,      89753,        975,        -73, NO_EVENT
    200902,      73865,      74409,      83285,        965,       -772, NO_EVENT
    200927,      74362,      74481,      12698,        314,       -239, NO_EVENT
    200952,      74393,      74481,       8712,        255,         31, NO_EVENT
    200977,      74877,      74427,      34544,        666,        484, NO_EVENT
    201002,      74739,      74565,      55831,        667,       -138, NO_EVENT
    201027,      74524,      74605,       9479,        250,       -215, NO_EVENT
    201052,      74676,      74663,      11465,        331,        -12, NO_EVENT
    201077,      74609,      74525,      51605,        636,        -67, NO_EVENT
    201102,      74610,      74548,      10232,        306,          1, NO_EVENT
    201127,      74743,      74344,      61777,        678,        133, NO_EVENT
    201152,      74453,      74541,      20153,        356,       -290, NO_EVENT
    201177,      74565,      74385,      15601,        387,         54, NO_EVENT
    201202,      74771,      74468,      30634,        661,        206, NO_EVENT
    201227,      74296,      74453,      56835,        738,       -475, NO_EVENT
    201252,      74577,      74463,     103726,       1001,        281, NO_EVENT
    201277,      74298,      74342,      32139,        543,       -279, NO_EVENT
    201302,      74687,      74438,      29181,        499,        307, NO_EVENT
    201327,      74810,      74515,      36196,        537,        123, NO_EVENT
    201352,      74715,      74360,      87391,        951,        -95, NO_EVENT
    201377,      74887,      74472,      36891,        659,        172, NO_EVENT
    201402,      74314,      74519,      48416,        617,       -573, NO_EVENT
    201427,      74501,      74541,      28088,        489,       -190, NO_EVENT
    201452,      74689,      74302,      50386,        765,        188, NO_EVENT
    201477,      74794,      74423,      47874,        706,        105, NO_EVENT
    201502,      74529,      74473,     127131,       1075,       -265, NO_EVENT
    201527,      74168,      74300,      42175,        567,       -361, NO_EVENT
    201552,      74419,      74511,      12108,        299,        -88, NO_EVENT
    201577,      74712,      74493,      38571,        574,        293, NO_EVENT
    201602,      74634,      74360,      64096,        725,        -78, NO_EVENT
    201627,      74617,      74429,     114706,        962,        -17, NO_EVENT
    201652,      74382,      74427,      52619,        690,       -235, NO_EVENT
    201677,      74822,      74387,      46666,        797,        533, NO_EVENT
    201702,      74438,      74439,     106569,        899,       -384, NO_EVENT
    201727,      74760,      74406,      34642,        579,        322, NO_EVENT
    201752,      74371,      74538,      62593,        716,       -389, NO_EVENT
    201777,      74479,      74436,       9204,        273,        108, NO_EVENT
    201802,      74757,      74640,      33934,        497,        -47, NO_EVENT
    201827,      74647,      74427,      50600,        657,       -110, NO_EVENT
    201852,      74630,      74444,     106422,        911,        -17, NO_EVENT
    201877,      74854,      74629,      48712,        709,        224, NO_EVENT
    201902,      74268,      74486,      45129,        605,       -586, NO_EVENT
    201927,      74498,      74579,      27822,        519,       -306, NO_EVENT
    201952,      74851,      74461,      26061,        639,        353, NO_EVENT
    201977,      74909,      74567,      46066,        665,         58, NO_EVENT
    202002,      74404,      74525,      42470,        619,       -505, NO_EVENT
    202027,      74525,      74667,      13725,        384,       -110, NO_EVENT
    202052,      74498,      74590,      15085,        369,       -209, NO_EVENT
    202077,      74860,      74698,      89082,        800,        362, NO_EVENT
    202102,      75015,      74544,      43285,        839,        155, NO_EVENT
    202127,      74493,      74640,      58659,        657,       -522, NO_EVENT
    202152,      74481,      74574,      48885,        686,       -479, NO_EVENT
    202177,      74478,      74583,      56940,        795,         -3, NO_EVENT
    202202,      74758,      74501,     101509,        833,        280, NO_EVENT
    202227,      74626,      74613,      23913,        485,       -132, NO_EVENT
    202252,      74363,      74500,       7223,        263,       -263, NO_EVENT
    202277,      74426,      74600,      57115,        696,         -5, NO_EVENT
    202302,      74579,      74679,      56505,        693,        153, NO_EVENT
    202327,      74580,      74580,      36670,        538,          1, NO_EVENT
    202352,      74467,      74671,     103644,       1021,       -113, NO_EVENT
    202377,      74577,      74530,      17104,        348,        110, NO_EVENT
    202402,      74826,      74601,      21541,        465,        292, NO_EVENT
    202427,      75364,      74519,      99576,       1135,        538, NO_EVENT
    202452,      75114,      74797,      64943,        958,       -250, NO_EVENT
    202477,      74531,      74685,      31442,        583,       -583, NO_EVENT
    202502,      74612,      74727,      16930,        317,       -258, NO_EVENT
    202527,      74578,      74671,      41626,        611,        -34, NO_EVENT
    202552,      74747,      74671,      33411,        588,        169, NO_EVENT
    202577,      74584,      74650,      15929,        372,       -163, NO_EVENT
    202602,      74533,      74791,      37118,        582,        -51, NO_EVENT
    202627,      75291,      74857,      32842,        604,        349, NO_EVENT
    202652,      75251,      74944,      37832,        596,        -40, NO_EVENT
    202677,      75407,      75202,     101048,        947,        156, NO_EVENT
    202702,      75591,      75567,     211810,       1259,        184, NO_EVENT
    202727,      76827,      76591,     202495,       1444,        397, NO_EVENT
    202752,      78782,      77293,     310862,       1982,       1955, NO_EVENT
    202777,      80116,      78862,     264297,       1770,       1334, NO_EVENT
    202802,      81437,      80621,     277078,       1616,       1321, NO_EVENT
    202827,      83716,      82050,     266148,       2089,       2059, NO_EVENT
    202852,     159130,     113804,  154670114,      75414,      75414, TOUCHED
    202877,     158115,     159955,     870856,       2598,      -1015, TOUCHED
    202902,     138490,     155704,   40908249,      20349,     -19625, TOUCHED
    202927,      83429,      90174,   35154844,      55061,     -55061, UNTOUCHED
    202952,      81773,      82440,     291014,       1656,      -1656, NO_EVENT
    202977,      81134,      81602,     145181,       1105,       -947, NO_EVENT
    203002,      80875,      81040,      73643,        749,       -259, NO_EVENT
    203027,      80790,      81006,     141108,        946,        -85, NO_EVENT
    203052,      81874,      81305,      80565,        918,        458, NO_EVENT
    203077,      81804,      81769,      14196,        359,        -70, NO_EVENT
    203102,      81948,      82036,      32486,        501,        144, NO_EVENT
    203127,      85362,      84062,     874414,       2346,       2252, NO_EVENT
    203152,     131379,     126121,   94554559,      47666,      46017, TOUCHED
    203177,     132651,     131794,     190038,       1272,       1272, TOUCHED
    203202,      88943,     119066,   28960393,      43708,     -43708, UNTOUCHED
    203227,      83768,      85477,    1865702,       5175,      -5175, NO_EVENT
    203252,      82436,      82991,     137303,       1332,      -1332, NO_EVENT
    203277,      82401,      82468,      18038,        329,       -195, NO_EVENT
    203302,      82586,      82390,      36276,        503,        185, NO_EVENT
    203327,      82898,      82896,      24018,        570,        312, NO_EVENT
    203352,      83853,      83566,     275771,       1491,        955, NO_EVENT
    203377,      95568,      86827,   19287838,      11427,      10938, TOUCHED
    203402,     118919,     115758,   36784883,      23351,      23351, TOUCHED
    203427,     109939,     116198,   12085711,      11049,      -8980, TOUCHED
    203452,      85537,      91566,   69970827,      24494,     -24402, UNTOUCHED
    203477,      83235,      84303,     402191,       2302,      -2302, NO_EVENT
    203502,      81812,      82353,     163502,       1423,      -1423, NO_EVENT
    203527,      81853,      81780,      66595,        749,         41, NO_EVENT
    203552,      81670,      81526,      69349,        751,       -183, NO_EVENT
    203577,      81989,      81888,      60640,        680,        319, NO_EVENT
    203602,      81935,      82036,      42959,        568,        -54, NO_EVENT
    203627,      84552,      83105,     440433,       2387,       1928, NO_EVENT
    203652,     130976,      94032,   41327495,      46424,      46424, TOUCHED
    203677,     130093,     131553,    2579028,       3767,       -883, TOUCHED
    203702,      86041,     104946,   87032374,      44052,     -44052, UNTOUCHED
    203727,      84401,      85507,     314495,       1721,      -1640, NO_EVENT
    203752,      83113,      84091,     296484,       1439,      -1288, NO_EVENT
    203777,      82929,      83074,      57310,        758,       -184, NO_EVENT
    203802,      83352,      83006,      55488,        858,        324, NO_EVENT
    203827,      83543,      83224,      17791,        516,        191, NO_EVENT
    203852,      84439,      83754,     210382,       1279,        896, NO_EVENT
    203877,     143594,     100402,   85546708,      59201,      59155, TOUCHED
    203902,     131380,     135591,   19272710,      12214,     -12214, TOUCHED
    203927,      85614,     104176,  127207389,      40382,     -40382, UNTOUCHED
    203952,      83060,      84434,     578077,       2554,      -2554, NO_EVENT
    203977,      81933,      82484,     274709,       1405,      -1127, NO_EVENT
    204002,      81897,      81895,      55931,        610,       -302, NO_EVENT
    204027,      81552,      81804,      31840,        503,       -345, NO_EVENT
    204052,      82101,      82048,      90512,        926,        549, NO_EVENT
    204077,      84585,      83114,     376858,       2127,       2127, NO_EVENT
    204102,     136464,      96962,  100544765,      51879,      51879, TOUCHED
    204127,     117296,     134208,   67950991,      25449,     -19168, TOUCHED
    204152,      84843,      88468,   42602126,      32453,     -32453, UNTOUCHED
    204177,      82779,      83774,     434721,       1909,      -1909, NO_EVENT
    204202,      82070,      82430,     144544,       1033,       -907, NO_EVENT
    204227,      82283,      82132,      37796,        531,        213, NO_EVENT
    204252,      84390,      83519,     604627,       2248,       2107, NO_EVENT
    204277,     141503,     127212,  122484439,      63966,      57113, TOUCHED
    204302,     135581,     140010,   11046924,       8205,      -5922, TOUCHED
    204327,      84781,     101001,  143745344,      42596,     -42596, UNTOUCHED
    204352,      82309,      83304,     550689,       2300,      -2224, NO_EVENT
    204377,      82098,      82018,      25983,        519,       -211, NO_EVENT
    204402,      81507,      81833,      45158,        591,       -591, NO_EVENT
    204427,      83307,      82438,     307890,       1800,       1800, NO_EVENT
    204452,     145308,     117744,   47336431,      60529,      60529, TOUCHED
    204477,     125162,     140249,   45490818,      20146,     -20146, TOUCHED
    204502,      84047,      89161,   71493141,      41115,     -41115, UNTOUCHED
    204527,      81918,      82895,     562537,       1844,      -1840, NO_EVENT
    204552,      81978,      81801,      26463,        481,         60, NO_EVENT
    204577,      81489,      81641,      52388,        579,       -489, NO_EVENT
    204602,      81819,      81761,      35532,        563,        330, NO_EVENT
    204627,     114033,      88598,  123991605,      31426,      31426, TOUCHED
    204652,     145678,     141665,  146319066,      34051,      31645, TOUCHED
    204677,      87950,     139493,  152656494,      63262,     -57728, UNTOUCHED
    204702,      82599,      84947,    3056478,       5351,      -5351, NO_EVENT
    204727,      80174,      81449,     500619,       2425,      -2425, NO_EVENT
    204752,      79396,      79925,     337347,       1865,       -778, NO_EVENT
    204777,      77592,      78280,     401478,       1957,      -1804, NO_EVENT
    204802,      76985,      77384,     170372,       1102,       -607, NO_EVENT
    204827,      75712,      76411,     137674,       1273,      -1273, NO_EVENT
    204852,      75047,      75643,     192232,       1284,      -1284, NO_EVENT
    204877,      75342,      75190,     121050,       1044,        295, NO_EVENT
    204902,      75086,      74712,     115258,       1194,       -256, NO_EVENT
    204927,      74440,      74575,     103801,       1026,       -646, NO_EVENT
    204952,      74126,      74631,      97975,        941,       -742, NO_EVENT
    204977,      74411,      74552,      53883,        659,       -287, NO_EVENT
    205002,      75020,      74442,      89834,       1021,        609, NO_EVENT
    205027,      74463,      74487,      74097,        852,       -557, NO_EVENT
    205052,      74164,      74418,      29158,        445,       -299, NO_EVENT
    205077,      74480,      74532,     171026,       1176,       -517, NO_EVENT
    205102,      74918,      74600,      59870,        639,        438, NO_EVENT
    205127,      74801,      74632,      47750,        705,       -117, NO_EVENT
    205152,      74627,      74473,     167634,       1144,       -174, NO_EVENT
    205177,      74625,      74641,      23515,        498,         -2, NO_EVENT
    205202,      74364,      74609,      28373,        415,       -161, NO_EVENT
    205227,      75133,      74775,      41814,        769,        769, NO_EVENT
    205252,      74889,      74956,      28429,        490,       -244, NO_EVENT
    205277,      74962,      75169,     137459,       1174,         73, NO_EVENT
    205302,      76756,      76394,     232277,       1372,        601, NO_EVENT
    205327,      81342,      78670,    1399263,       4586,       4586, NO_EVENT
    205352,     159638,     106374,   85001787,      78296,      78296, TOUCHED
    205377,     160256,     161088,    1124516,       2834,        618, TOUCHED
    205402,     152789,     159609,    6591834,       8382,      -7467, TOUCHED
    205427,      83205,     109427,  127607420,      69584,     -69584, UNTOUCHED
    205452,      81105,      81659,     365777,       1883,      -1715, NO_EVENT
    205477,      80458,      80713,      85221,        886,       -647, NO_EVENT
    205502,      81858,      80835,      78065,       1400,       1400, NO_EVENT
    205527,      82182,      81820,      47915,        561,        324, NO_EVENT
    205552,      83019,      82640,     214550,       1235,        837, NO_EVENT
    205577,      85004,      84302,     253153,       1985,       1985, NO_EVENT
    205602,     126588,      97215,  163830625,      41584,      41584, TOUCHED
    205627,     155508,     153916,   65446971,      30692,      28920, TOUCHED
    205652,     156385,     155593,     469057,       1649,        877, TOUCHED
    205677,     135102,     149806,   57935272,      21283,     -21283, TOUCHED
    205702,      84802,      90358,  104129535,      50300,     -50300, UNTOUCHED
    205727,      83601,      84205,     291889,       1393,      -1393, NO_EVENT
    205752,      82327,      82761,     234000,       1282,      -1031, NO_EVENT
    205777,      82437,      82253,      14551,        360,        110, NO_EVENT
    205802,      82880,      82634,     163965,       1056,        443, NO_EVENT
    205827,     102234,      87650,   41209655,      19354,      19354, TOUCHED
    205852,     157687,     146989,  157449079,      56592,      55453, TOUCHED
    205877,      86814,     121163,   46661436,      70873,     -70873, UNTOUCHED
    205902,      84060,      85514,     730802,       2754,      -2754, NO_EVENT
    205927,      83204,      83912,     130483,       1065,       -856, NO_EVENT
    205952,      83053,      83310,     102906,        777,       -629, NO_EVENT
    205977,      83498,      83158,      14138,        450,        359, NO_EVENT
    206002,      83668,      83628,      32570,        450,        170, NO_EVENT
    206027,      84611,      84277,     130696,       1160,        943, NO_EVENT
    206052,      86543,      85573,     431577,       1932,       1932, NO_EVENT
    206077,     156996,     126606,  154346675,      70453,      70453, TOUCHED
    206102,     156770,     157210,     116414,        871,       -226, TOUCHED
    206127,      89810,     129480,   94856803,      68128,     -66960, UNTOUCHED
    206152,      84765,      86596,    1819483,       5045,      -5045, NO_EVENT
    206177,      83171,      84328,     398762,       2035,      -1594, NO_EVENT
    206202,      82274,      82951,     163468,       1150,      -1150, NO_EVENT
    206227,      82942,      82742,      25891,        481,         85, NO_EVENT
    206252,      84268,      83410,     273665,       1606,       1326, NO_EVENT
    206277,     157341,      98297,  163080818,      73073,      73073, TOUCHED
    206302,     153515,     155184,    1381822,       3826,      -3826, TOUCHED
    206327,      86928,     121305,  156360877,      66587,     -66587, UNTOUCHED
    206352,      82273,      84500,    2164803,       4655,      -4655, NO_EVENT
    206377,      80659,      81565,     313085,       1614,      -1614, NO_EVENT
    206402,      79665,      80161,     221981,       1325,      -1144, NO_EVENT
    206427,      79103,      79264,     100337,        981,       -562, NO_EVENT
    206452,      81360,      80237,     378336,       1883,       1640, NO_EVENT
    206477,      83774,      82378,     939645,       2539,       2414, NO_EVENT
    206502,     154834,     146639,   13217828,      30093,      26212, TOUCHED
    206527,      84257,     114079,   86714542,      71200,     -70577, UNTOUCHED
    206552,      81665,      82731,     587701,       2592,      -2592, NO_EVENT
    206577,      80617,      81141,     152849,       1161,      -1048, NO_EVENT
    206602,      80619,      80547,     119397,        929,          2, NO_EVENT
    206627,      79890,      80309,     108609,        838,       -729, NO_EVENT
    206652,      81592,      80951,      76312,        999,        888, NO_EVENT
    206677,      84927,      82569,    1084461,       3335,       3335, NO_EVENT
    206702,     156965,     132012,   44186647,      72874,      72038, TOUCHED
    206727,     154834,     156046,     610888,       2131,      -2131, TOUCHED
    206752,      85676,     126096,  148232672,      69158,     -69158, UNTOUCHED
    206777,      81814,      83494,    1436217,       3862,      -3862, NO_EVENT
    206802,      80732,      81619,     165088,       1274,      -1082, NO_EVENT
    206827,      81133,      81139,      79986,        856,       -468, NO_EVENT
    206852,      81814,      81539,      74788,        699,        681, NO_EVENT
    206877,      82480,      82012,     147493,        996,        666, NO_EVENT
    206902,      84579,      84027,     633471,       2045,       1687, NO_EVENT
    206927,     155288,     118381,   75246659,      69335,      69335, TOUCHED
    206952,     156839,     156774,    1162481,       2776,       1551, TOUCHED
    206977,      87890,     128534,  154759245,      68949,     -68949, UNTOUCHED
    207002,      84629,      85881,    1446625,       3418,      -3261, NO_EVENT
    207027,      82606,      83576,     474584,       2023,      -2023, NO_EVENT
    207052,      82084,      82510,     127049,        863,       -522, NO_EVENT
    207077,      82644,      82409,      35143,        496,        -24, NO_EVENT
    207102,      84517,      83161,     332832,       2086,       1873, NO_EVENT
    207127,     105030,      89954,   72232573,      20847,      20513, TOUCHED
    207152,     157782,     151434,  121873942,      52918,      52752, TOUCHED
    207177,      87599,     128871,   89521557,      70183,     -70183, UNTOUCHED
    207202,      84036,      85588,     777376,       3563,      -3563, NO_EVENT
    207227,      81996,      83006,     589752,       2045,      -2040, NO_EVENT
    207252,      81910,      81913,      81545,        857,       -491, NO_EVENT
    207277,      82227,      81860,      98222,        872,        317, NO_EVENT
    207302,      83996,      82802,     700000,       2226,       1769, NO_EVENT
    207327,     155972,     123802,   15021440,      71976,      71976, TOUCHED
    207352,      93309,     125627,  132799911,      62663,     -62663, TOUCHED
    207377,      84119,      85746,    1761936,       3956,      -3956, UNTOUCHED
    207402,      81903,      82487,     464652,       2062,      -1972, NO_EVENT
    207427,      81035,      81505,      85462,        868,       -868, NO_EVENT
    207452,      81060,      81141,      81328,        924,         25, NO_EVENT
    207477,      82258,      81543,      53427,        971,        767, NO_EVENT
    207502,      82310,      82193,      64635,        756,         52, NO_EVENT
    207527,      84480,      83757,     613276,       2409,       2170, NO_EVENT
    207552,     155777,     114380,   11800883,      71297,      71297, TOUCHED
    207577,     100478,     142211,   29149255,      55299,     -55299, TOUCHED
    207602,      84690,      87085,    9431203,      15788,     -15788, UNTOUCHED
    207627,      82952,      83856,     532640,       2003,      -2003, NO_EVENT
    207652,      82133,      82362,     105221,        977,       -949, NO_EVENT
    207677,      81765,      82069,      30301,        523,       -368, NO_EVENT
    207702,      81995,      82067,      54692,        590,        230, NO_EVENT
    207727,      83443,      82546,      89165,       1266,        805, NO_EVENT
    207752,      85459,      84080,     306294,       2016,       2016, NO_EVENT
    207777,     154740,      99457,  150674767,      69281,      69281, TOUCHED
    207802,     136439,     154258,   13523407,      19259,     -18301, TOUCHED
    207827,      86589,      96643,  137790504,      50156,     -49850, UNTOUCHED
    207852,      84003,      85047,     799507,       2586,      -2586, NO_EVENT
    207877,      82580,      83467,     284573,       1435,      -1423, NO_EVENT
    207902,      82176,      82573,      56840,        641,       -404, NO_EVENT
    207927,      82813,      82542,      73237,        790,        637, NO_EVENT
    207952,      86419,      84385,     292727,       2651,       2651, NO_EVENT
    207977,     152454,     113936,   71126975,      66155,      66035, TOUCHED
    208002,      89834,     133026,   80589733,      62750,     -62620, UNTOUCHED
    208027,      85706,      86974,    1687363,       4128,      -4128, NO_EVENT
    208052,      83546,      84672,     374081,       2160,      -2160, NO_EVENT
    208077,      82154,      83262,     408191,       1937,      -1392, NO_EVENT
    208102,      82041,      82078,     106789,        912,       -602, NO_EVENT
    208127,      82065,      81901,      19921,        351,         24, NO_EVENT
    208152,      81812,      81883,      39798,        576,       -253, NO_EVENT
    208177,      82748,      82413,     144378,       1146,        936, NO_EVENT
    208202,     142356,     102454,  113362922,      58777,      58777, TOUCHED
    208227,     149640,     148438,    4516028,       7796,       7284, TOUCHED
    208252,      86108,     113855,   38270378,      63532,     -63532, UNTOUCHED
    208277,      82228,      84295,    1587731,       3880,      -3880, NO_EVENT
    208302,      81264,      81692,     146671,       1110,       -964, NO_EVENT
    208327,      80850,      80586,      38100,        643,        198, NO_EVENT
    208352,      80412,      80376,      52824,        825,       -438, NO_EVENT
    208377,      80542,      80345,      63092,        726,        130, NO_EVENT
    208402,      82263,      81405,      77825,       1163,        957, NO_EVENT
    208427,      85869,      83542,    1533612,       3697,       3606, NO_EVENT
    208452,     154040,     135177,  131888703,      68171,      68171, TOUCHED
    208477,     152010,     154547,     672295,       3475,      -2030, TOUCHED
    208502,     128371,     148466,   36863304,      23639,     -23639, TOUCHED
    208527,      86100,      99324,   68493726,      42271,     -42271, UNTOUCHED
    208552,      84573,      85136,     289716,       1595,      -1527, NO_EVENT
    208577,      84394,      84323,     302844,       1508,       -179, NO_EVENT
    208602,      85286,      84787,     130771,        892,        892, NO_EVENT
    208627,     150534,     100582,   71589127,      65248,      65248, TOUCHED
    208652,     154358,     153509,    2609975,       4449,       3824, TOUCHED
    208677,     151985,     153268,     480233,       2373,      -2373, TOUCHED
    208702,     139027,     150901,   14384950,      14491,     -12958, TOUCHED
    208727,      86055,      98030,  168525168,      52972,     -52972, UNTOUCHED
    208752,      84971,      85537,     217109,       1301,      -1084, NO_EVENT
    208777,      84358,      84551,      90595,        734,       -613, NO_EVENT
    208802,      83430,      83795,     186817,       1162,       -928, NO_EVENT
    208827,      84141,      84073,     102006,       1010,        711, NO_EVENT
    208852,      85312,      84971,     160777,       1456,       1171, NO_EVENT
    208877,     155800,     106818,  159601734,      69301,      69301, TOUCHED
    208902,     153218,     153188,    1653564,       3937,      -2582, TOUCHED
    208927,      88869,     124301,  156838976,      64349,     -64349, UNTOUCHED
    208952,      85581,      86828,     988939,       3288,      -3288, NO_EVENT
    208977,      83148,      84425,     520976,       2433,      -2433, NO_EVENT
    209002,      82608,      82687,     247070,       1510,       -762, NO_EVENT
    209027,      82409,      82201,      92574,        801,       -199, NO_EVENT
    209052,      82189,      82272,      90724,        787,       -220, NO_EVENT
    209077,      83482,      83180,     119151,       1325,       1293, NO_EVENT
    209102,     136249,     103556,   90312338,      51635,      51601, TOUCHED
    209127,     111562,     137331,   63676676,      35038,     -24687, TOUCHED
    209152,      84938,      91353,   86822315,      26646,     -26624, UNTOUCHED
    209177,      82735,      83549,     728486,       2483,      -2203, NO_EVENT
    209202,      81780,      82124,     124058,       1048,       -955, NO_EVENT
    209227,      81248,      81641,      94861,        715,       -532, NO_EVENT
    209252,      81687,      81482,      47953,        524,        -18, NO_EVENT
    209277,      81688,      81729,      21182,        446,          1, NO_EVENT
    209302,      81699,      81743,     111459,       1022,         11, NO_EVENT
    209327,      84790,      83130,     584915,       2507,       2507, NO_EVENT
    209352,     149101,     116066,  143029611,      64311,      64311, TOUCHED
    209377,     142219,     147536,    5887206,       7055,      -6882, TOUCHED
    209402,      86074,     104749,   53993376,      56163,     -56145, UNTOUCHED
    209427,      84487,      85481,     310424,       1587,      -1587, NO_EVENT
    209452,      84197,      84484,      27518,        567,       -290, NO_EVENT
    209477,      83121,      83674,     117806,       1076,      -1076, NO_EVENT
    209502,      84299,      84096,     136528,       1388,       1178, NO_EVENT
    209527,     102728,      88179,   40711971,      17899,      17836, TOUCHED
    209552,     152418,     141353,  118429888,      49690,      49690, TOUCHED
    209577,     147860,     150733,    1884342,       4558,      -4558, TOUCHED
    209602,     120916,     135363,  101038242,      26944,     -26944, TOUCHED
    209627,      86373,     102438,   57242169,      36908,     -34543, UNTOUCHED
    209652,      83554,      85065,     708472,       2819,      -2819, NO_EVENT
    209677,      81842,      82749,     354989,       1712,      -1712, NO_EVENT
    209702,      81707,      81496,      48315,        551,        -67, NO_EVENT
    209727,      81340,      81136,     131707,       1101,       -367, NO_EVENT
    209752,      81705,      81458,      67447,        675,        365, NO_EVENT
    209777,      85472,      82860,     791583,       3487,       3358, NO_EVENT
    209802,     148748,     124407,  143706785,      63276,      63276, TOUCHED
    209827,     151876,     150465,    1657751,       3140,       3128, TOUCHED
    209852,     149936,     151178,     307785,       1940,      -1940, TOUCHED
    209877,     117775,     142942,   93847981,      32161,     -32161, TOUCHED
    209902,      83675,      88368,   76488994,      34100,     -34100, UNTOUCHED
    209927,      81840,      82798,     449905,       1976,      -1835, NO_EVENT
    209952,      82531,      82117,      28714,        611,        240, NO_EVENT
    209977,      82512,      82485,      99213,        830,        -19, NO_EVENT
    210002,      83416,      83502,     220535,       1661,        904, NO_EVENT
    210027,      85335,      84763,     351295,       2100,       1919, NO_EVENT
    210052,     150400,     101112,   99209346,      65065,      65065, TOUCHED
    210077,     153039,     152424,     794588,       2639,       2639, TOUCHED
    210102,     136278,     148240,   36431085,      16761,     -16761, TOUCHED
    210127,      85773,      91331,  103389680,      50505,     -50505, UNTOUCHED
    210152,      83222,      84475,     548502,       2551,      -2551, NO_EVENT
    210177,      82628,      83239,     284602,       1512,      -1416, NO_EVENT
    210202,      82146,      82417,      91099,        791,       -482, NO_EVENT
    210227,      82421,      82480,      63443,        783,        275, NO_EVENT
    210252,      85267,      84327,     441722,       2846,       2846, NO_EVENT
    210277,     154082,     127963,   78233735,      68815,      68815, TOUCHED
    210302,     154362,     152167,    2262482,       3827,        280, TOUCHED
    210327,     149828,     153023,    3672921,       4923,      -4534, TOUCHED
    210352,      87167,     117721,  117836317,      62661,     -62661, UNTOUCHED
    210377,      83445,      84693,     942581,       2749,      -2749, NO_EVENT
    210402,      82040,      82389,     268471,       1661,      -1405, NO_EVENT
    210427,      81481,      81756,      43278,        559,       -559, NO_EVENT
    210452,      81680,      81462,     170762,       1148,        199, NO_EVENT
    210477,      82240,      81826,     121038,        977,        560, NO_EVENT
    210502,     136692,      96996,   11687427,      54452,      54452, TOUCHED
    210527,     148413,     142817,   56291729,      16354,      11721, TOUCHED
    210552,     151243,     150455,    1352392,       3167,       2830, TOUCHED
    210577,     150016,     149900,     539756,       2156,      -1227, TOUCHED
    210602,      87124,     112711,   91695567,      62892,     -62892, UNTOUCHED
    210627,      82924,      84698,    1287894,       3523,      -3523, NO_EVENT
    210652,      81320,      82092,     232440,       1604,      -1604, NO_EVENT
    210677,      80957,      81349,      67259,        767,       -363, NO_EVENT
    210702,      81771,      81346,      45742,        710,        166, NO_EVENT
    210727,      81862,      81882,      49073,        533,         91, NO_EVENT
    210752,     112332,      91174,  143653532,      30470,      30470, TOUCHED
    210777,     143459,     131454,   71596834,      39774,      34565, TOUCHED
    210802,     140249,     143088,    2935872,       4899,      -3210, TOUCHED
    210827,      84548,     109367,  152545186,      55701,     -55701, UNTOUCHED
    210852,      81714,      82909,     694882,       2699,      -2699, NO_EVENT
    210877,      80585,      81301,      75107,       1129,      -1129, NO_EVENT
    210902,      79979,      80331,      43104,        606,       -606, NO_EVENT
    210927,      81080,      80775,      55529,        725,         98, NO_EVENT
    210952,      82599,      81842,     227620,       1519,       1519, NO_EVENT
    210977,     151831,     120568,   32124466,      69232,      69232, TOUCHED
    211002,     152612,     153502,     641417,       2520,        781, TOUCHED
    211027,     136921,     146921,   39374708,      15962,     -15691, TOUCHED
    211052,      85292,      93058,  111622771,      26377,     -26377, UNTOUCHED
    211077,      82352,      83886,     584464,       2502,      -2502, NO_EVENT
    211102,      81713,      82080,      42568,        639,       -639, NO_EVENT
    211127,      81444,      81709,      93065,        794,       -269, NO_EVENT
    211152,      81887,      81794,      80138,        854,        443, NO_EVENT
    211177,      85523,      83276,     652695,       3333,       3333, NO_EVENT
    211202,     149970,     123984,  131622187,      64447,      64447, TOUCHED
    211227,     153980,     152019,    2424363,       4010,       4010, TOUCHED
    211252,     135872,     152594,   24985419,      19107,     -18108, TOUCHED
    211277,      85097,      96024,  140950970,      50775,     -50775, UNTOUCHED
    211302,      82742,      83847,     551050,       2355,      -2355, NO_EVENT
    211327,      81802,      82405,     133374,       1030,       -940, NO_EVENT
    211352,      81868,      82118,      73756,        666,         66, NO_EVENT
    211377,      82576,      82103,      72548,        909,        201, NO_EVENT
    211402,      82857,      82511,     164398,       1087,        281, NO_EVENT
    211427,      85666,      84406,     620706,       2809,       2809, NO_EVENT
    211452,     153438,     132196,   54594222,      67772,      67772, TOUCHED
    211477,     151733,     152793,     288260,       1705,      -1705, TOUCHED
    211502,     142766,     148024,   10401743,       8967,      -8967, TOUCHED
    211527,      85120,     111122,   41382348,      57646,     -57646, UNTOUCHED
    211552,      83391,      84015,     489340,       1895,      -1729, NO_EVENT
    211577,      82021,      82517,     190368,       1370,      -1370, NO_EVENT
    211602,      82118,      82284,      29983,        543,         97, NO_EVENT
    211627,      83450,      83119,      95580,        899,        316, NO_EVENT
    211652,     126133,      98233,   23030012,      41775,      41536, TOUCHED
    211677,     144629,     147459,    6213980,       6056,      -2790, TOUCHED
    211702,     135609,     148510,   10756111,      15043,     -15043, TOUCHED
    211727,      86095,     103794,   49492341,      49514,     -49514, UNTOUCHED
    211752,      83134,      84385,     823052,       2589,      -2589, NO_EVENT
    211777,      82119,      82267,     126694,       1069,       -645, NO_EVENT
    211802,      81796,      81861,      39019,        531,       -323, NO_EVENT
    211827,      81570,      81513,      16893,        429,       -226, NO_EVENT
    211852,      81875,      81605,      48582,        643,        192, NO_EVENT
    211877,      82523,      81940,     144049,       1102,        648, NO_EVENT
    211902,     140860,      96853,  149057629,      58337,      58337, TOUCHED
    211927,     152668,     147602,   11311104,      11808,      11808, TOUCHED
    211952,     148722,     150699,    1425984,       3946,      -3946, TOUCHED
    211977,     139498,     143868,   10471000,       9224,      -9224, TOUCHED
    212002,      84277,      94796,   78304069,      55221,     -55221, UNTOUCHED
    212027,      82642,      83582,     569075,       2241,      -1635, NO_EVENT
    212052,      82152,      82449,     146949,       1052,       -933, NO_EVENT
    212077,      82031,      82154,      57776,        758,       -121, NO_EVENT
    212102,      82392,      82351,     110368,        950,        361, NO_EVENT
    212127,     137171,      92412,    4655707,      54779,      54779, TOUCHED
    212152,     145323,     140656,    7491670,       8152,       8152, TOUCHED
    212177,     146840,     143718,    2043552,       4353,       1517, TOUCHED
    212202,     137263,     143216,    8993595,       9577,      -9577, TOUCHED
    212227,     124560,     127270,   40620387,      17663,     -12703, TOUCHED
    212252,      86342,     109569,  168503391,      33715,     -33170, UNTOUCHED
    212277,      83840,      85117,     540874,       2502,      -2502, NO_EVENT
    212302,      83377,      83451,      85914,        903,       -463, NO_EVENT
    212327,      84991,      84505,     210559,       1722,       1614, NO_EVENT
    212352,     148439,     119312,  109527725,      66744,      62305, TOUCHED
    212377,     151397,     150190,    1205029,       2958,       2958, TOUCHED
    212402,     153247,     152687,     785222,       1951,       1850, TOUCHED
    212427,      94657,     138781,   84947075,      58354,     -58354, TOUCHED
    212452,      85023,      86901,    4039306,       9634,      -9634, UNTOUCHED
    212477,      84126,      84611,     166543,       1167,       -897, NO_EVENT
    212502,      84859,      84644,      45287,        569,        -58, NO_EVENT
    212527,      87874,      86161,     983175,       2734,       2627, NO_EVENT
    212552,     147977,     128651,   96418498,      60103,      60103, TOUCHED
    212577,     150061,     148975,     861868,       2230,       2230, TOUCHED
    212602,     149634,     149575,      18094,        312,        -61, TOUCHED
    212627,      99726,     127055,    6530243,      49908,     -49908, TOUCHED
    212652,      85706,      88042,    4626768,       5912,      -5912, UNTOUCHED
    212677,      84361,      84969,     374016,       1664,      -1664, NO_EVENT
    212702,      83298,      83872,     155483,       1338,       -796, NO_EVENT
    212727,      82484,      82885,     115653,        865,       -814, NO_EVENT
    212752,      82569,      82665,      34613,        502,         85, NO_EVENT
    212777,      83958,      83765,     274551,       2092,       1389, NO_EVENT
    212802,     147020,     100570,  166108118,      61748,      61748, TOUCHED
    212827,     143075,     149690,   16218164,       9961,      -3945, TOUCHED
    212852,      86864,      97856,  154377498,      32231,     -32231, UNTOUCHED
    212877,      84357,      85687,     705963,       2606,      -2507, NO_EVENT
    212902,      83119,      84023,     392791,       1943,      -1238, NO_EVENT
    212927,      82819,      82847,     129138,       1039,       -235, NO_EVENT
    212952,      82201,      82483,     104528,        869,       -618, NO_EVENT
    212977,      83158,      82718,     126314,        957,        957, NO_EVENT
    213002,      95819,      86143,   18029260,      12661,      12661, TOUCHED
    213027,     153207,     140712,  161067561,      57388,      57388, TOUCHED
    213052,     147864,     151117,    2445075,       5343,      -5343, TOUCHED
    213077,      86459,     123732,  140605010,      61405,     -61405, UNTOUCHED
    213102,      82492,      84546,    1213109,       3967,      -3967, NO_EVENT
    213127,      81613,      82074,     161135,       1231,       -879, NO_EVENT
    213152,      80747,      81342,     138248,       1122,      -1122, NO_EVENT
    213177,      81245,      81078,      40663,        574,        498, NO_EVENT
    213202,      81432,      81346,       6377,        202,        187, NO_EVENT
    213227,      84975,      82393,     412557,       3154,       2929, NO_EVENT
    213252,     151608,     130503,  156678852,      70888,      66633, TOUCHED
    213277,     154845,     154064,    2924643,       3946,       3237, TOUCHED
    213302,     156701,     156085,     178803,       1064,        645, TOUCHED
    213327,      86167,     124681,  104243633,      70534,     -70534, UNTOUCHED
    213352,      82625,      83714,    1197225,       2950,      -2809, NO_EVENT
    213377,      81998,      82141,      63942,        865,       -627, NO_EVENT
    213402,      81821,      82141,      51704,        626,       -177, NO_EVENT
    213427,      84134,      82508,     139829,       1959,       1707, NO_EVENT
    213452,      86470,      84509,     459409,       2624,       2336, NO_EVENT
    213477,     149836,     123714,    1508696,      65942,      63366, TOUCHED
    213502,     151984,     152436,    2442346,       4032,       2148, TOUCHED
    213527,     124905,     147511,   70339964,      27079,     -27079, TOUCHED
    213552,      85309,      91872,  112851577,      39596,     -39596, UNTOUCHED
    213577,      84233,      84928,     114151,       1076,      -1076, NO_EVENT
    213602,      83632,      84056,      81360,        940,       -601, NO_EVENT
    213627,      83909,      83963,      45055,        694,        -74, NO_EVENT
    213652,      84562,      84042,     146753,        970,        447, NO_EVENT
    213677,      86649,      85082,     260941,       2118,       2087, NO_EVENT
    213702,     156735,     110258,    4419356,      70378,      70086, TOUCHED
    213727,     142112,     150392,   30093065,      14623,     -14623, TOUCHED
    213752,      86437,      97165,  162845667,      31946,     -31946, UNTOUCHED
    213777,      84102,      84932,     366381,       1737,      -1737, NO_EVENT
    213802,      83061,      83237,     287315,       1374,      -1031, NO_EVENT
    213827,      81523,      82229,     226532,       1538,      -1538, NO_EVENT
    213852,      81634,      81831,      49599,        679,        111, NO_EVENT
    213877,      82265,      81871,      30091,        631,        631, NO_EVENT
    213902,      82838,      82373,      73093,        774,        573, NO_EVENT
    213927,      85335,      84042,     743028,       2497,       2497, NO_EVENT
    213952,     125082,      99435,   47550142,      39747,      39747, TOUCHED
    213977,      86134,      91530,   83931295,      38948,     -38948, UNTOUCHED
    214002,      84587,      85638,     312888,       1675,      -1547, NO_EVENT
    214027,      83980,      84562,     128932,       1097,       -607, NO_EVENT
    214052,      84772,      84132,      80821,        964,        728, NO_EVENT
    214077,      86161,      84853,     198784,       1670,       1389, NO_EVENT
    214102,     139957,     112677,   42089893,      53796,      53796, TOUCHED
    214127,      88070,     107863,   96325919,      30060,     -28017, UNTOUCHED
    214152,      84630,      86129,     968276,       3440,      -3440, NO_EVENT
    214177,      83601,      84411,     145546,       1298,      -1029, NO_EVENT
    214202,      82639,      83513,     177277,       1251,       -962, NO_EVENT
    214227,      82775,      82879,      65939,        737,        136, NO_EVENT
    214252,      84174,      83171,      98127,       1386,       1118, NO_EVENT
    214277,      86338,      84769,     340553,       2164,       2164, NO_EVENT
    214302,     147328,     124569,  137295811,      63990,      60990, TOUCHED
    214327,     144120,     143901,    5349379,       6399,      -3208, TOUCHED
    214352,      88199,     122975,  149079045,      55921,     -55921, UNTOUCHED
    214377,      84751,      86084,     780274,       3448,      -3448, NO_EVENT
    214402,      83861,      84461,     160993,       1248,       -890, NO_EVENT
    214427,      83618,      83726,     132073,        881,       -466, NO_EVENT
    214452,      84326,      83869,      65737,        936,        248, NO_EVENT
    214477,      84941,      84510,     157370,       1130,        615, NO_EVENT
    214502,     148595,     101211,   67471650,      63654,      63654, TOUCHED
    214527,     146221,     147221,   15035357,       9448,      -2374, TOUCHED
    214552,     122626,     139410,   60465811,      23595,     -23595, TOUCHED
    214577,      87775,     104875,   14751530,      34851,     -34851, UNTOUCHED
    214602,      85954,      86550,     343031,       1821,      -1821, NO_EVENT
    214627,      84596,      84994,     274456,       1553,      -1358, NO_EVENT
    214652,      83293,      84097,     178174,       1317,      -1303, NO_EVENT
    214677,      83452,      83578,     128886,       1042,        159, NO_EVENT
    214702,      84055,      83795,     123201,        862,        603, NO_EVENT
    214727,     107064,      88793,   63850287,      22236,      22195, TOUCHED
    214752,     155265,     144662,   10722969,      48201,      48201, TOUCHED
    214777,     155720,     155648,     322003,       1237,        455, TOUCHED
    214802,      92423,     137082,   69317711,      63297,     -63297, TOUCHED
    214827,      85074,      86047,    1074304,       3253,      -2674, UNTOUCHED
    214852,      83754,      84374,     195193,       1320,      -1320, NO_EVENT
    214877,      82870,      83494,      82110,        972,       -884, NO_EVENT
    214902,      84464,      83878,     220591,       1594,       1594, NO_EVENT
    214927,     144452,     107008,   84794333,      59988,      59988, TOUCHED
    214952,     153942,     151929,   17740612,      10191,       9490, TOUCHED
    214977,      93414,     125024,  158346990,      60528,     -60528, TOUCHED
    215002,      86187,      88987,    5798843,       7227,      -7227, UNTOUCHED
    215027,      83448,      84734,     655909,       2739,      -2739, NO_EVENT
    215052,      82103,      82865,     177642,       1345,      -1345, NO_EVENT
    215077,      82055,      82335,      78016,        676,        -48, NO_EVENT
    215102,      83640,      82851,      53149,       1034,       1034, NO_EVENT
    215127,     135939,      94988,  108826174,      52380,      52299, TOUCHED
    215152,     147486,     147175,   41026216,      15697,      11547, TOUCHED
    215177,     144355,     138638,   39550842,      16444,      -3131, TOUCHED
    215202,     149090,     143577,   10552731,       9209,       4735, TOUCHED
    215227,     156964,     154717,    6255343,       7874,       7874, TOUCHED
    215252,     147059,     156465,    8333323,      11236,      -9905, TOUCHED
    215277,      83360,     104539,  156455924,      63989,     -63699, UNTOUCHED
    215302,      81718,      82421,     248417,       1642,      -1642, NO_EVENT
    215327,      81619,      81956,      63370,        715,        -99, NO_EVENT
    215352,      81771,      81862,      42267,        541,        152, NO_EVENT
    215377,      83905,      82750,     287909,       1768,       1576, NO_EVENT
    215402,     138094,      93926,   28613260,      54189,      54189, TOUCHED
    215427,     132932,     142679,   88293566,      23182,      -5162, TOUCHED
    215452,      85808,      97336,   51493659,      47124,     -47124, UNTOUCHED
    215477,      83392,      84883,     646381,       2416,      -2416, NO_EVENT
    215502,      81816,      82855,     525516,       2171,      -1576, NO_EVENT
    215527,      82043,      82305,     177879,       1263,       -925, NO_EVENT
    215552,      82186,      82234,      65948,        797,        143, NO_EVENT
    215577,      82819,      82511,      49934,        640,        633, NO_EVENT
    215602,     156867,     103396,   68686827,      74048,      74048, TOUCHED
    215627,     155424,     156813,    2637305,       3653,      -1443, TOUCHED
    215652,     155152,     155668,    1514907,       2858,       -272, TOUCHED
    215677,     148342,     154605,    3811624,       7531,      -6810, TOUCHED
    215702,      85509,     105816,   72317585,      62833,     -62833, UNTOUCHED
    215727,      82610,      84014,     951547,       2946,      -2946, NO_EVENT
    215752,      81594,      82338,     125344,       1150,      -1016, NO_EVENT
    215777,      81862,      82074,      77692,        852,        268, NO_EVENT
    215802,      82477,      82452,      44549,        796,        615, NO_EVENT
    215827,      85823,      84088,     401252,       2437,       2437, NO_EVENT
    215852,     150322,     119702,  133797886,      64499,      64499, TOUCHED
    215877,     144411,     151853,   11840491,      11244,      -5911, TOUCHED
    215902,     153498,     153190,   24893373,      11975,       9087, TOUCHED
    215927,      85963,     123708,   79725057,      67535,     -67535, UNTOUCHED
    215952,      83616,      84880,     479381,       2347,      -2347, NO_EVENT
    215977,      82722,      83268,     182127,       1187,       -894, NO_EVENT
    216002,      83332,      83372,     121557,       1069,        610, NO_EVENT
    216027,      86583,      84749,     371488,       2583,       2388, NO_EVENT
    216052,     150031,     105326,   91508143,      63604,      63448, TOUCHED
    216077,     159438,     157484,    5335056,       9407,       9407, TOUCHED
    216102,      92029,     143042,   41882484,      67409,     -67409, TOUCHED
    216127,      86011,      88204,    4321328,       6018,      -6018, UNTOUCHED
    216152,      84256,      85233,     342760,       1755,      -1755, NO_EVENT
    216177,      83309,      83772,     168762,       1032,       -947, NO_EVENT
    216202,      83272,      83454,      53497,        616,        -37, NO_EVENT
    216227,      84616,      84296,     218918,       1495,       1344, NO_EVENT
    216252,     127239,      89756,  122463041,      41493,      41493, TOUCHED
    216277,     155551,     147844,  134212738,      28312,      28312, TOUCHED
    216302,     134674,     151368,   30212985,      20877,     -20877, TOUCHED
    216327,      86429,     102292,  169241947,      48245,     -48245, UNTOUCHED
    216352,      84948,      85542,     521261,       2089,      -1488, NO_EVENT
    216377,      84107,      84382,     173236,       1119,       -841, NO_EVENT
    216402,      85196,      84561,     159526,       1229,       1089, NO_EVENT
    216427,      96819,      88995,   24009481,      11623,      11623, TOUCHED
    216452,     157875,     150718,   87868421,      61056,      61056, TOUCHED
    216477,     154408,     155452,    7861751,       6219,      -3467, TOUCHED
    216502,     151698,     153722,     595736,       2710,      -2710, TOUCHED
    216527,     156094,     153429,    1222336,       4396,       4396, TOUCHED
    216552,     107288,     144662,  120919422,      48806,     -48806, TOUCHED
    216577,      86299,      88801,   16614859,      20989,     -20989, UNTOUCHED
    216602,      85966,      86105,      13985,        333,       -333, NO_EVENT
    216627,      85989,      86050,      36628,        592,       -115, NO_EVENT
    216652,      91165,      87661,    3258001,       4936,       4936, TOUCHED
    216677,     157302,     142739,    3212589,      66137,      66137, TOUCHED
    216702,     155181,     157150,     492141,       2610,      -2121, TOUCHED
    216727,     150343,     154159,    2038283,       4992,      -4838, TOUCHED
    216752,      86476,     106231,   85701264,      63867,     -63867, UNTOUCHED
    216777,      84001,      84832,     573773,       2004,      -2004, NO_EVENT
    216802,      82386,      83232,     299897,       1851,      -1851, NO_EVENT
    216827,      82237,      82665,      72806,        863,       -149, NO_EVENT
    216852,      82270,      82374,      23744,        400,         33, NO_EVENT
    216877,      82640,      82328,      42028,        561,        370, NO_EVENT
    216902,      82901,      82809,      61155,        685,        261, NO_EVENT
    216927,      85003,      83966,     472991,       2102,       2102, NO_EVENT
    216952,     155570,     114151,  166165898,      70567,      70567, TOUCHED
    216977,     153645,     153552,       5793,        187,        187, TOUCHED
    217002,     152812,     152313,    2228516,       3394,       -833, TOUCHED
    217027,      91013,     129857,  136759062,      64778,     -61799, TOUCHED
    217052,      86127,      87487,    1871830,       4886,      -4886, UNTOUCHED
    217077,      85450,      85829,     182051,       1041,       -677, NO_EVENT
    217102,      86626,      86047,     117848,       1176,       1176, NO_EVENT
    217127,     154313,     116009,  108760838,      66701,      66701, TOUCHED
    217152,     150489,     152349,    2961593,       4021,      -3824, TOUCHED
    217177,     152041,     150565,     194191,       1945,       1552, TOUCHED
    217202,     151777,     151846,      18113,        310,       -264, TOUCHED
    217227,     153445,     152936,     129521,        849,        849, TOUCHED
    217252,     100351,     146346,   22348084,      53094,     -53094, TOUCHED
    217277,      93945,      95982,    4405042,       6406,      -6406, TOUCHED
    217302,     112325,     106580,   36489051,      15156,      15156, TOUCHED
    217327,     126400,     122160,    8749178,      14075,      14075, TOUCHED
    217352,     144980,     129734,   62003287,      21629,      18580, TOUCHED
    217377,     151060,     151706,    6806371,       8163,       6080, TOUCHED
    217402,     151722,     151198,    5071572,       5443,        662, TOUCHED
    217427,     153903,     152641,     599948,       2181,       2181, TOUCHED
    217452,     152098,     153879,     394317,       2371,      -1805, TOUCHED
    217477,     101184,     134099,   98383328,      51252,     -50914, TOUCHED
    217502,      88798,      91751,    5350059,       6847,      -6847, UNTOUCHED
    217527,      85805,      87328,     993832,       2889,      -2889, NO_EVENT
    217552,      85336,      85842,      96466,        835,       -835, NO_EVENT
    217577,      85003,      85090,      63364,        682,       -536, NO_EVENT
    217602,      85462,      85090,      46397,        630,        422, NO_EVENT
    217627,      85751,      85501,      70190,        643,        289, NO_EVENT
    217652,      85502,      85769,      19864,        480,       -249, NO_EVENT
    217677,      85868,      85943,     126833,       1015,        366, NO_EVENT
    217702,      99463,      89793,   29756719,      13595,      13595, TOUCHED
    217727,      85688,      99277,   57799556,      38627,     -38627, UNTOUCHED
    217752,      84235,      85528,     522097,       2315,      -1453, NO_EVENT
    217777,      83400,      84108,     281683,       1616,       -835, NO_EVENT
    217802,      84904,      83925,     144706,       1421,        858, NO_EVENT
    217827,      91256,      86848,    6370769,       6383,       6352, TOUCHED
    217852,     134125,     138218,   50208046,      57205,      42869, TOUCHED
    217877,     101722,     122074,  153191202,      33691,     -32403, TOUCHED
    217902,      85856,      88002,    3912712,       5378,      -5378, UNTOUCHED
    217927,      84026,      84967,     753450,       2329,      -2329, NO_EVENT
    217952,      82823,      83421,     159022,       1193,      -1193, NO_EVENT
    217977,      81826,      82486,      66320,        997,       -997, NO_EVENT
    218002,      81838,      81878,      62960,        751,         12, NO_EVENT
    218027,      82308,      81984,      62901,        675,        470, NO_EVENT
    218052,      82475,      82330,      65261,        734,        167, NO_EVENT
    218077,      83996,      83257,     436892,       1783,       1521, NO_EVENT
    218102,     140066,     103257,   93692142,      56070,      56070, TOUCHED
    218127,     124472,     127947,   38924758,      18148,     -15594, TOUCHED
    218152,      85969,      99275,  171729422,      33117,     -33117, UNTOUCHED
    218177,      83722,      85072,     731756,       2369,      -2247, NO_EVENT
    218202,      82093,      82608,     348608,       1756,      -1593, NO_EVENT
    218227,      81410,      81710,      58240,        683,       -683, NO_EVENT
    218252,      80886,      81313,      78840,        775,       -524, NO_EVENT
    218277,      81946,      81488,      44810,        723,        463, NO_EVENT
    218302,      82047,      81926,      54074,        712,        101, NO_EVENT
    218327,      85350,      83689,    1362526,       3303,       3303, NO_EVENT
    218352,     146514,     132021,   53598993,      63608,      61164, TOUCHED
    218377,     129165,     138076,   45469102,      17349,     -17349, TOUCHED
    218402,      85918,      99848,   31177687,      43247,     -43247, UNTOUCHED
    218427,      83375,      84661,     526650,       2543,      -2543, NO_EVENT
    218452,      82739,      83160,     108884,        982,       -636, NO_EVENT
    218477,      82719,      82772,      68326,        775,       -140, NO_EVENT
    218502,      83838,      83249,     149118,       1119,       1119, NO_EVENT
    218527,      85906,      84989,     373952,       2068,       2068, NO_EVENT
    218552,     136026,     112143,  100821921,      50120,      50120, TOUCHED
    218577,     141306,     142756,     333159,       2159,      -2159, TOUCHED
    218602,     121288,     133368,   45353230,      20018,     -20018, TOUCHED
    218627,      85739,      95775,   14445456,      35549,     -35549, UNTOUCHED
    218652,      83968,      85277,     454267,       2319,      -1771, NO_EVENT
    218677,      83576,      84120,     172946,       1288,       -392, NO_EVENT
    218702,      83213,      83270,      52649,        700,       -415, NO_EVENT
    218727,      83618,      83586,      94705,        823,          1, NO_EVENT
    218752,      85549,      84591,     283273,       1931,       1931, NO_EVENT
    218777,     147431,      98295,   27709557,      61882,      61882, TOUCHED
    218802,     145952,     145123,    1859266,       3692,      -1479, TOUCHED
    218827,     141658,     117219,   13148907,      90187,      -4294, TOUCHED
    218852,     134837,     139361,    3954383,       6821,      -6821, TOUCHED
    218877,      88695,     120122,   31562996,      46142,     -46142, UNTOUCHED
    218902,      86248,      86852,     876890,       2556,      -2447, NO_EVENT
    218927,      84754,      85544,     185519,       1494,      -1494, NO_EVENT
    218952,      84731,      84960,      56786,        598,        -23, NO_EVENT
    218977,      85488,      85337,      98605,       1021,        757, NO_EVENT
    219002,      87425,      86632,     236968,       1937,       1937, NO_EVENT
    219027,     147945,     132947,   28416962,      60520,      60520, TOUCHED
    219052,     146356,     147893,     995724,       2694,      -1589, TOUCHED
    219077,     144609,     146331,    1073873,       2756,      -1747, TOUCHED
    219102,      90995,     130154,  128020576,      53614,     -53614, TOUCHED
    219127,      84996,      86497,    2367580,       5999,      -5999, UNTOUCHED
    219152,      83876,      84620,     172559,       1381,      -1120, NO_EVENT
    219177,      84132,      84137,      78445,        804,        256, NO_EVENT
    219202,      90308,      86025,    4788107,       5949,       5949, NO_EVENT
    219227,     144694,     129598,   21061644,      54386,      54386, TOUCHED
    219252,     150869,     150556,    2700900,       7365,       6175, TOUCHED
    219277,     148283,     150794,    4101794,       5170,      -2586, TOUCHED
    219302,      86854,     114516,   84316707,      61429,     -61429, UNTOUCHED
    219327,      85082,      86186,     405241,       1772,      -1772, NO_EVENT
    219352,      85061,      85071,      60153,        669,        -21, NO_EVENT
    219377,      85492,      85268,     123644,        959,        431, NO_EVENT
    219402,     104002,      90905,   66738027,      18510,      18510, TOUCHED
    219427,     153067,     146557,   97088572,      49065,      49065, TOUCHED
    219452,     149304,     149164,     966867,       4812,      -3763, TOUCHED
    219477,     151509,     148967,    3068857,       4485,       2205, TOUCHED
    219502,     150887,     150100,    2976695,       3900,       -622, TOUCHED
    219527,     155283,     153654,    2696480,       4396,       4396, TOUCHED
    219552,     154492,     155515,     704695,       2102,       -791, TOUCHED
    219577,     137398,     148348,   34906886,      17094,     -17094, TOUCHED
    219602,      83106,     105624,  129678470,      54292,     -54292, UNTOUCHED
    219627,      82747,      82947,      40444,        510,       -359, NO_EVENT
    219652,      83329,      83148,     104018,        864,        582, NO_EVENT
    219677,      84543,      84201,      72362,       1214,       1214, NO_EVENT
    219702,     134013,     114469,   54303082,      48386,      48386, TOUCHED
    219727,     133621,     133531,     335503,       1329,       -392, TOUCHED
    219752,     121885,     128965,   15605086,      11736,     -11736, TOUCHED
    219777,     121331,     120777,    6863518,       6719,       -554, TOUCHED
    219802,     111159,     115500,    6868315,       7552,      -7552, TOUCHED
    219827,     107000,      98411,   75668696,      22452,      -4159, TOUCHED
    219852,     147709,     143884,   21894792,      10608,      10608, TOUCHED
    219877,     126406,     140291,   29826222,      17854,     -17854, TOUCHED
    219902,      87395,     105955,   14449743,      39011,     -39011, UNTOUCHED
    219927,      83991,      85178,    1019019,       2713,      -2713, NO_EVENT
    219952,      82478,      83015,     136459,       1092,      -1092, NO_EVENT
    219977,      82226,      82235,      82667,        822,       -252, NO_EVENT
    220002,      82345,      82335,      83731,        808,        119, NO_EVENT
    220027,      84234,      83385,     265058,       1889,       1889, NO_EVENT
    220052,     143428,     119179,   69975480,      59765,      57531, TOUCHED
    220077,     125995,     138967,   36801824,      17433,     -17433, TOUCHED
    220102,      86206,     105796,   41379069,      39789,     -39789, UNTOUCHED
    220127,      84023,      85455,     517423,       2228,      -2183, NO_EVENT
    220152,      83206,      83593,      67541,        817,       -817, NO_EVENT
    220177,      82491,      82883,      76342,        765,       -715, NO_EVENT
    220202,      82841,      82823,     104706,        903,        350, NO_EVENT
    220227,      84699,      83705,     201717,       1543,       1208, NO_EVENT
    220252,     129981,     100447,   68685239,      45282,      45282, TOUCHED
    220277,     134272,     138027,   18476062,       9909,      -9892, TOUCHED
    220302,     120960,     127812,   20030836,      13312,     -13312, TOUCHED
    220327,      86380,      96178,  124790260,      28725,     -28725, UNTOUCHED
    220352,      83593,      85179,    1037038,       3032,      -2787, NO_EVENT
    220377,      81945,      82742,     326147,       1630,      -1612, NO_EVENT
    220402,      81709,      81969,      26812,        480,       -236, NO_EVENT
    220427,      81832,      81853,      60514,        679,        123, NO_EVENT
    220452,      82435,      82504,      60258,       1019,        603, NO_EVENT
    220477,     112963,      89224,  107872007,      29160,      29160, TOUCHED
    220502,     135590,     133433,   88158597,      28334,      22627, TOUCHED
    220527,     128975,     133391,    7818105,       7726,      -6615, TOUCHED
    220552,     108586,     121270,   55897143,      20389,     -20389, TOUCHED
    220577,      84774,      87419,    5513724,       7022,      -7022, UNTOUCHED
    220602,      82886,      83808,     272528,       1888,      -1888, NO_EVENT
    220627,      82967,      82998,      28985,        491,         81, NO_EVENT
    220652,      83168,      82987,     118926,       1048,        201, NO_EVENT
    220677,      85148,      84261,     389615,       1980,       1980, NO_EVENT
    220702,     111714,      94465,  140112549,      25846,      25846, TOUCHED
    220727,     115274,     126307,   76223320,      22732,     -22732, TOUCHED
    220752,      86721,      90347,   21247685,      11632,     -11632, UNTOUCHED
    220777,      84996,      85964,     307767,       1775,      -1725, NO_EVENT
    220802,      84323,      84703,     187067,       1166,       -963, NO_EVENT
    220827,      84006,      84016,      41470,        562,       -183, NO_EVENT
    220852,      83084,      83689,      97812,        967,       -922, NO_EVENT
    220877,      83694,      83859,     129624,       1060,        610, NO_EVENT
    220902,      84597,      84315,      98039,       1119,        903, NO_EVENT
    220927,      85720,      85362,     208765,       1430,       1123, NO_EVENT
    220952,     135722,     108641,  131996345,      50002,      50002, TOUCHED
    220977,     124255,     128924,   15485288,      11467,     -11467, TOUCHED
    221002,      88995,     107836,  115653576,      32192,     -32192, UNTOUCHED
    221027,      86048,      87253,    1082843,       2947,      -2947, NO_EVENT
    221052,      85139,      85581,     151773,        984,       -909, NO_EVENT
    221077,      84324,      84700,     125005,        913,       -815, NO_EVENT
    221102,      83967,      84058,     133920,       1191,       -357, NO_EVENT
    221127,      84648,      84197,      78943,        781,        378, NO_EVENT
    221152,      85924,      85144,     147367,       1213,       1015, NO_EVENT
    221177,     127527,      93462,  170608176,      41770,      41603, TOUCHED
    221202,     137729,     135703,   17177857,      11050,      10202, TOUCHED
    221227,     135290,     135913,     920440,       2774,      -2439, TOUCHED
    221252,     114900,     128968,   35193885,      20390,     -20390, TOUCHED
    221277,      86712,      94258,   81887318,      28188,     -28188, UNTOUCHED
    221302,      84674,      85745,     341750,       2038,      -2038, NO_EVENT
    221327,      83187,      84063,     275390,       1687,      -1487, NO_EVENT
    221352,      82929,      83286,      48083,        651,       -258, NO_EVENT
    221377,      82808,      83064,      47984,        521,       -518, NO_EVENT
    221402,      83379,      83055,      44527,        581,        571, NO_EVENT
    221427,      85500,      84364,     705360,       2339,       2121, NO_EVENT
    221452,     131338,     103901,   65624779,      45838,      45838, TOUCHED
    221477,     140977,     139084,   16349522,      11145,       9639, TOUCHED
    221502,     142959,     141792,     607641,       1982,       1982, TOUCHED
    221527,     141442,     142794,    1281499,       2870,      -1517, TOUCHED
    221552,     109213,     140119,   75531462,      37997,     -32229, TOUCHED
    221577,      90863,      96767,   43142207,      18350,     -18350, TOUCHED
    221602,      88770,      89387,     624515,       2096,      -2093, UNTOUCHED
    221627,      91011,      89636,     578596,       2394,       2241, TOUCHED
    221652,     133723,     119289,   57029173,      42712,      42712, TOUCHED
    221677,     143759,     142807,    4351009,      10262,      10036, TOUCHED
    221702,     146381,     144733,    2658952,       3935,       1080, TOUCHED
    221727,     142660,     144218,    5406755,       5025,         77, TOUCHED
    221752,     145549,     146451,     900616,       2325,      -2133, TOUCHED
    221777,     146726,     145767,     211330,       1406,       1177, TOUCHED
    221802,     150496,     148515,    2005195,       3770,       3770, TOUCHED
    221827,     150334,     150572,      60549,        584,       -162, TOUCHED
    221852,     121395,     144683,   74530418,      30936,     -30936, TOUCHED
    221877,     123009,     114731,   56030729,      16443,       1614, TOUCHED
    221902,     143257,     136644,   10612651,      10735,      10735, TOUCHED
    221927,     131101,     139192,   17681562,      12156,     -12156, TOUCHED
    221952,     125174,     130337,   12477399,       9315,      -5927, TOUCHED
    221977,     143915,     131384,   66202033,      19776,      17392, TOUCHED
    222002,     132593,     142999,   16458877,      13582,     -11322, TOUCHED
    222027,      87805,     105322,  151374159,      44788,     -44788, UNTOUCHED
    222052,      84964,      85864,     308791,       1547,      -1547, NO_EVENT
    222077,      83221,      83922,     132312,       1332,      -1332, NO_EVENT
    222102,      82980,      83257,      67438,        849,       -241, NO_EVENT
    222127,      82975,      83034,      84942,        755,         -5, NO_EVENT
    222152,      84450,      84059,     347864,       1884,       1475, NO_EVENT
    222177,     142720,     109493,  104446068,      56985,      56751, TOUCHED
    222202,     132989,     137037,   12728897,       9731,      -9731, TOUCHED
    222227,     100593,     118104,  107174660,      32396,     -32396, TOUCHED
    222252,      85234,      87395,    3732722,       5143,      -5143, UNTOUCHED
    222277,      82485,      83839,     675815,       2737,      -2737, NO_EVENT
    222302,      81698,      82139,      68924,        787,       -787, NO_EVENT
    222327,      80007,      81102,     351533,       1852,      -1691, NO_EVENT
    222352,      77310,      78989,     639989,       3061,      -2697, NO_EVENT
    222377,      76494,      76854,     467649,       2088,       -816, NO_EVENT
    222402,      74456,      75548,     291530,       1893,      -1893, NO_EVENT
    222427,      74630,      74857,      33710,        622,        174, NO_EVENT
    222452,      74473,      74793,      63970,        803,       -157, NO_EVENT
    222477,      74242,      74597,      70369,        681,       -231, NO_EVENT
    222502,      74112,      74577,      49864,        675,       -619, NO_EVENT
    222527,      74404,      74627,      63198,        935,        292, NO_EVENT
    222552,      74473,      74680,      76610,        711,         69, NO_EVENT
    222577,      74649,      74668,      67817,        701,        176, NO_EVENT
    222602,      73994,      74585,      90310,        835,       -655, NO_EVENT
    222627,      74349,      74641,      18122,        479,       -258, NO_EVENT
    222652,      74327,      74459,       9235,        295,        -22, NO_EVENT
    222677,      74540,      74563,      25037,        429,        213, NO_EVENT
    222702,      74273,      74621,      43068,        607,       -267, NO_EVENT
    222727,      74544,      74603,      41671,        647,        271, NO_EVENT
    222752,      74576,      74684,      12947,        290,       -119, NO_EVENT
    222777,      74352,      74751,     108950,        963,       -224, NO_EVENT
    222802,      74559,      74737,      46045,        704,        207, NO_EVENT
    222827,      75295,      75077,      68152,        764,        736, NO_EVENT
    222852,      75162,      75179,      36642,        484,        212, NO_EVENT
    222877,      75922,      75682,     149357,       1017,        760, NO_EVENT
    222902,      77503,      76768,     336138,       1687,       1581, NO_EVENT
    222927,      79592,      78803,     491379,       2202,       2030, NO_EVENT
    222952,      81213,      80817,     288125,       1964,       1621, NO_EVENT
    222977,      81822,      82079,     124958,       1078,       -245, NO_EVENT
    223002,      83405,      82896,     283493,       1583,       1583, NO_EVENT
    223027,      85018,      84565,     282871,       1836,       1613, NO_EVENT
    223052,      86304,      85726,     223180,       1286,       1286, NO_EVENT
    223077,      90896,      87866,    1987728,       4592,       4592, TOUCHED
    223102,     158751,     134832,  104633809,      67855,      67855, TOUCHED
    223127,     156908,     156688,    3213828,       4332,      -1843, TOUCHED
    223152,     157878,     156455,    1711645,       3088,        970, TOUCHED
    223177,     154533,     156182,    3263134,       4041,       -541, TOUCHED
    223202,     152635,     155563,    3373125,       4733,      -1898, TOUCHED
    223227,     155748,     155507,    1389952,       3899,       3113, TOUCHED
    223252,     155365,     154800,     876735,       2186,       -383, TOUCHED
    223277,     151311,     154616,    1984079,       4631,      -4054, TOUCHED
    223302,     153417,     151555,     305382,       2106,       2106, TOUCHED
    223327,     151798,     152183,     595084,       1791,      -1619, TOUCHED
    223352,     148567,     150291,    1528432,       3231,      -3231, TOUCHED
    223377,     146658,     147497,     919081,       2339,      -1909, TOUCHED
    223402,     140992,     145324,    2350166,       5666,      -5666, TOUCHED
    223427,     139182,     140037,    1165255,       2293,      -1810, TOUCHED
    223452,     135486,     136778,    5629699,       5213,      -3696, TOUCHED
    223477,     126766,     128162,    9282288,       9836,      -8720, TOUCHED
    223502,     120847,     124625,    7298836,       6616,      -5919, TOUCHED
    223527,     128882,     125446,    4255964,       8035,       8035, TOUCHED
    223552,     128413,     127912,    2530837,       3793,       -469, TOUCHED
    223577,     130559,     130917,    1376107,       3946,       2146, TOUCHED
    223602,     130254,     131351,     289573,       1786,       -888, TOUCHED
    223627,     131714,     131451,     283370,       1549,       1460, TOUCHED
    223652,     129662,     131432,    1449778,       2968,      -2052, TOUCHED
    223677,     129410,     127981,    5372823,       5058,       -252, TOUCHED
    223702,     123292,     126606,    3418033,       6118,      -6118, TOUCHED
    223727,     128386,     124973,    8614971,       7035,       5094, TOUCHED
    223752,     125560,     125555,    1987733,       4258,      -2826, TOUCHED
    223777,     127371,     125607,    7271494,       6783,       1811, TOUCHED
    223802,     125166,     125770,    1589697,       3533,      -2205, TOUCHED
    223827,     130473,     128760,    4149676,       5307,       5307, TOUCHED
    223852,     128952,     129733,     494456,       1577,      -1521, TOUCHED
    223877,      89539,     111818,   47965636,      36305,     -36305, UNTOUCHED
    223902,      87710,      88535,     429741,       1829,      -1829, NO_EVENT
    223927,     108067,      92179,   63203875,      20357,      20357, TOUCHED
    223952,     136823,     131904,   79311819,      28756,      28756, TOUCHED
    223977,     133464,     134934,    3570419,       4235,       1013, TOUCHED
    224002,     135557,     133892,     654791,       2360,       2093, TOUCHED
    224027,      90856,     118343,    8448492,      44832,     -44701, TOUCHED
    224052,      85875,      87596,    2126732,       4981,      -4981, UNTOUCHED
    224077,      84116,      85281,     556423,       2301,      -1759, NO_EVENT
    224102,      83973,      84142,     180479,       1258,       -143, NO_EVENT
    224127,      83430,      83725,      21167,        480,       -402, NO_EVENT
    224152,      83435,      83619,      74427,        693,          5, NO_EVENT
    224177,      82712,      83355,     117645,        980,       -723, NO_EVENT
    224202,      83017,      83149,     139540,        972,        305, NO_EVENT
    224227,      83001,      82865,     195727,       1298,        -16, NO_EVENT
    224252,      82193,      82259,      47827,        659,          6, NO_EVENT
    224277,      83567,      82839,     231814,       1374,       1374, NO_EVENT
    224302,     143309,     113599,   88289257,      60514,      59742, TOUCHED
    224327,     129395,     143259,   18643306,      17049,     -13914, TOUCHED
    224352,      85309,      95861,   54261167,      44086,     -44086, UNTOUCHED
    224377,      83298,      84815,     435877,       2108,      -2011, NO_EVENT
    224402,      82019,      82775,     273933,       1667,      -1279, NO_EVENT
    224427,      81731,      81948,      95070,        766,       -288, NO_EVENT
    224452,      80995,      81488,      43846,        733,       -733, NO_EVENT
    224477,      81064,      81134,      26894,        442,         69, NO_EVENT
    224502,      81248,      80876,      55866,        640,        184, NO_EVENT
    224527,      81366,      81150,      99721,       1048,        642, NO_EVENT
    224552,      81815,      81666,      68350,        735,        449, NO_EVENT
    224577,      82500,      82162,      82569,        805,        685, NO_EVENT
    224602,      85005,      83497,     643241,       2575,       2575, NO_EVENT
    224627,     131205,      97763,  102651120,      46200,      46200, TOUCHED
    224652,     130040,     131037,     251480,       1304,      -1165, TOUCHED
    224677,     122274,     128590,    4725441,       8709,      -7766, TOUCHED
    224702,      84594,      92730,     685009,      37680,     -37680, UNTOUCHED
    224727,      84108,      84477,     202301,       1203,       -486, NO_EVENT
    224752,      85347,      84553,     201659,       1239,       1239, NO_EVENT
    224777,     101869,      87383,   18640920,      16522,      16522, TOUCHED
    224802,     135108,     126771,   24399000,      33322,      33239, TOUCHED
    224827,      90394,     117096,  163631161,      44714,     -44714, UNTOUCHED
    224852,      85664,      87125,    2081316,       4779,      -4730, NO_EVENT
    224877,      83630,      84523,     784136,       2432,      -2034, NO_EVENT
    224902,      82538,      83086,      71279,        807,       -517, NO_EVENT
    224927,      82472,      82713,      60669,        606,        -66, NO_EVENT
    224952,      84879,      83791,     553187,       2407,       2407, NO_EVENT
    224977,     132424,     114455,   96759056,      47545,      47545, TOUCHED
    225002,     131531,     134528,    2228758,       4478,      -4478, TOUCHED
    225027,      85285,     104327,   12262025,      46246,     -46246, UNTOUCHED
    225052,      83573,      84171,     510068,       2065,      -1712, NO_EVENT
    225077,      85892,      84111,     696539,       2427,       2319, NO_EVENT
    225102,     138996,     121495,   53507872,      53104,      53104, TOUCHED
    225127,      95476,     127661,   34512110,      43520,     -43520, TOUCHED
    225152,      88992,      91204,    3708222,       6484,      -6484, UNTOUCHED
    225177,      85830,      88227,    1076627,       3611,      -3162, NO_EVENT
    225202,      84073,      85441,     503303,       2490,      -1757, NO_EVENT
    225227,      82878,      83514,     206553,       1195,      -1195, NO_EVENT
    225252,      83304,      83097,      54987,        650,        426, NO_EVENT
    225277,      83795,      83400,     128102,        987,        201, NO_EVENT
    225302,      84191,      84038,     261404,       1427,        875, NO_EVENT
    225327,      84823,      84810,     111567,        978,        632, NO_EVENT
    225352,      85574,      85408,      59201,        783,        751, NO_EVENT
    225377,      84823,      85350,      95644,       1059,       -751, NO_EVENT
    225402,      85321,      85462,     147284,       1244,        498, NO_EVENT
    225427,      85732,      85412,     163307,       1195,        411, NO_EVENT
    225452,     115407,      94432,  171228964,      29675,      29675, TOUCHED
    225477,     128040,     130634,    2219508,       4258,      -3271, TOUCHED
    225502,      87847,     115000,  134642684,      40193,     -40193, UNTOUCHED
    225527,      84881,      86009,     544383,       2966,      -2966, NO_EVENT
    225552,      84796,      85054,     213408,       1276,        -85, NO_EVENT
    225577,     131187,      96760,   30942611,      46391,      46391, TOUCHED
    225602,     129004,     133872,    4853784,       7837,      -2183, TOUCHED
    225627,      87830,     101857,   96586347,      41174,     -41174, UNTOUCHED
    225652,      86159,      86260,      98884,        934,       -562, NO_EVENT
    225677,      86798,      86244,     181341,        980,        980, NO_EVENT
    225702,     131239,     108588,   73518584,      45004,      45004, TOUCHED
    225727,     123566,     131258,    2982586,       8819,      -7673, TOUCHED
    225752,      85909,      95054,  162198766,      37657,     -37657, UNTOUCHED
    225777,      85033,      85501,      79590,        876,       -876, NO_EVENT
    225802,      84590,      84685,      74711,        694,       -443, NO_EVENT
    225827,      86091,      85610,     263307,       1603,       1501, NO_EVENT
    225852,     134628,     108799,   74451118,      50658,      48537, TOUCHED
    225877,     125470,     132625,   10992592,       9580,      -9158, TOUCHED
    225902,      89166,     103630,  166349787,      36304,     -36304, UNTOUCHED
    225927,      86125,      87833,     692378,       3041,      -3041, NO_EVENT
    225952,      85363,      85727,      87211,        906,       -762, NO_EVENT
    225977,      84133,      84785,     109420,       1230,      -1230, NO_EVENT
    226002,      83628,      84086,      75743,        956,       -505, NO_EVENT
    226027,      83954,      83853,      73731,        733,        326, NO_EVENT
    226052,     116181,      87482,   71835212,      32227,      32227, TOUCHED
    226077,     130594,     130208,   51793387,      18595,      14413, TOUCHED
    226102,     108980,     125456,   50624058,      23140,     -21614, TOUCHED
    226127,     134184,     101236,   70725861,      45441,      25204, TOUCHED
    226152,     138517,     137144,    1983365,       4333,       4333, TOUCHED
    226177,      91776,     121168,   41622095,      46943,     -46741, TOUCHED
    226202,      85185,      86863,    2497467,       6591,      -6591, UNTOUCHED
    226227,      83105,      83709,     398163,       1722,      -1569, NO_EVENT
    226252,      83327,      83023,      85208,        807,        597, NO_EVENT
    226277,      99194,      88034,   39687123,      15867,      15867, TOUCHED
    226302,     133062,     131325,   46818464,      35894,      33868, TOUCHED
    226327,     119148,     127153,   25329492,      13914,     -13914, TOUCHED
    226352,      86506,      87407,    1722572,       3628,      -3444, UNTOUCHED
    226377,      85888,      85877,      80601,        804,        209, NO_EVENT
    226402,      85913,      85749,      94600,        834,        260, NO_EVENT
    226427,      88673,      86714,     630533,       2760,       2760, NO_EVENT
    226452,     136123,     116963,   15466554,      47450,      47450, TOUCHED
    226477,      92351,     122450,  123340860,      44874,     -43772, TOUCHED
    226502,      86572,      89053,    3143479,       5779,      -5779, UNTOUCHED
    226527,      85371,      86183,     261836,       1630,      -1201, NO_EVENT
    226552,      85200,      85483,     118016,        981,       -171, NO_EVENT
    226577,      85273,      85369,      84216,        884,         73, NO_EVENT
    226602,      85812,      85631,      49033,        619,        539, NO_EVENT
    226627,      88012,      86599,     455652,       1968,       1968, NO_EVENT
    226652,     109241,      92948,   34796968,      21229,      21229, TOUCHED
    226677,      86124,      91353,   47160525,      23117,     -23117, UNTOUCHED
    226702,      85395,      86020,      91301,       1089,       -729, NO_EVENT
    226727,      84637,      85182,     117374,        995,       -758, NO_EVENT
    226752,      85379,      85128,     171179,       1200,        742, NO_EVENT
    226777,     133430,      99634,  144674881,      48051,      48051, TOUCHED
    226802,     132975,     135652,    7154091,       6404,       -455, TOUCHED
    226827,      88843,     106945,   60674879,      38598,     -38598, UNTOUCHED
    226852,      84768,      86592,    1852080,       4075,      -4075, NO_EVENT
    226877,      83083,      83852,     351594,       1685,      -1685, NO_EVENT
    226902,      84139,      83386,     170171,       1213,       1056, NO_EVENT
    226927,      96761,      87029,   18381442,      12405,      12405, TOUCHED
    226952,     137159,     131688,  166535743,      40398,      40398, TOUCHED
    226977,      90929,     120035,   11152627,      48269,     -46230, TOUCHED
    227002,      86117,      86971,     894777,       2629,      -2442, UNTOUCHED
    227027,      84312,      85179,     229266,       1519,      -1519, NO_EVENT
    227052,      85222,      84641,      65365,        910,        910, NO_EVENT
    227077,      87600,      85826,     366340,       2378,       2378, NO_EVENT
    227102,     141871,     119045,   93689883,      54271,      54271, TOUCHED
    227127,     100001,     134601,   75227461,      41870,     -41870, TOUCHED
    227152,      86510,      91341,   17953545,      13491,     -13491, UNTOUCHED
    227177,      84976,      85839,     343660,       1677,      -1534, NO_EVENT
    227202,      83927,      84401,     216295,       1142,      -1049, NO_EVENT
    227227,      83389,      83634,      98513,        753,       -538, NO_EVENT
    227252,      84561,      83837,     160045,       1258,       1172, NO_EVENT
    227277,      85670,      84818,     189508,       1315,       1109, NO_EVENT
    227302,      96147,      88102,   12777426,      10282,      10282, TOUCHED
    227327,     137101,     130897,   58454275,      42047,      40954, TOUCHED
    227352,     135440,     136651,     695019,       1872,      -1661, TOUCHED
    227377,      88366,     102476,   67479803,      38934,     -38934, UNTOUCHED
    227402,      84913,      85797,     773059,       3453,      -3453, NO_EVENT
    227427,      82910,      83370,     212751,       1175,      -1019, NO_EVENT
    227452,      81760,      82141,      79158,        683,       -607, NO_EVENT
    227477,      81717,      81993,      54119,        630,        -43, NO_EVENT
    227502,      82961,      82424,     127351,       1244,       1244, NO_EVENT
    227527,      85559,      84118,    1031748,       2946,       2946, NO_EVENT
    227552,     136275,     115066,   80210260,      50309,      50309, TOUCHED
    227577,     132838,     135037,    3251351,       4307,      -3437, TOUCHED
    227602,      86735,     102865,   82537386,      46103,     -46103, UNTOUCHED
    227627,      82820,      84583,    1942882,       3915,      -3915, NO_EVENT
    227652,      81904,      82150,     106492,       1132,       -916, NO_EVENT
    227677,      80547,      81134,      79806,       1002,       -734, NO_EVENT
    227702,      80466,      80501,      70969,        851,        -81, NO_EVENT
    227727,      80371,      80340,     184849,       1377,        -95, NO_EVENT
    227752,      80971,      80525,     115095,        858,        600, NO_EVENT
    227777,      81887,      81303,     159018,       1006,        916, NO_EVENT
    227802,      83947,      82567,     703487,       2267,       2249, NO_EVENT
    227827,     129496,     103862,  147139960,      44763,      44763, TOUCHED
    227852,     133936,     131197,    1031006,       3880,       2863, TOUCHED
    227877,     135624,     135020,    1351752,       2545,       1688, TOUCHED
    227902,      97995,     129712,  114328638,      40004,     -37629, TOUCHED
    227927,      82992,      87748,   19130919,      15003,     -15003, UNTOUCHED
    227952,      81766,      82159,     249776,       1494,      -1226, NO_EVENT
    227977,      80751,      81140,     148383,       1037,      -1015, NO_EVENT
    228002,      80148,      80216,      50319,        670,        302, NO_EVENT
    228027,      81186,      80661,     104096,       1038,       1038, NO_EVENT
    228052,      81663,      81515,     164615,        990,        618, NO_EVENT
    228077,      84124,      82895,     745569,       2461,       2461, NO_EVENT
    228102,     118851,      92753,  171410401,      34727,      34727, TOUCHED
    228127,     136619,     135245,   37442626,      19873,      17768, TOUCHED
    228152,      90326,     114529,  157963333,      46578,     -46293, UNTOUCHED
    228177,      85706,      87971,    2290249,       4620,      -4620, NO_EVENT
    228202,      83700,      85053,     365238,       2006,      -2006, NO_EVENT
    228227,      82470,      83206,     300241,       1520,      -1230, NO_EVENT
    228252,      82881,      82632,     112789,        881,        411, NO_EVENT
    228277,      82467,      82336,     102115,        994,       -414, NO_EVENT
    228302,      82132,      82364,      76854,        735,       -102, NO_EVENT
    228327,      82540,      82466,      54996,        567,        408, NO_EVENT
    228352,      83978,      82945,     292559,       1774,       1438, NO_EVENT
    228377,     115084,      94681,   24917728,      31106,      31106, TOUCHED
    228402,     136078,     135922,    1362839,       2908,      -1346, TOUCHED
    228427,      93700,     127190,   99501305,      42378,     -42378, TOUCHED
    228452,      84277,      88361,    9649704,       9423,      -9423, UNTOUCHED
    228477,      82018,      83182,     569998,       2259,      -2259, NO_EVENT
    228502,      81782,      81916,      85225,        792,       -236, NO_EVENT
    228527,      81928,      81512,      96284,        827,        146, NO_EVENT
    228552,      81613,      81853,      40028,        595,       -139, NO_EVENT
    228577,      82910,      82442,     183770,       1297,       1297, NO_EVENT
    228602,      86263,      84694,     893248,       3353,       3353, NO_EVENT
    228627,     135139,     107648,    6667435,      49497,      48876, TOUCHED
    228652,     127350,     133442,    9898882,       8637,      -7789, TOUCHED
    228677,      87810,      98349,  135968142,      39540,     -39540, UNTOUCHED
    228702,      85864,      86708,     667614,       2191,      -1946, NO_EVENT
    228727,      84985,      85338,     183081,        988,       -879, NO_EVENT
    228752,      84207,      84467,      39168,        778,       -778, NO_EVENT
    228777,      84149,      83995,      58673,        634,        474, NO_EVENT
    228802,      83951,      84155,      28695,        473,        -40, NO_EVENT
    228827,      84613,      84645,     107407,        980,        662, NO_EVENT
    228852,      86664,      86014,     326972,       2051,       2051, NO_EVENT
    228877,     136158,     108826,   97030100,      51535,      49494, TOUCHED
    228902,     128696,     136315,   10054017,      10720,      -7462, TOUCHED
    228927,      87404,     100408,   42165684,      41292,     -41292, UNTOUCHED
    228952,      85096,      86314,     606562,       2308,      -2308, NO_EVENT
    228977,      83658,      84300,     389777,       1438,      -1438, NO_EVENT
    229002,      82924,      83149,     217422,       1327,       -734, NO_EVENT
    229027,      83224,      82890,      64767,        636,        300, NO_EVENT
    229052,      82591,      82634,      75349,        807,        399, NO_EVENT
    229077,      82901,      83049,     166039,       1203,        310, NO_EVENT
    229102,      84227,      83511,     159943,       1326,       1326, NO_EVENT
    229127,     115226,      97695,   35009724,      30999,      30999, TOUCHED
    229152,     112878,     125770,   27555530,      16306,      -2348, TOUCHED
    229177,      87913,     103744,  135295121,      28801,     -24965, UNTOUCHED
    229202,      85692,      86085,     208100,       2265,      -2221, NO_EVENT
    229227,      84422,      84647,     220327,       1406,       -451, NO_EVENT
    229252,      83929,      84162,      65612,        828,       -328, NO_EVENT
    229277,      83735,      84205,      63615,        719,       -194, NO_EVENT
    229302,      84090,      84112,     105158,        918,        355, NO_EVENT
    229327,      83789,      83764,      81796,        781,       -301, NO_EVENT
    229352,      84741,      84244,      81497,        952,        952, NO_EVENT
    229377,     107355,      88015,   51142938,      22614,      22614, TOUCHED
    229402,     132356,     128882,   90447301,      27604,      25001, TOUCHED
    229427,     129985,     132259,    3181167,       4572,      -2371, TOUCHED
    229452,      85258,      98395,  136791122,      44840,     -44727, UNTOUCHED
    229477,      82348,      83620,     507968,       2340,      -2340, NO_EVENT
    229502,      82127,      82365,     104975,        979,       -221, NO_EVENT
    229527,      82580,      82344,      82152,        830,        453, NO_EVENT
    229552,      82416,      82324,      59742,        713,       -164, NO_EVENT
    229577,      82177,      82370,      64702,        763,       -119, NO_EVENT
    229602,      83177,      82749,      66503,       1000,       1000, NO_EVENT
    229627,      85135,      83936,     386455,       1958,       1958, NO_EVENT
    229652,     106061,      94259,   98323116,      24557,      20926, TOUCHED
    229677,      86319,      90980,   44008481,      19742,     -19742, UNTOUCHED
    229702,      83714,      85451,     703355,       2918,      -2605, NO_EVENT
    229727,      82857,      83649,     187420,       1422,       -857, NO_EVENT
    229752,      83679,      83263,      69630,        822,        822, NO_EVENT
    229777,      84951,      84123,     183883,       1272,       1272, NO_EVENT
    229802,     127660,     104384,  161742269,      42454,      42454, TOUCHED
    229827,     129917,     131304,    2021513,       5384,       2257, TOUCHED
    229852,     101436,     124775,  143136083,      32882,     -28481, TOUCHED
    229877,      84468,      86369,     970787,       3323,      -3323, UNTOUCHED
    229902,      82383,      83764,     380164,       2085,      -2085, NO_EVENT
    229927,      82083,      82380,     128016,        975,       -300, NO_EVENT
    229952,      82491,      82146,      58459,        629,        408, NO_EVENT
    229977,      82044,      81972,      29931,        541,        320, NO_EVENT
    230002,      83857,      82795,     235707,       1813,       1813, NO_EVENT
    230027,      87399,      84975,     739250,       3542,       3542, NO_EVENT
    230052,     136684,     125404,   19294757,      49285,      49285, TOUCHED
    230077,      91794,     118224,   94624968,      44890,     -44890, TOUCHED
    230102,      85916,      87109,    2149927,       6253,      -5878, UNTOUCHED
    230127,      83918,      84391,     387740,       2352,      -1998, NO_EVENT
    230152,      82024,      82714,     191045,       1332,      -1030, NO_EVENT
    230177,      82004,      82066,      53841,        711,        -20, NO_EVENT
    230202,      81518,      81631,      65899,        690,       -486, NO_EVENT
    230227,      80537,      81033,      49106,        827,       -372, NO_EVENT
    230252,      80057,      80172,     153952,       1076,       -480, NO_EVENT
    230277,      78900,      79207,     236728,       1357,      -1157, NO_EVENT
    230302,      77877,      78451,     293423,       1337,      -1023, NO_EVENT
    230327,      77105,      78021,     107983,       1353,       -772, NO_EVENT
    230352,      78149,      77805,     162299,       1233,       1044, NO_EVENT
    230377,      78041,      78053,      75342,        827,       -108, NO_EVENT
    230402,      80484,      79196,     488576,       2443,       2443, NO_EVENT
    230427,      82119,      81090,     414525,       1897,       1635, NO_EVENT
    230452,     141671,     126339,  142574160,      41121,      41121, TOUCHED
    230477,     137888,     140530,    4461772,       4820,      -3783, TOUCHED
    230502,      85541,     125909,   91682331,      54550,     -52347, UNTOUCHED
    230527,      81755,      83336,    1652386,       3786,      -3786, NO_EVENT
    230552,      81581,      81695,      37635,        586,       -174, NO_EVENT
    230577,      81765,      81637,      49187,        642,        338, NO_EVENT
    230602,      83605,      82409,     257583,       1840,       1840, NO_EVENT
    230627,     138823,     109618,  155162904,      55218,      55218, TOUCHED
    230652,     136249,     139177,    1013483,       3688,      -3470, TOUCHED
    230677,     104302,     122386,  117013874,      31947,     -31947, TOUCHED
    230702,      88685,      94269,   32800583,      15617,     -15617, UNTOUCHED
    230727,      84920,      85752,     369644,       1571,      -1571, NO_EVENT
    230752,      82778,      83797,     185738,       1684,      -1324, NO_EVENT
    230777,      82516,      82566,      82091,        805,       -262, NO_EVENT
    230802,      82776,      82518,      26295,        534,        260, NO_EVENT
    230827,      82580,      82434,      71587,        727,       -196, NO_EVENT
    230852,      83086,      83002,     196263,       1263,        731, NO_EVENT
    230877,      83640,      83471,     101395,        847,        554, NO_EVENT
    230902,      84536,      84249,      88043,        922,        896, NO_EVENT
    230927,      84824,      84535,      71172,        762,        288, NO_EVENT
    230952,      85062,      84752,     103909,        786,        238, NO_EVENT
    230977,      85870,      85614,     119997,        961,        800, NO_EVENT
    231002,     126915,     115935,  128923602,      39248,      36156, TOUCHED
    231027,     124550,     125651,    3969700,       4895,      -2365, TOUCHED
    231052,     122534,     124292,    2390328,       3237,      -3046, TOUCHED
    231077,     109120,     118037,   28078818,      13744,     -13414, TOUCHED
    231102,      88226,      95224,   48070207,      20894,     -20894, UNTOUCHED
    231127,      86398,      87404,     398665,       1828,      -1828, NO_EVENT
    231152,      86599,      86912,      76776,        844,        201, NO_EVENT
    231177,      89372,      88111,    1179324,       2773,       2773, NO_EVENT
    231202,     134320,     113234,   63934646,      44266,      44266, TOUCHED
    231227,     107581,     131625,   28059573,      27090,     -26739, TOUCHED
    231252,      91806,      96378,   28242012,      15775,     -15775, TOUCHED
    231277,      88520,      89182,     357905,       1362,      -1362, UNTOUCHED
    231302,      87158,      87128,     122403,        918,       -147, NO_EVENT
    231327,      88653,      87447,     375604,       1926,       1926, NO_EVENT
    231352,      91247,      89645,     610594,       2594,       2594, TOUCHED
    231377,     109417,      96823,   51451035,      18170,      18170, TOUCHED
    231402,     121728,     128754,   21326113,      21373,      12311, TOUCHED
    231427,     103692,     113834,   42069799,      18036,     -18036, TOUCHED
    231452,      95626,      98398,    8411690,       8066,      -8066, TOUCHED
    231477,      91000,      92283,     920019,       2574,      -2574, TOUCHED
    231502,      88895,      89272,     468272,       2662,      -2105, UNTOUCHED
    231527,      87025,      87752,     391637,       2053,      -1870, NO_EVENT
    231552,      86871,      86873,     153935,       1092,       -154, NO_EVENT
    231577,      87350,      86931,     103730,        836,        479, NO_EVENT
    231602,     129175,      97827,   81296231,      41825,      41825, TOUCHED
    231627,     129865,     130903,    1229288,       3238,        690, TOUCHED
    231652,     127346,     131244,    2426468,       4896,      -4896, TOUCHED
    231677,      93123,     108089,   39711185,      34223,     -34223, TOUCHED
    231702,      88305,      89357,    1494211,       3120,      -2805, UNTOUCHED
    231727,      86818,      87017,     387993,       2339,      -1487, NO_EVENT
    231752,      86951,      86687,      17356,        407,        133, NO_EVENT
    231777,      89933,      87900,    1129555,       3344,       2982, NO_EVENT
    231802,     130883,     120795,   84424447,      43050,      40950, TOUCHED
    231827,     100546,     122080,  156641109,      30707,     -30337, TOUCHED
    231852,      90330,      91990,    3027699,       4513,      -4307, UNTOUCHED
    231877,      88213,      88751,     296231,       2229,      -2117, NO_EVENT
    231902,      86800,      87236,     176306,       1521,      -1413, NO_EVENT
    231927,      87296,      86859,     102913,        847,        496, NO_EVENT
    231952,      86622,      86662,      32956,        894,       -674, NO_EVENT
    231977,      87337,      86594,     185846,       1208,        715, NO_EVENT
    232002,     129866,      99349,  128160753,      43314,      42529, TOUCHED
    232027,     130870,     129623,    2056524,       3412,       1004, TOUCHED
    232052,     125994,     129333,    2925266,       4876,      -4876, TOUCHED
    232077,      88896,     100640,  119883619,      37098,     -37098, UNTOUCHED
    232102,      86342,      87127,     745646,       2748,      -2554, NO_EVENT
    232127,      85065,      85665,     127154,       1277,      -1277, NO_EVENT
    232152,      85431,      85163,      74531,        746,        366, NO_EVENT
    232177,      84800,      84822,     162450,       1002,       -631, NO_EVENT
    232202,      85308,      84787,      62511,        724,        508, NO_EVENT
    232227,      87063,      85954,     338508,       1629,       1629, NO_EVENT
    232252,     131136,     119476,   26913800,      45443,      44073, TOUCHED
    232277,      93036,     119397,  161150492,      38100,     -38100, TOUCHED
    232302,      85982,      89557,    4348400,       7054,      -7054, UNTOUCHED
    232327,      85519,      85894,     195328,       1200,       -463, NO_EVENT
    232352,      85375,      85500,     150786,       1160,       -144, NO_EVENT
    232377,      85398,      85341,      26771,        487,         23, NO_EVENT
    232402,      86625,      85690,     174885,       1265,       1227, NO_EVENT
    232427,      87027,      86573,     128608,        946,        402, NO_EVENT
    232452,      88607,      87490,     447315,       1901,       1580, NO_EVENT
    232477,     107324,      90916,   12949003,      18717,      18717, TOUCHED
    232502,     134886,     125934,  135373459,      27562,      27562, TOUCHED
    232527,      97472,     130039,   62165496,      37414,     -37414, TOUCHED
    232552,      87172,      91175,   13808782,      10300,     -10300, UNTOUCHED
    232577,      84654,      85848,     276698,       1745,      -1741, NO_EVENT
    232602,      83832,      84497,      96694,       1164,       -822, NO_EVENT
    232627,      84329,      83901,      76201,        928,        497, NO_EVENT
    232652,      84590,      84042,     139526,       1078,        261, NO_EVENT
    232677,      85874,      84978,     245407,       1439,       1284, NO_EVENT
    232702,     132745,      98354,   31152969,      46901,      46871, TOUCHED
    232727,     135623,     135477,     659885,       3116,       2878, TOUCHED
    232752,     119296,     129942,   26201716,      14878,     -14878, TOUCHED
    232777,      85661,      88809,   48994761,      34467,     -33635, UNTOUCHED
    232802,      84051,      84357,     186192,       1950,      -1610, NO_EVENT
    232827,      82873,      83513,     231575,       1463,       -378, NO_EVENT
    232852,      83140,      83116,     121661,        868,        267, NO_EVENT
    232877,      83592,      83100,      41612,        715,        452, NO_EVENT
    232902,      83583,      83368,      40442,        469,         -9, NO_EVENT
    232927,      83807,      83433,      84910,        723,        224, NO_EVENT
    232952,      84070,      83847,     210212,       1150,        842, NO_EVENT
    232977,     115723,      91173,  150906823,      31653,      31653, TOUCHED
    233002,     122003,     125257,   13985857,      11963,       6280, TOUCHED
    233027,     126366,     126139,    8079564,       7881,       4363, TOUCHED
    233052,     113596,     124263,   12831952,      13652,     -12770, TOUCHED
    233077,     100813,     110330,   11454766,      12783,     -12783, TOUCHED
    233102,      84805,      88716,   27332478,      16008,     -16008, UNTOUCHED
    233127,      83803,      84155,     227893,       1349,      -1002, NO_EVENT
    233152,      83334,      83079,     126758,       1203,       -469, NO_EVENT
    233177,      83045,      82665,      95259,        878,        443, NO_EVENT
    233202,      84137,      83497,     109449,       1092,       1092, NO_EVENT
    233227,     133211,     104657,   19255322,      51543,      49074, TOUCHED
    233252,     136809,     135300,    2980707,       4121,       3598, TOUCHED
    233277,      86962,     102892,  125001461,      49847,     -49847, UNTOUCHED
    233302,      84646,      86129,     474007,       2316,      -2316, NO_EVENT
    233327,      83926,      84346,     171721,       1264,       -720, NO_EVENT
    233352,      83276,      83148,     214382,       1536,       -650, NO_EVENT
    233377,      82743,      82602,      58916,       1012,       -533, NO_EVENT
    233402,      83146,      82888,      92166,        838,        788, NO_EVENT
    233427,      83979,      83511,      82531,        833,        833, NO_EVENT
    233452,      86000,      85149,     501663,       2021,       2021, NO_EVENT
    233477,     134916,     128365,   64955199,      19394,      19187, TOUCHED
    233502,     135640,     134042,    3223602,       4193,        724, TOUCHED
    233527,     134321,     132929,    1986069,       4079,      -1319, TOUCHED
    233552,     126665,     132580,    5675558,       7588,      -7250, TOUCHED
    233577,      85026,      95911,   53959671,      41659,     -41639, UNTOUCHED
    233602,      83245,      83755,     708561,       2383,      -1781, NO_EVENT
    233627,      83679,      83044,     119138,       1119,        434, NO_EVENT
    233652,     125820,     101855,  150783754,      42275,      42141, TOUCHED
    233677,     129989,     127791,    2161173,       4169,       4169, TOUCHED
    233702,     128755,     129296,     181982,       1234,      -1234, TOUCHED
    233727,     126959,     127241,    5202138,       5238,      -1796, TOUCHED
    233752,      86444,     114682,   27985667,      40515,     -40515, UNTOUCHED
    233777,      82518,      84067,    1765296,       3926,      -3926, NO_EVENT
    233802,      82175,      82169,      44166,        702,       -343, NO_EVENT
    233827,      81441,      81649,      20655,        420,       -396, NO_EVENT
    233852,      81383,      81410,     226521,       1406,        -58, NO_EVENT
    233877,      81837,      81546,      59616,        690,        454, NO_EVENT
    233902,      81716,      81713,     101853,        903,        272, NO_EVENT
    233927,      82456,      82040,      51880,        740,        740, NO_EVENT
    233952,      83500,      82857,     135880,       1044,       1044, NO_EVENT
    233977,      85041,      84011,     420096,       2082,       1541, NO_EVENT
    234002,     132747,     105327,   77509465,      47706,      47706, TOUCHED
    234027,     135437,     134825,     633246,       2690,       2690, TOUCHED
    234052,      86351,     111376,  123511590,      43770,     -43770, UNTOUCHED
    234077,      85113,      85593,     207647,       1461,      -1238, NO_EVENT
    234102,      84817,      84635,      83520,        886,       -296, NO_EVENT
    234127,      85303,      84705,     102906,       1052,        486, NO_EVENT
    234152,      85775,      85231,      79062,        808,        472, NO_EVENT
    234177,      87911,      86514,     485242,       2172,       2136, NO_EVENT
    234202,     138297,     108101,  102138964,      50386,      50386, TOUCHED
    234227,     134938,     135283,    2170966,       4465,      -3359, TOUCHED
    234252,      88794,     105188,  167815249,      46144,     -46144, UNTOUCHED
    234277,      86043,      86845,     864352,       3216,      -2751, NO_EVENT
    234302,      85098,      84970,     292564,       1717,       -945, NO_EVENT
    234327,      84331,      84239,     184162,       1582,       -767, NO_EVENT
    234352,      83898,      83616,     101888,       1134,       -433, NO_EVENT
    234377,      83433,      83652,      80598,        861,        241, NO_EVENT
    234402,      84393,      83940,      94547,        960,        960, NO_EVENT
    234427,      85332,      84878,     164381,       1032,        939, NO_EVENT
    234452,      90016,      87406,    2984284,       4684,       4684, NO_EVENT
    234477,     137203,     134433,    8680848,       7105,       6822, TOUCHED
    234502,     132157,     135307,    2503342,       5046,      -5046, TOUCHED
    234527,      90928,     104803,   57138061,      41229,     -41229, TOUCHED
    234552,      85519,      87228,    1345886,       3513,      -3513, UNTOUCHED
    234577,      84614,      85302,     159974,       1268,       -905, NO_EVENT
    234602,      84302,      84441,     206165,       1278,       -312, NO_EVENT
    234627,      84543,      84013,     147612,       1225,        241, NO_EVENT
    234652,      84201,      83996,      82915,        977,       -342, NO_EVENT
    234677,      85473,      84483,     205435,       1356,       1272, NO_EVENT
    234702,     114097,      89033,   86097211,      29369,      29369, TOUCHED
    234727,     134629,     130684,   69876573,      22056,      20532, TOUCHED
    234752,      90179,     116062,  124816696,      44450,     -44450, UNTOUCHED
    234777,      85584,      86392,     930583,       2445,      -2445, NO_EVENT
    234802,      83057,      84097,     336322,       1602,      -1602, NO_EVENT
    234827,      82585,      82886,     186523,       1169,       -472, NO_EVENT
    234852,      82673,      82306,      53408,        690,         88, NO_EVENT
    234877,      83050,      82776,      62858,        639,        377, NO_EVENT
    234902,      85571,      84415,     786772,       2592,       2592, NO_EVENT
    234927,     133993,     118589,   75259527,      49780,      47463, TOUCHED
    234952,     132428,     135428,    4495416,       5669,      -1565, TOUCHED
    234977,      86973,      99665,   81100573,      45455,     -45455, UNTOUCHED
    235002,      85295,      85645,     279984,       1985,      -1678, NO_EVENT
    235027,      83796,      84223,     299316,       1732,      -1499, NO_EVENT
    235052,      83847,      83555,      89752,        800,         51, NO_EVENT
    235077,      83152,      83572,     136480,        984,       -212, NO_EVENT
    235102,      84647,      83767,     175509,       1495,       1495, NO_EVENT
    235127,      86188,      85075,     284690,       1877,       1541, NO_EVENT
    235152,      89555,      87422,    1907956,       3367,       3367, NO_EVENT
    235177,     133608,     133906,   19976874,      10622,       5941, TOUCHED
    235202,      90628,     107983,  143301502,      42980,     -42980, UNTOUCHED
    235227,      86257,      87795,    1295561,       4371,      -4371, NO_EVENT
    235252,      86163,      86101,     153432,       1142,        -94, NO_EVENT
    235277,      85355,      85249,     179660,       1564,       -808, NO_EVENT
    235302,      84679,      84960,     113065,        902,       -410, NO_EVENT
    235327,      85049,      85013,     110750,        903,        353, NO_EVENT
    235352,      85650,      85399,      35686,        601,        601, NO_EVENT
    235377,      89597,      86767,    1032636,       3947,       3947, NO_EVENT
    235402,     137732,     122022,    2785345,      48135,      48135, TOUCHED
    235427,      91014,     114301,    9310536,      46718,     -46718, TOUCHED
    235452,      86735,      87868,    1122790,       4279,      -4279, UNTOUCHED
    235477,      85867,      85947,     274125,       1469,       -868, NO_EVENT
    235502,      85699,      85405,      53200,        574,        378, NO_EVENT
    235527,      86474,      85903,     151750,       1082,       1082, NO_EVENT
    235552,      86991,      86725,     132727,       1044,        789, NO_EVENT
    235577,     132938,     104970,  126190177,      44823,      44823, TOUCHED
    235602,     138564,     135153,    1041735,       5626,       5626, TOUCHED
    235627,     114744,     132486,   67139347,      23820,     -23820, TOUCHED
    235652,      86992,      89981,   29535931,      27752,     -27752, UNTOUCHED
    235677,      85456,      85743,     223328,       1924,      -1536, NO_EVENT
    235702,      85182,      84873,     101979,       1041,       -274, NO_EVENT
    235727,      84741,      84604,      57187,        699,        286, NO_EVENT
    235752,      84436,      84649,     110341,        948,        285, NO_EVENT
    235777,      84953,      84748,      85533,        742,        517, NO_EVENT
    235802,      85791,      85088,     144099,       1290,        838, NO_EVENT
    235827,      86937,      86251,     237907,       1188,       1146, NO_EVENT
    235852,     126774,     127567,   24395736,      12422,       6635, TOUCHED
    235877,     114849,     123928,    7685007,      11925,     -11925, TOUCHED
    235902,      86279,      95024,  114385022,      28570,     -28570, UNTOUCHED
    235927,      83648,      85075,     489608,       2397,      -2397, NO_EVENT
    235952,      82776,      83525,     245302,       1588,       -872, NO_EVENT
    235977,      82359,      82356,      60880,        783,       -417, NO_EVENT
    236002,      82063,      82046,      23958,        610,       -296, NO_EVENT
    236027,      82455,      82005,      89216,        894,        894, NO_EVENT
    236052,      83844,      82663,     194030,       1746,       1389, NO_EVENT
    236077,     121132,      93016,   78254985,      38031,      37288, TOUCHED
    236102,     122400,     123147,    9323183,       7894,       1268, TOUCHED
    236127,     126745,     126337,    3840429,       6082,       4345, TOUCHED
    236152,      98881,     120202,  124050195,      31080,     -27864, TOUCHED
    236177,      81744,      83151,     489254,       2295,      -2295, UNTOUCHED
    236202,      82205,      81936,      99293,        774,        461, NO_EVENT
    236227,      82192,      81972,      38288,        534,        -13, NO_EVENT
    236252,      84556,      83108,    1007557,       2579,       2364, NO_EVENT
    236277,     135556,     114388,   43489931,      50559,      50559, TOUCHED
    236302,     136506,     136302,     123183,       1028,        950, TOUCHED
    236327,     104406,     131779,   76674549,      32100,     -32100, TOUCHED
    236352,      85760,      90508,   31636143,      18646,     -18646, UNTOUCHED
    236377,      84002,      84566,     598011,       2198,      -1758, NO_EVENT
    236402,      83485,      83140,     195978,       1441,       -517, NO_EVENT
    236427,      83195,      82981,     113425,        881,       -290, NO_EVENT
    236452,      83585,      83089,     173433,       1144,        839, NO_EVENT
    236477,      84553,      83933,     133347,       1041,        968, NO_EVENT
    236502,      86714,      85466,     399318,       2161,       2161, NO_EVENT
    236527,      89123,      88106,    1026971,       2430,       2409, NO_EVENT
    236552,      86432,      87811,     935029,       2691,      -2691, NO_EVENT
    236577,      84667,      85411,     358995,       1794,      -1765, NO_EVENT
    236602,      84171,      84247,     156870,        992,       -496, NO_EVENT
    236627,      84346,      83988,      33484,        555,        175, NO_EVENT
    236652,      85193,      84535,     129038,       1117,        847, NO_EVENT
    236677,     134257,      92339,  114497681,      48960,      48960, TOUCHED
    236702,     110005,     129681,   98470870,      26418,     -24252, TOUCHED
    236727,      86165,      87465,    2045974,       3408,      -3408, UNTOUCHED
    236752,      84597,      84981,     241728,       1135,       -943, NO_EVENT
    236777,      83518,      84059,     205156,       1112,       -794, NO_EVENT
    236802,      84260,      83934,     105576,        799,        742, NO_EVENT
    236827,      85490,      84266,     314682,       2004,       1230, NO_EVENT
    236852,     129111,      87751,   71625360,      44101,      43621, TOUCHED
    236877,     133971,     134838,   14159714,       9262,       4860, TOUCHED
    236902,     129910,     134021,    9045923,       8063,      -4061, TOUCHED
    236927,      86642,      93568,  109347778,      43268,     -43268, UNTOUCHED
    236952,      84774,      84976,     349859,       2462,      -1868, NO_EVENT
    236977,      84151,      83933,     133138,       1090,        283, NO_EVENT
    237002,      84089,      83429,     142565,       1298,        688, NO_EVENT
    237027,      84622,      83845,     149689,       1409,        533, NO_EVENT
    237052,      85693,      85061,     301627,       1203,       1071, NO_EVENT
    237077,     132738,     129317,   14621339,       9496,       9496, TOUCHED
    237102,     103440,     126046,   36166422,      29298,     -29298, TOUCHED
    237127,      85567,      90546,   34818787,      17873,     -17873, UNTOUCHED
    237152,      83855,      84815,     470060,       1757,      -1712, NO_EVENT
    237177,      82779,      83082,     235074,       1569,      -1076, NO_EVENT
    237202,      82234,      82293,      46004,        780,       -545, NO_EVENT
    237227,      81907,      82094,      56044,        646,       -327, NO_EVENT
    237252,      82274,      82161,      17405,        383,        383, NO_EVENT
    237277,      84054,      83006,     602802,       1852,       1780, NO_EVENT
    237302,     132221,      96538,   59142247,      48167,      48167, TOUCHED
    237327,      92929,     125226,    3553851,      41369,     -39292, TOUCHED
    237352,      84862,      86219,    4967429,       8695,      -8067, UNTOUCHED
    237377,      83135,      83709,     436045,       1975,      -1727, NO_EVENT
    237402,      82405,      82738,     165534,       1202,       -838, NO_EVENT
    237427,      82813,      82364,      82527,        770,        408, NO_EVENT
    237452,      83762,      83036,     130402,       1177,        949, NO_EVENT
    237477,      85046,      84310,     223299,       1341,       1284, NO_EVENT
    237502,     118883,      96686,   60361834,      33494,      33494, TOUCHED
    237527,      94205,     122058,   61036642,      39757,     -38995, TOUCHED
    237552,      85606,      87471,    2171204,       4068,      -4068, UNTOUCHED
    237577,      84267,      84815,     223176,       1265,       -842, NO_EVENT
    237602,      83212,      83647,     215219,       1261,      -1055, NO_EVENT
    237627,      82546,      82603,      58131,        828,       -666, NO_EVENT
    237652,      82196,      82145,      28128,        706,       -350, NO_EVENT
    237677,      83056,      82234,      80780,       1203,        903, NO_EVENT
    237702,      84364,      83496,     243003,       1526,       1308, NO_EVENT
    237727,     135483,     101519,   29574087,      51119,      51119, TOUCHED
    237752,     134623,     137023,    7444780,       6355,       -860, TOUCHED
    237777,     127960,     133671,   13208786,       8929,      -6663, TOUCHED
    237802,      82737,      94464,   32045633,      37171,     -37171, UNTOUCHED
    237827,      81321,      81773,     206647,       1140,       -933, NO_EVENT
    237852,      80408,      80693,     165864,       1279,       -913, NO_EVENT
    237877,      80044,      79857,     126702,        939,       -364, NO_EVENT
    237902,      81032,      80497,     262212,       1336,        988, NO_EVENT
    237927,     117617,      85133,   92495743,      36585,      36585, TOUCHED
    237952,     139615,     134154,   93346575,      25016,      21998, TOUCHED
    237977,     139055,     138811,    1203847,       2549,       -560, TOUCHED
    238002,      86926,     100046,  155772244,      52129,     -52129, UNTOUCHED
    238027,      84003,      84992,    1044467,       3117,      -2923, NO_EVENT
    238052,      82332,      82837,     255078,       1694,      -1671, NO_EVENT
    238077,      82027,      81891,      34935,        562,        435, NO_EVENT
    238102,      83221,      82297,     129522,       1234,       1194, NO_EVENT
    238127,      98148,      88461,   37391003,      14927,      14927, TOUCHED
    238152,     126225,     129746,   26696744,      12193,     -10911, TOUCHED
    238177,     111120,     121802,   18843447,      15105,     -15105, TOUCHED
    238202,      86087,      97946,  116415020,      25033,     -25033, UNTOUCHED
    238227,      82753,      84170,     907967,       2650,      -2589, NO_EVENT
    238252,      82132,      82283,     138452,       1005,       -621, NO_EVENT
    238277,      82399,      82137,      62298,        679,        267, NO_EVENT
    238302,      83216,      82601,     163960,       1106,        817, NO_EVENT
    238327,      85111,      84285,     383840,       1721,       1721, NO_EVENT
    238352,     137156,     121286,   33222856,      50510,      50012, TOUCHED
    238377,      86995,     128095,    7847368,      50161,     -50161, UNTOUCHED
    238402,      84258,      85633,     824798,       2737,      -2737, NO_EVENT
    238427,      83301,      83658,     130962,        957,       -957, NO_EVENT
    238452,      82634,      82755,      63232,        854,       -667, NO_EVENT
    238477,      83052,      82808,     110627,        924,        418, NO_EVENT
    238502,      83928,      83518,     140084,       1114,        890, NO_EVENT
    238527,      93444,      84993,    3161374,       9516,       9516, TOUCHED
    238552,     130466,     118208,   29141697,      37022,      37022, TOUCHED
    238577,      94287,     120209,  129164416,      36179,     -36179, TOUCHED
    238602,      84669,      86668,    5957471,       9618,      -9618, UNTOUCHED
    238627,      83203,      83681,     192843,       1466,      -1466, NO_EVENT
    238652,      82033,      82261,      78825,        775,       -158, NO_EVENT
    238677,      82060,      82009,       3437,        167,         27, NO_EVENT
    238702,      82450,      82041,      83828,        893,        390, NO_EVENT
    238727,      83162,      82673,      77868,        789,        712, NO_EVENT
    238752,      84773,      83954,     243791,       1761,       1761, NO_EVENT
    238777,     128761,     109047,  143978808,      43988,      43988, TOUCHED
    238802,     105561,     126699,   66089834,      27494,     -23200, TOUCHED
    238827,      85771,      88952,   26035527,      19790,     -19790, UNTOUCHED
    238852,      84580,      84644,     291729,       1715,      -1191, NO_EVENT
    238877,      84566,      84393,      85630,        897,        -14, NO_EVENT
    238902,      85549,      85527,     143112,       1195,        609, NO_EVENT
    238927,     110499,     100280,  137129165,      28275,      23751, TOUCHED
    238952,     127331,     123060,   56304887,      19814,      16832, TOUCHED
    238977,     117369,     125017,    7598718,      10348,      -9962, TOUCHED
    239002,      86496,     100174,  140880750,      30873,     -30873, UNTOUCHED
    239027,      83231,      84627,     315172,       1951,      -1936, NO_EVENT
    239052,      82476,      82643,     225772,       1283,       -755, NO_EVENT
    239077,      82068,      82180,      25887,        477,       -408, NO_EVENT
    239102,      81993,      81912,      23505,        410,        -75, NO_EVENT
    239127,      82320,      82061,     101321,        979,        492, NO_EVENT
    239152,      83882,      82692,     314644,       1737,       1562, NO_EVENT
    239177,      86640,      84679,     812185,       3021,       2758, NO_EVENT
    239202,     128310,     114668,  171717801,      44662,      41670, TOUCHED
    239227,      89191,     109206,  161461122,      43246,     -43246, UNTOUCHED
    239252,      86491,      87307,    1079620,       3103,      -2700, NO_EVENT
    239277,      85097,      85305,     269532,       1766,      -1394, NO_EVENT
    239302,      84322,      84373,     108620,       1070,       -775, NO_EVENT
    239327,      84347,      84085,      62285,        558,         25, NO_EVENT
    239352,      86395,      84674,     279575,       2355,       2355, NO_EVENT
    239377,     135935,     105930,   57647369,      49540,      49540, TOUCHED
    239402,     134573,     134335,    4212276,       4775,       3161, TOUCHED
    239427,      91060,     110941,   83066965,      43513,     -43513, TOUCHED
    239452,      84422,      86620,    3359151,       6638,      -6638, UNTOUCHED
    239477,      81988,      83161,     518276,       2434,      -2434, NO_EVENT
    239502,      82012,      81872,     107400,       1087,        135, NO_EVENT
    239527,      82209,      81891,      38428,        613,        197, NO_EVENT
    239552,      84527,      82787,     758783,       2497,       2318, NO_EVENT
    239577,     135461,     109814,   15731965,      51123,      50934, TOUCHED
    239602,     134875,     136053,    1392545,       3030,       -586, TOUCHED
    239627,      86215,     104196,  165355666,      48660,     -48660, UNTOUCHED
    239652,      82574,      83845,    1146990,       3641,      -3641, NO_EVENT
    239677,      81651,      81766,      84352,       1126,       -923, NO_EVENT
    239702,      82043,      81534,      83473,        763,        763, NO_EVENT
    239727,      82419,      81826,      89452,        912,        376, NO_EVENT
    239752,      84901,      83174,     899809,       2870,       2482, NO_EVENT
    239777,     136746,     103162,   52041173,      51845,      51845, TOUCHED
    239802,      90860,     125681,  155048623,      48340,     -45886, TOUCHED
    239827,      85238,      86821,    2452413,       5622,      -5622, UNTOUCHED
    239852,      83394,      84158,     421773,       1844,      -1844, NO_EVENT
    239877,      82227,      82939,     146718,       1167,      -1167, NO_EVENT
    239902,      84038,      82910,     131625,       1463,       1401, NO_EVENT
    239927,      85513,      84289,     330354,       1931,       1475, NO_EVENT
    239952,     136296,     109964,   33916158,      50783,      50783, TOUCHED
    239977,     134718,     136603,     965445,       3197,      -1578, TOUCHED
    240002,     129576,     132899,    3231118,       5142,      -5142, TOUCHED
    240027,      86724,     100599,  141957129,      42852,     -42852, UNTOUCHED
    240052,      84734,      85097,     691802,       2741,      -1990, NO_EVENT
    240077,      82831,      83393,     420609,       2301,      -1903, NO_EVENT
    240102,      82855,      82912,     162168,       1158,         24, NO_EVENT
    240127,     102252,      88007,   50940976,      18532,      18532, TOUCHED
    240152,     132742,     127427,   91190190,      30490,      30490, TOUCHED
    240177,     133150,     134148,    1699432,       3017,        706, TOUCHED
    240202,     134167,     133744,     228789,       1071,       1017, TOUCHED
    240227,      85074,      96673,  113702704,      49093,     -49093, UNTOUCHED
    240252,      82197,      82975,     616988,       2877,      -2877, NO_EVENT
    240277,      81807,      81823,      71713,        733,        -53, NO_EVENT
    240302,      82178,      81647,      51659,        748,        371, NO_EVENT
    240327,      84604,      82911,     701668,       2591,       2426, NO_EVENT
    240352,     133603,     105913,  106662400,      49137,      48999, TOUCHED
    240377,     129829,     133427,    4279065,       5047,      -3774, TOUCHED
    240402,     112424,     123136,   58126004,      20622,     -17405, TOUCHED
    240427,      89542,     100802,   87657716,      22882,     -22882, UNTOUCHED
    240452,      88718,      88949,      95494,        879,       -824, NO_EVENT
    240477,      88086,      88323,      57502,        563,       -177, NO_EVENT
    240502,     124850,     106975,  103551064,      35975,      35975, TOUCHED
    240527,     135407,     131386,   10905614,      10557,      10557, TOUCHED
    240552,     133770,     134540,    1442692,       2743,      -1637, TOUCHED
    240577,     122304,     130777,   23374709,      12062,     -11466, TOUCHED
    240602,      86943,      98899,  148455916,      30875,     -30875, UNTOUCHED
    240627,      84481,      85159,     407472,       2462,      -2462, NO_EVENT
    240652,      82893,      83690,     271603,       1588,      -1588, NO_EVENT
    240677,      82381,      82528,      91153,        821,       -370, NO_EVENT
    240702,      82639,      82263,      49610,        731,        258, NO_EVENT
    240727,      83724,      82855,     242225,       1474,       1085, NO_EVENT
    240752,     114961,      94108,   32962310,      31237,      31237, TOUCHED
    240777,     139367,     137937,     433090,       2256,       2256, TOUCHED
    240802,      85295,     103877,  158399985,      54072,     -54072, UNTOUCHED
    240827,      83457,      83981,     436665,       1946,       -938, NO_EVENT
    240852,      83210,      83136,      81346,        810,       -247, NO_EVENT
    240877,      84228,      83424,     160513,       1322,       1018, NO_EVENT
    240902,      85703,      84667,     284185,       1537,       1475, NO_EVENT
    240927,     137383,     103386,   36712552,      51680,      51680, TOUCHED
    240952,     136664,     137431,    3601587,       4612,       -719, TOUCHED
    240977,     120545,     133811,   17341564,      16119,     -16119, TOUCHED
    241002,      87818,      95775,  122949047,      32727,     -32727, UNTOUCHED
    241027,      86170,      86602,     347292,       1861,      -1648, NO_EVENT
    241052,      86134,      86036,      25546,        453,        -36, NO_EVENT
    241077,      86864,      86100,      72514,       1119,        730, NO_EVENT
    241102,      90313,      87416,    1293558,       4317,       3449, NO_EVENT
    241127,     137214,     115743,  137626633,      46901,      46901, TOUCHED
    241152,     133716,     135871,    2884158,       4214,      -3498, TOUCHED
    241177,     100184,     122814,    1923459,      33940,     -32687, TOUCHED
    241202,      87462,      89592,    2955186,       4512,      -4512, UNTOUCHED
    241227,      85595,      86552,     347109,       1867,      -1867, NO_EVENT
    241252,      85481,      85905,     248650,       1342,       -709, NO_EVENT
    241277,      86411,      86087,     131401,        918,        886, NO_EVENT
    241302,      86683,      86476,     242591,       1276,        853, NO_EVENT
    241327,     137652,     109093,   59920854,      49676,      49676, TOUCHED
    241352,      93757,     127096,   32507234,      43895,     -43895, TOUCHED
    241377,      86304,      88345,    4130062,       7453,      -7453, UNTOUCHED
    241402,      85278,      85652,     199610,       1087,      -1026, NO_EVENT
    241427,      84763,      84704,      47625,        789,       -515, NO_EVENT
    241452,      84430,      84503,      42136,        544,       -333, NO_EVENT
    241477,      85105,      85039,      68676,        736,        534, NO_EVENT
    241502,     135605,      94857,  159958631,      49610,      49610, TOUCHED
    241527,     136253,     136675,    2418496,       3513,        648, TOUCHED
    241552,      91174,     124129,  156592576,      45079,     -45079, TOUCHED
    241577,      85083,      86974,    3434931,       6091,      -6091, UNTOUCHED
    241602,      83607,      84170,     206493,       1476,      -1476, NO_EVENT
    241627,      83067,      83111,     100752,        915,       -540, NO_EVENT
    241652,      82885,      82790,      49266,        684,        136, NO_EVENT
    241677,      84587,      83929,      83442,       1100,        673, NO_EVENT
    241702,     133604,      95184,   71543535,      49152,      49017, TOUCHED
    241727,     127446,     130772,    6409450,       6158,      -6158, TOUCHED
    241752,     115232,     125820,   22110079,      16013,     -12214, TOUCHED
    241777,      85964,      92471,   92473387,      29296,     -29268, UNTOUCHED
    241802,      84072,      84599,     388459,       2124,      -1892, NO_EVENT
    241827,      82778,      83469,     174417,       1294,      -1294, NO_EVENT
    241852,      83494,      83282,      92628,        800,        579, NO_EVENT
    241877,      84789,      84002,      51266,       1032,        781, NO_EVENT
    241902,      88818,      86120,    2670718,       4188,       4029, NO_EVENT
    241927,     130371,     127302,   20598877,       9969,       9680, TOUCHED
    241952,     125827,     126946,    4582893,       5872,      -4544, TOUCHED
    241977,      87098,     100676,  160009365,      30730,     -30730, UNTOUCHED
    242002,      84761,      85133,     663507,       2730,      -2337, NO_EVENT
    242027,      83304,      83636,     272070,       1975,      -1457, NO_EVENT
    242052,      83141,      82946,     137621,       1143,        303, NO_EVENT
    242077,      83526,      83002,      77088,        896,        385, NO_EVENT
    242102,      84895,      84026,     162299,       1369,       1369, NO_EVENT
    242127,     132595,     106666,  144241401,      48920,      47700, TOUCHED
    242152,     127918,     132122,    6579586,       7186,      -4677, TOUCHED
    242177,      84870,      91797,  104586887,      43048,     -43048, UNTOUCHED
    242202,      83305,      84270,     379824,       1681,      -1560, NO_EVENT
    242227,      82398,      82691,      57326,        689,       -584, NO_EVENT
    242252,      81949,      81978,      29303,        571,       -449, NO_EVENT
    242277,      81806,      81857,      64207,        759,       -143, NO_EVENT
    242302,      82290,      81926,      89895,        913,        347, NO_EVENT
    242327,      84667,      82965,     607003,       2565,       2377, NO_EVENT
    242352,     133435,     118047,  148119919,      48768,      48768, TOUCHED
    242377,     129758,     130566,     972262,       3793,      -3677, TOUCHED
    242402,      86183,     108785,  116975639,      43575,     -43575, UNTOUCHED
    242427,      82063,      84101,    1319643,       4120,      -4120, NO_EVENT
    242452,      81759,      81788,     144068,       1026,        -24, NO_EVENT
    242477,      80388,      81068,     400420,       1813,      -1371, NO_EVENT
    242502,      79731,      80346,     138765,       1034,       -657, NO_EVENT
    242527,      80326,      80086,     213387,       1389,        191, NO_EVENT
    242552,      81218,      80546,      95276,        900,        892, NO_EVENT
    242577,      82680,      82025,     212997,       1462,       1462, NO_EVENT
    242602,     136376,     110359,  120248441,      52113,      51754, TOUCHED
    242627,     112698,     131527,   37236832,      23678,     -23678, TOUCHED
    242652,      84704,      90719,   92877651,      27994,     -27994, UNTOUCHED
    242677,      83081,      84040,     276860,       1623,      -1623, NO_EVENT
    242702,      81943,      82157,     177573,       1399,      -1138, NO_EVENT
    242727,      81215,      81520,      51181,        728,       -728, NO_EVENT
    242752,      82049,      81621,      40303,        730,        379, NO_EVENT
    242777,      82931,      82028,     115562,       1108,        882, NO_EVENT
    242802,      83387,      83115,     425283,       1981,        456, NO_EVENT
    242827,      85629,      84930,     527560,       2440,       2242, NO_EVENT
    242852,     136729,     116072,   43663661,      49855,      49855, TOUCHED
    242877,      94276,     127341,  153807499,      42453,     -42453, TOUCHED
    242902,      85597,      88723,    8163154,       8679,      -8679, UNTOUCHED
    242927,      83193,      84450,     630081,       2404,      -2404, NO_EVENT
    242952,      82003,      82377,     141383,       1190,      -1190, NO_EVENT
    242977,      81072,      81571,     134832,        931,       -931, NO_EVENT
    243002,      81968,      81651,      58261,        724,        151, NO_EVENT
    243027,      83005,      82153,     129479,       1196,       1037, NO_EVENT
    243052,     136830,      96220,   74503043,      53825,      53825, TOUCHED
    243077,     137109,     135414,    1996718,       3385,        279, TOUCHED
    243102,      84769,     101044,   24606564,      48107,     -48107, UNTOUCHED
    243127,      80992,      82353,     950301,       3777,      -3777, NO_EVENT
    243152,      79734,      80370,     289681,       1586,      -1499, NO_EVENT
    243177,      79169,      79425,     162604,       1153,       -565, NO_EVENT
    243202,      79409,      79145,      90937,        695,        -28, NO_EVENT
    243227,      80115,      79786,     123129,        959,        706, NO_EVENT
    243252,      82269,      81152,     135557,       1424,       1424, NO_EVENT
    243277,      86694,      83661,    1910616,       4667,       4425, NO_EVENT
    243302,     135519,     119220,   22894713,      50601,      48825, TOUCHED
    243327,     135695,     136752,    2002017,       3471,        176, TOUCHED
    243352,      88615,     113614,   32256919,      48266,     -47080, UNTOUCHED
    243377,      84726,      86371,    1458835,       3889,      -3889, NO_EVENT
    243402,      82679,      83630,     490289,       2047,      -2047, NO_EVENT
    243427,      81924,      82220,     112651,       1057,       -755, NO_EVENT
    243452,      82016,      81710,      20406,        483,         92, NO_EVENT
    243477,      82097,      81915,      24807,        453,         81, NO_EVENT
    243502,      83224,      82429,     258331,       1260,       1127, NO_EVENT
    243527,     114666,      92968,   11625155,      31442,      31442, TOUCHED
    243552,     135001,     134223,     116745,       1142,        928, TOUCHED
    243577,     129781,     133051,    3801929,       5220,      -5220, TOUCHED
    243602,     130425,     128940,    5533644,       5445,        644, TOUCHED
    243627,      87735,     112532,   92754324,      40093,     -40093, UNTOUCHED
    243652,      84571,      85767,    1076844,       3388,      -3164, NO_EVENT
    243677,      83116,      83940,     164658,       1455,      -1455, NO_EVENT
    243702,      82527,      83085,     213285,       1259,       -589, NO_EVENT
    243727,      83828,      83411,      95231,        859,         76, NO_EVENT
    243752,      84556,      84050,      98546,        831,        728, NO_EVENT
    243777,      86173,      85005,     201397,       1721,       1617, NO_EVENT
    243802,     117322,      93133,  146900544,      31385,      31149, TOUCHED
    243827,     134684,     134712,   28752043,      21107,      17362, TOUCHED
    243852,     136720,     136150,    1119096,       2580,        884, TOUCHED
    243877,      90948,     122061,   94053582,      45772,     -45772, TOUCHED
    243902,      86378,      87953,    2430489,       5066,      -4570, UNTOUCHED
    243927,      85018,      85766,     225014,       1360,      -1360, NO_EVENT
    243952,      85189,      84845,      23208,        542,        171, NO_EVENT
    243977,      85844,      85056,     165604,       1290,        655, NO_EVENT
    244002,      86816,      85828,     300398,       1834,        972, NO_EVENT
    244027,     130041,     118105,  128221110,      46387,      43225, TOUCHED
    244052,     130459,     132413,    1468422,       3508,      -3508, TOUCHED
    244077,     109945,     121657,   50996671,      20514,     -20514, TOUCHED
    244102,      92034,      98346,   38975619,      17911,     -17911, TOUCHED
    244127,      87157,      89035,    1998077,       4877,      -4877, UNTOUCHED
    244152,      85565,      86369,     186740,       1592,      -1592, NO_EVENT
    244177,      85282,      85817,      80717,        904,       -283, NO_EVENT
    244202,     127181,      89507,  124158028,      41899,      41899, TOUCHED
    244227,     131015,     130549,    3804708,       5501,       3834, TOUCHED
    244252,     125578,     130711,    5826855,       8583,      -5437, TOUCHED
    244277,     116651,     124420,   15936168,      11111,      -8927, TOUCHED
    244302,      85749,      92044,   49964020,      30902,     -30902, UNTOUCHED
    244327,      84085,      84990,     320582,       1664,      -1664, NO_EVENT
    244352,      83823,      84329,      77337,        790,       -575, NO_EVENT
    244377,      84127,      84272,      60237,        656,       -494, NO_EVENT
    244402,      85207,      84553,      77554,       1080,       1080, NO_EVENT
    244427,     123195,     106830,  158086276,      37988,      37988, TOUCHED
    244452,     124715,     128115,    6425480,       6562,      -1117, TOUCHED
    244477,      92290,     108338,  103795559,      32425,     -32425, TOUCHED
    244502,      85485,      87529,    1943731,       4104,      -4104, UNTOUCHED
    244527,      84176,      84962,     310739,       1548,      -1548, NO_EVENT
    244552,      84247,      84348,     156792,       1028,       -586, NO_EVENT
    244577,      84328,      83934,     183962,       1138,         81, NO_EVENT
    244602,      84795,      84290,     197737,       1346,        467, NO_EVENT
    244627,      85586,      85033,     113353,        931,        791, NO_EVENT
    244652,     130238,     106867,   18443472,      44652,      44652, TOUCHED
    244677,     129775,     130395,    2582765,       4039,       -463, TOUCHED
    244702,     127531,     131018,    2670092,       5148,      -2244, TOUCHED
    244727,      89571,     121855,   95463330,      39449,     -37960, UNTOUCHED
    244752,      85820,      86861,    1585775,       3751,      -3751, NO_EVENT
    244777,      84548,      84994,     162602,       1272,      -1272, NO_EVENT
    244802,      84604,      84292,      94040,        730,         56, NO_EVENT
    244827,      85285,      84764,     121944,       1068,        681, NO_EVENT
    244852,      96863,      87376,    8973521,      11578,      11578, TOUCHED
    244877,     121020,     118342,  117869325,      28282,      24157, TOUCHED
    244902,     121701,     123451,    6981061,       6634,        681, TOUCHED
    244927,     125376,     124539,    7811289,       6663,       3675, TOUCHED
    244952,     130067,     129784,     954272,       2513,      -1031, TOUCHED
    244977,      83231,     104859,   38413889,      47404,     -46836, UNTOUCHED
    245002,      83135,      82821,      47260,        600,        -96, NO_EVENT
    245027,      83658,      82903,     237210,       1432,        523, NO_EVENT
    245052,      83672,      83574,      69295,        812,         14, NO_EVENT
    245077,      84477,      84142,      61088,        805,        805, NO_EVENT
    245102,      85181,      84911,     140126,        984,        407, NO_EVENT
    245127,      86230,      85681,      95557,       1024,        553, NO_EVENT
    245152,      87724,      86516,     106990,       1494,       1494, NO_EVENT
    245177,     120356,      93624,  104141944,      32632,      32632, TOUCHED
    245202,     132858,     132312,   31145778,      16986,      12502, TOUCHED
    245227,     133758,     134518,     689386,       2590,        900, TOUCHED
    245252,      94158,     115413,   92441789,      40487,     -40487, TOUCHED
    245277,      87193,      90225,    4379547,       6965,      -6965, UNTOUCHED
    245302,      86718,      86733,     119213,       1081,       -475, NO_EVENT
    245327,      86031,      86155,      79355,        870,       -687, NO_EVENT
    245352,      85789,      85712,      48879,        579,       -242, NO_EVENT
    245377,      86394,      85968,     122341,       1010,        605, NO_EVENT
    245402,      87307,      86521,     250359,       1464,        913, NO_EVENT
    245427,      92342,      88836,    2231080,       5420,       5035, TOUCHED
    245452,     128107,     111058,   74967603,      35765,      35765, TOUCHED
    245477,     122264,     124825,    5175347,       5133,      -3996, TOUCHED
    245502,     119050,     123415,    6239260,       7199,      -3214, TOUCHED
    245527,     111596,     117324,   10429233,       7902,      -7454, TOUCHED
    245552,      90943,      97537,   43861305,      17836,     -17836, TOUCHED
    245577,      86968,      88751,    1114089,       3975,      -3975, UNTOUCHED
    245602,      85883,      86578,     248670,       1530,      -1085, NO_EVENT
    245627,      85761,      86066,     144476,       1122,       -122, NO_EVENT
    245652,      86624,      86319,      45243,        863,        863, NO_EVENT
    245677,      87306,      86911,     138079,        945,        682, NO_EVENT
    245702,     130732,     103100,   68035842,      43426,      43426, TOUCHED
    245727,     128104,     129584,    8158660,       6972,      -2628, TOUCHED
    245752,     126131,     129133,    5370875,       6408,      -6408, TOUCHED
    245777,     119965,     123753,    7955266,       6988,      -6166, TOUCHED
    245802,     118044,     124248,   10399415,       9862,      -9862, TOUCHED
    245827,      91913,      98910,   52478059,      26131,     -26131, TOUCHED
    245852,      88659,      89879,    1276042,       3429,      -3254, UNTOUCHED
    245877,      89271,      88448,      59625,       1144,        612, NO_EVENT
    245902,     119031,      94100,   86741720,      29760,      29760, TOUCHED
    245927,     123978,     127986,   26608715,      13775,       4947, TOUCHED
    245952,     129243,     129692,    2256639,       7427,       5265, TOUCHED
    245977,     124529,     129270,    6056323,       6587,      -4714, TOUCHED
    246002,     127612,     128173,    4039418,       5858,       3083, TOUCHED
    246027,     130416,     130136,    2067941,       3510,       2804, TOUCHED
    246052,     131233,     130811,    1725371,       3428,        817, TOUCHED
    246077,     128688,     130727,    1826931,       3925,      -1084, TOUCHED
    246102,     131356,     130626,    1655896,       3352,       2668, TOUCHED
    246127,     130481,     130634,     255131,       1362,       -875, TOUCHED
    246152,     132281,     131599,     303058,       1409,        668, TOUCHED
    246177,     130902,     131973,    1198246,       2680,      -1379, TOUCHED
    246202,     129680,     130246,     856371,       2339,      -1222, TOUCHED
    246227,     129381,     130513,     775840,       2323,       -299, TOUCHED
    246252,     128344,     128375,    3597313,       4810,      -1037, TOUCHED
    246277,     125312,     124392,    3224471,       4519,       3703, TOUCHED
    246302,     123637,     126487,    9824944,       7252,      -1675, TOUCHED
    246327,     125095,     125999,    3546936,       4914,       1458, TOUCHED
    246352,     119674,     124278,    9774232,       8041,      -5421, TOUCHED
    246377,     117099,     120517,    6127507,       6985,      -2575, TOUCHED
    246402,      85876,     107149,  113537219,      32053,     -31223, UNTOUCHED
    246427,      84394,      84695,     524700,       2214,      -1482, NO_EVENT
    246452,      82983,      83836,     154880,       1411,      -1411, NO_EVENT
    246477,      82784,      83347,     101691,        989,       -199, NO_EVENT
    246502,      82566,      83332,     176279,       1125,       -218, NO_EVENT
    246527,      84585,      83531,     123814,       1598,       1263, NO_EVENT
    246552,      86161,      84756,     325115,       2095,       1576, NO_EVENT
    246577,     143376,     121386,  123583060,      57215,      57215, TOUCHED
    246602,     103568,     135393,   81396410,      39808,     -39808, TOUCHED
    246627,      86512,      91667,   38609760,      17056,     -17056, UNTOUCHED
    246652,      84924,      85800,     494045,       2127,      -2064, NO_EVENT
    246677,      84567,      84430,      88927,        984,       -357, NO_EVENT
    246702,      84667,      84374,      78383,        756,        100, NO_EVENT
    246727,      85047,      84710,     106171,        957,        380, NO_EVENT
    246752,      86873,      85912,     492906,       1877,       1826, NO_EVENT
    246777,     137832,     117681,   11953436,      50959,      50959, TOUCHED
    246802,      89639,     109481,  137501025,      41422,     -41422, UNTOUCHED
    246827,      86190,      87722,    1305848,       3449,      -3449, NO_EVENT
    246852,      85483,      85976,     139608,       1050,       -707, NO_EVENT
    246877,      86225,      85871,     115689,        805,        742, NO_EVENT
    246902,     122077,      89088,   47972759,      35969,      35852, TOUCHED
    246927,     136652,     133339,   51078893,      17593,      14575, TOUCHED
    246952,     129355,     133748,   10665032,       7583,      -7297, TOUCHED
    246977,      92379,     102577,  104874683,      36976,     -36976, TOUCHED
    247002,      87826,      89691,    2383264,       4553,      -4553, UNTOUCHED
    247027,      86365,      86532,     567532,       2242,      -1461, NO_EVENT
    247052,      85531,      85689,     223517,       1237,       -834, NO_EVENT
    247077,      85478,      85222,      75573,        619,        -53, NO_EVENT
    247102,      86162,      85967,     115839,       1064,        684, NO_EVENT
    247127,     136530,     113961,  151737088,      50368,      50368, TOUCHED
    247152,     135874,     139764,    1240452,       4617,      -4616, TOUCHED
    247177,      89089,     117495,    8645101,      46785,     -46785, UNTOUCHED
    247202,      85246,      86499,    1237250,       3843,      -3843, NO_EVENT
    247227,      84453,      84556,     145066,       1225,       -793, NO_EVENT
    247252,      82076,      83049,     579112,       2377,      -2377, NO_EVENT
    247277,      81992,      81916,     116894,        997,       -325, NO_EVENT
    247302,      81171,      81450,      72517,        821,       -821, NO_EVENT
    247327,      80574,      80988,      92693,        773,       -597, NO_EVENT
    247352,      80551,      80714,      87188,        805,       -590, NO_EVENT
    247377,      81172,      80606,      88790,        991,        621, NO_EVENT
    247402,      81213,      81234,     149361,       1077,         41, NO_EVENT
    247427,      82318,      81864,      91482,        899,        618, NO_EVENT
    247452,      83870,      82954,     354758,       1552,       1552, NO_EVENT
    247477,     139356,     112916,   44816311,      55486,      55486, TOUCHED
    247502,     144671,     142903,    1786159,       3242,       3242, TOUCHED
    247527,     131646,     137710,   11789040,       9736,      -7901, TOUCHED
    247552,      85830,     110633,    4855797,      45816,     -45816, UNTOUCHED
    247577,      83940,      85016,     481952,       2152,      -1890, NO_EVENT
    247602,      83302,      83692,      85502,        873,       -873, NO_EVENT
    247627,      83080,      82921,     216378,       1118,       -520, NO_EVENT
    247652,      87325,      83950,    1251158,       4245,       4245, NO_EVENT
    247677,     131705,     119277,  105811030,      44380,      44380, TOUCHED
    247702,     114456,     124386,   26121217,      17249,     -17249, TOUCHED
    247727,      84233,      91036,   93774189,      30223,     -30223, UNTOUCHED
    247752,      81773,      82923,     450071,       2460,      -2460, NO_EVENT
    247777,      82003,      81902,      75998,        870,        230, NO_EVENT
    247802,      81412,      81595,      74598,        853,       -591, NO_EVENT
    247827,      81640,      81682,      48888,        581,        228, NO_EVENT
    247852,      82110,      81916,      45107,        581,        470, NO_EVENT
    247877,      86239,      84133,    1794929,       3551,       3551, NO_EVENT
    247902,     142336,     136634,   49765818,      56097,      56097, TOUCHED
    247927,     134947,     140869,    3142238,       7760,      -7389, TOUCHED
    247952,      84176,     100455,   95958295,      50771,     -50771, UNTOUCHED
    247977,      82256,      83129,     302568,       1697,      -1697, NO_EVENT
    248002,      81980,      82161,      99453,        911,       -276, NO_EVENT
    248027,      82020,      82058,      26754,        453,         40, NO_EVENT
    248052,      82415,      82450,     106256,        941,        395, NO_EVENT
    248077,      84663,      83763,      89165,       1258,       1215, NO_EVENT
    248102,      88175,      85530,     661263,       3523,       3512, NO_EVENT
    248127,     138749,     123851,   69319968,      50574,      50574, TOUCHED
    248152,      90093,     109044,   51766151,      48656,     -48656, UNTOUCHED
    248177,      86152,      87501,    1092101,       2900,      -2900, NO_EVENT
    248202,      85697,      86051,     257592,       1476,      -1268, NO_EVENT
    248227,      85714,      85296,     102922,        862,        205, NO_EVENT
    248252,      85540,      85264,     110061,        986,       -174, NO_EVENT
    248277,      85386,      85302,      49348,        578,       -154, NO_EVENT
    248302,      86045,      85375,     157168,       1137,        659, NO_EVENT
    248327,      87009,      86427,     162079,       1231,        964, NO_EVENT
    248352,      94757,      90270,    5194395,       7748,       7748, TOUCHED
    248377,      89375,      92335,    3688020,       5382,      -5382, UNTOUCHED
    248402,      85990,      86824,     819803,       2509,      -2423, NO_EVENT
    248427,      85285,      85414,     322157,       1619,       -711, NO_EVENT
    248452,      85041,      84521,     143317,       1107,       -244, NO_EVENT
    248477,      85759,      85019,     261093,       1555,        718, NO_EVENT
    248502,     109321,      92156,   93617579,      23601,      23562, TOUCHED
    248527,     144655,     140647,   89263594,      35748,      35334, TOUCHED
    248552,      96445,     127942,   37500721,      50195,     -48210, TOUCHED
    248577,      86388,      90225,    7287153,      10057,     -10057, UNTOUCHED
    248602,      84267,      85543,     491252,       2121,      -2121, NO_EVENT
    248627,      83142,      83954,     227975,       1389,      -1125, NO_EVENT
    248652,      82778,      82805,     188665,       1197,       -817, NO_EVENT
    248677,      82357,      82554,      66050,        625,       -421, NO_EVENT
    248702,      84260,      83458,     430884,       1903,       1903, NO_EVENT
    248727,      87682,      85519,    1159879,       3422,       3422, NO_EVENT
    248752,     142914,     130038,   78242982,      59678,      55232, TOUCHED
    248777,      86690,     104574,    1699173,      56224,     -56224, UNTOUCHED
    248802,      82795,      84882,    1261916,       3895,      -3895, NO_EVENT
    248827,      80792,      81937,     341433,       2003,      -2003, NO_EVENT
    248852,      78750,      79563,     708333,       2613,      -2042, NO_EVENT
    248877,      76863,      77989,     348498,       1887,      -1887, NO_EVENT
    248902,      77003,      77292,     126093,        818,       -727, NO_EVENT
    248927,      76983,      77227,      41255,        494,        -20, NO_EVENT
    248952,      78777,      78251,     238468,       1462,        653, NO_EVENT
    248977,      80580,      79748,     649913,       2012,       1803, NO_EVENT
    249002,      76521,      77433,    1861096,       4115,      -3885, NO_EVENT
    249027,      75609,      75964,     144030,       1179,       -912, NO_EVENT
    249052,      75833,      75875,     162931,       1373,        224, NO_EVENT
    249077,      75356,      75585,     176471,       1282,       -629, NO_EVENT
    249102,      75150,      75329,      29094,        537,       -206, NO_EVENT
    249127,      75345,      75115,      60262,        716,        195, NO_EVENT
    249152,      74689,      74944,      38008,        656,       -656, NO_EVENT
    249177,      74413,      74732,      90961,        748,       -594, NO_EVENT
    249202,      74532,      74713,      42000,        662,        119, NO_EVENT
    249227,      74578,      74724,      59038,        752,         46, NO_EVENT
    249252,      74872,      74761,      14918,        330,        294, NO_EVENT
    249277,      74461,      74616,      44166,        591,       -395, NO_EVENT
    249302,      74608,      74888,      34013,        530,       -285, NO_EVENT
    249327,      74641,      74726,      11975,        280,         33, NO_EVENT
    249352,      74670,      74696,      15069,        406,         29, NO_EVENT
    249377,      74385,      74693,      30847,        523,       -285, NO_EVENT
    249402,      74495,      74599,      27317,        417,         76, NO_EVENT
    249427,      74337,      74800,     124819,       1039,       -158, NO_EVENT
    249452,      74900,      74798,     100739,        819,        563, NO_EVENT
    249477,      74664,      74922,      19545,        393,       -236, NO_EVENT
    249502,      74879,      74910,      44039,        723,       -338, NO_EVENT
    249527,      74802,      74926,     106611,        915,        -51, NO_EVENT
    249552,      75315,      75078,      80309,        898,        513, NO_EVENT
    249577,      75077,      74894,      80541,        916,       -238, NO_EVENT
    249602,      74539,      74828,      91913,        862,       -538, NO_EVENT
    249627,      74622,      74839,      39425,        532,       -310, NO_EVENT
    249652,      74693,      74827,      55610,        604,         71, NO_EVENT
    249677,      74898,      74966,      60450,        720,        205, NO_EVENT
    249702,      74426,      74769,      74656,        682,       -472, NO_EVENT
    249727,      74450,      74775,     102545,        866,       -578, NO_EVENT
    249752,      74569,      74752,      87276,        861,        119, NO_EVENT
    249777,      74598,      74728,      36512,        506,         29, NO_EVENT
    249802,      74704,      74788,       9251,        300,        106, NO_EVENT
    249827,      74603,      74751,      18260,        396,       -388, NO_EVENT
    249852,      74611,      74628,      12587,        343,       -202, NO_EVENT
    249877,      74362,      74768,      51782,        802,       -249, NO_EVENT
    249902,      75007,      74864,      54766,        864,        645, NO_EVENT
    249927,      74248,      74700,      83324,        759,       -759, NO_EVENT
    249952,      74508,      74739,      13174,        377,       -377, NO_EVENT
    249977,      74596,      74713,      55074,        733,         88, NO_EVENT
    250002,      74751,      74748,      45536,        615,        155, NO_EVENT
    250027,      74940,      74593,      29538,        680,        189, NO_EVENT
    250052,      74561,      74643,      21937,        453,       -379, NO_EVENT
    250077,      74119,      74584,      59847,        734,       -636, NO_EVENT
    250102,      74644,      74770,      44869,        903,        525, NO_EVENT
    250127,      74616,      74794,      72458,        696,        -28, NO_EVENT
    250152,      74658,      74701,      33481,        567,         42, NO_EVENT
    250177,      74229,      74642,      70425,        809,       -591, NO_EVENT
    250202,      74272,      74657,      89639,       1026,         43, NO_EVENT
    250227,      74561,      74461,      50177,        600,        289, NO_EVENT
    250252,      74739,      74552,      88347,        974,        178, NO_EVENT
    250277,      74626,      74635,      11821,        297,       -113, NO_EVENT
    250302,      74519,      74676,     103758,       1001,       -253, NO_EVENT
    250327,      74308,      74686,      63446,        819,       -211, NO_EVENT
    250352,      74820,      74555,      58507,        688,        512, NO_EVENT
    250377,      74571,      74600,      55166,        574,       -249, NO_EVENT
    250402,      74403,      74450,      15455,        393,       -168, NO_EVENT
    250427,      74480,      74702,      19297,        493,       -249, NO_EVENT
    250452,      74795,      74727,      58439,        752,        315, NO_EVENT
    250477,      74887,      74727,      16555,        331,         92, NO_EVENT
    250502,      74326,      74587,      41144,        561,       -561, NO_EVENT
    250527,      74458,      74622,      32864,        523,       -219, NO_EVENT
    250552,      74494,      74640,      40912,        549,        -82, NO_EVENT
    250577,      74629,      74593,     111596,       1014,        135, NO_EVENT
    250602,      74660,      74668,      30395,        571,         31, NO_EVENT
    250627,      74316,      74417,      17564,        377,       -344, NO_EVENT
    250652,      74437,      74615,      69273,        697,       -438, NO_EVENT
    250677,      74712,      74503,      63387,        756,        275, NO_EVENT
    250702,      74624,      74878,      33686,        610,        -88, NO_EVENT
    250727,      74909,      74710,      53801,        655,        285, NO_EVENT
    250752,      74212,      74589,      47078,        697,       -697, NO_EVENT
    250777,      74332,      74545,      52589,        686,       -357, NO_EVENT
    250802,      74287,      74540,     125067,        965,        -45, NO_EVENT
    250827,      74720,      74650,      25133,        601,        433, NO_EVENT
    250852,      74692,      74684,      14254,        366,        -28, NO_EVENT
    250877,      74599,      74801,      48197,        706,       -606, NO_EVENT
    250902,      74386,      74601,     176506,       1292,       -213, NO_EVENT
    250927,      74622,      74637,      52084,        697,        236, NO_EVENT
    250952,      74602,      74680,      26354,        511,        -20, NO_EVENT
    250977,      74495,      74534,      33992,        586,       -107, NO_EVENT
    251002,      74491,      74603,      43181,        512,       -353, NO_EVENT
    251027,      74345,      74615,      38975,        534,       -146, NO_EVENT
    251052,      74615,      74521,      49298,        702,        270, NO_EVENT
    251077,      74675,      74688,      33285,        599,         60, NO_EVENT
    251102,      74668,      74641,       9455,        281,         -7, NO_EVENT
    251127,      74188,      74651,      35371,        636,       -553, NO_EVENT
    251152,      74323,      74548,     150508,       1209,        135, NO_EVENT
    251177,      74581,      74384,      32425,        483,        258, NO_EVENT
    251202,      74603,      74626,      34516,        610,         22, NO_EVENT
    251227,      74212,      74702,      50465,        707,       -590, NO_EVENT
    251252,      74132,      74417,      17546,        472,       -317, NO_EVENT
    251277,      74394,      74583,      56809,        831,        262, NO_EVENT
    251302,      74727,      74946,     125455,       1024,        333, NO_EVENT
    251327,      74693,      74755,      24156,        466,        -34, NO_EVENT
    251352,      74592,      74667,      18525,        401,       -246, NO_EVENT
    251377,      74710,      74696,      72266,        721,        118, NO_EVENT
    251402,      74381,      74591,      87181,        808,       -329, NO_EVENT
    251427,      74530,      74671,      38080,        559,        149, NO_EVENT
    251452,      74216,      74536,      31230,        562,       -314, NO_EVENT
    251477,      74005,      74552,      66856,        863,       -542, NO_EVENT
    251502,      74355,      74687,      70297,       1086,        350, NO_EVENT
    251527,      74469,      74597,      39063,        620,        114, NO_EVENT
    251552,      74621,      74593,      22042,        442,        152, NO_EVENT
    251577,      74323,      74533,      11797,        340,       -340, NO_EVENT
    251602,      75005,      74826,      37499,        485,        151, NO_EVENT
    251627,      74701,      74631,      72688,        746,       -304, NO_EVENT
    251652,      74406,      74646,      60614,        653,       -295, NO_EVENT
    251677,      74553,      74675,      72150,        734,        147, NO_EVENT
    251702,      74464,      74817,      26114,        509,       -376, NO_EVENT
    251727,      74611,      74625,      96378,        888,        147, NO_EVENT
    251752,      74370,      74518,      64262,        831,       -241, NO_EVENT
 