t_ms,raw,avg,var,maxminusmin,lastminusfirst,label
37105,85314,85332,4832,218,-127, NO_EVENT
37130,85278,85279,1219,105,-36, NO_EVENT
37155,85304,85240,2026,125,26, NO_EVENT
37180,75920,81530,24413177,10727,-9384, NO_EVENT
37205,74459,75216,428514,1751,-1461, NO_EVENT
37230,74338,74886,219188,1259,-977, NO_EVENT
37255,74464,74821,250796,1331,126, NO_EVENT
37280,74818,74887,193546,1321,354, NO_EVENT
37305,75472,74907,163652,970,654, NO_EVENT
37330,74609,74463,12872,368,63, NO_EVENT
37355,75923,74704,183166,1526,1314, NO_EVENT
37380,74904,75421,389164,1803,-1019, NO_EVENT
37405,75083,74717,102592,913,179, NO_EVENT
37430,74734,74961,152065,1226,-999, NO_EVENT
37455,76781,74923,557846,2448,2448, NO_EVENT
37480,74508,75281,363291,2273,-2273, NO_EVENT
37505,74628,74882,161289,1143,120, NO_EVENT
37530,74623,74933,75910,751,-713, NO_EVENT
37555,77922,75681,1624682,3374,3289, NO_EVENT
37580,74699,75263,1049547,3307,-3223, NO_EVENT
37605,74419,74705,77569,697,-280, NO_EVENT
37630,74367,75015,378567,1572,-283, NO_EVENT
37655,75871,75031,135730,1183,1183, NO_EVENT
37680,75026,75038,218910,1248,-845, NO_EVENT
37705,74745,74631,77707,744,-281, NO_EVENT
37730,74411,74787,138236,1111,-334, NO_EVENT
37755,75270,75120,343073,1720,568, NO_EVENT
37780,75378,75001,93526,816,108, NO_EVENT
37805,74139,74936,183217,1580,-1239, NO_EVENT
37830,74948,74732,170589,1323,809, NO_EVENT
37855,74510,75384,618175,2120,-2120, NO_EVENT
37880,74391,74752,66023,906,-119, NO_EVENT
37905,74858,75025,322985,1406,467, NO_EVENT
37930,74452,75258,205589,1304,-406, NO_EVENT
37955,75136,75572,857140,2773,189, NO_EVENT
37980,74999,74887,133174,1098,-137, NO_EVENT
38005,74585,74832,50698,662,-414, NO_EVENT
38030,75868,74887,315731,1674,1283, NO_EVENT
38055,74233,75500,648117,2321,-933, NO_EVENT
38080,75005,74784,101019,853,772, NO_EVENT
38105,74405,75459,305451,1656,-600, NO_EVENT
38130,74471,74628,86935,820,66, NO_EVENT
38155,74857,74785,39955,593,40, NO_EVENT
38180,74376,74701,201898,1348,-162, NO_EVENT
38205,74647,74801,47167,760,271, NO_EVENT
38230,74832,75184,243511,1471,185, NO_EVENT
38255,74528,74972,278728,1571,-304, NO_EVENT
38280,74660,74813,92947,802,286, NO_EVENT
38305,74881,74692,79718,859,221, NO_EVENT
38330,74946,75665,305377,1687,65, NO_EVENT
38355,74425,74811,154924,1084,-521, NO_EVENT
38380,74978,74868,122046,890,560, NO_EVENT
38405,74245,74761,186708,1171,-733, NO_EVENT
38430,75025,74825,154102,1196,780, NO_EVENT
38455,74630,74853,52292,580,-395, NO_EVENT
38480,74496,74721,31441,499,-7, NO_EVENT
38505,74647,74875,68707,925,151, NO_EVENT
38530,74698,74960,686824,2503,51, NO_EVENT
38555,74545,74753,39297,520,-153, NO_EVENT
38580,75087,74753,50935,672,542, NO_EVENT
38605,77830,75538,794397,3016,2740, NO_EVENT
38630,74986,75270,617159,3074,-2844, NO_EVENT
38655,74401,74731,113961,895,-585, NO_EVENT
38680,74439,74795,114717,1035,38, NO_EVENT
38705,74776,75777,2328888,4612,320, NO_EVENT
38730,74399,74776,203196,1179,-377, NO_EVENT
38755,75136,74749,85600,737,737, NO_EVENT
38780,75293,75536,722075,2793,157, NO_EVENT
38805,75033,75422,408576,1881,-30, NO_EVENT
38830,74632,74856,88835,896,-401, NO_EVENT
38855,74932,74710,32822,568,300, NO_EVENT
38880,74865,75429,224848,1469,-67, NO_EVENT
38905,74733,75007,53218,667,-438, NO_EVENT
38930,75009,74878,28646,515,276, NO_EVENT
38955,74436,75254,560130,2124,-573, NO_EVENT
38980,74761,75005,309809,1577,325, NO_EVENT
39005,74274,74968,168619,1183,-633, NO_EVENT
39030,74293,74792,314671,1625,19, NO_EVENT
39055,75665,75319,564953,2309,1372, NO_EVENT
39080,74553,75194,622760,2374,-1112, NO_EVENT
39105,75137,75179,103604,988,181, NO_EVENT
39130,74939,75006,124684,1153,-198, NO_EVENT
39155,75015,75389,163067,1036,76, NO_EVENT
39180,75087,75272,325523,1582,72, NO_EVENT
39205,74726,75035,90230,930,-223, NO_EVENT
39230,75172,75020,176704,1083,446, NO_EVENT
39255,75138,75423,792468,2703,-34, NO_EVENT
39280,74689,75299,251151,1382,-449, NO_EVENT
39305,74444,75116,110965,1217,-653, NO_EVENT
39330,74915,75173,167594,1459,471, NO_EVENT
39355,74373,74806,111502,984,-542, NO_EVENT
39380,74824,74809,167803,1179,451, NO_EVENT
39405,74939,74877,49549,705,389, NO_EVENT
39430,75378,75242,371079,1718,439, NO_EVENT
39455,75044,75242,452983,1925,-334, NO_EVENT
39480,74840,74813,38747,610,-204, NO_EVENT
39505,75968,75025,178015,1389,701, NO_EVENT
39530,75055,75744,159860,1403,-913, NO_EVENT
39555,74750,74966,37070,496,-305, NO_EVENT
39580,76053,75433,202878,1303,1303, NO_EVENT
39605,76433,75483,431785,1847,887, NO_EVENT
39630,75390,74964,177919,1926,-1043, NO_EVENT
39655,75583,75289,219014,1520,193, NO_EVENT
39680,75819,75287,269040,1334,236, NO_EVENT
39705,74277,76397,1275905,3558,-2887, NO_EVENT
39730,74906,75379,838677,2852,629, NO_EVENT
39755,74695,75360,551297,1926,-211, NO_EVENT
39780,75137,75525,433873,1831,-547, NO_EVENT
39805,76626,75516,374594,1874,1489, NO_EVENT
39830,74438,75928,712343,2949,-2188, NO_EVENT
39855,77754,76406,1204463,3316,3316, NO_EVENT
39880,76615,76393,939948,2917,1522, NO_EVENT
39905,75693,76619,888675,2655,-922, NO_EVENT
39930,75680,76329,419052,1653,-13, NO_EVENT
39955,76151,76261,301329,1677,471, NO_EVENT
39980,77278,76982,133077,1354,1127, NO_EVENT
40005,77713,77645,162369,1114,-339, NO_EVENT
40030,80425,78681,351253,2712,2712, NO_EVENT
40055,80247,80042,163068,1163,-178, NO_EVENT
40080,82160,81403,264234,1913,1913, NO_EVENT
40105,82071,81940,35332,485,299, NO_EVENT
40130,82465,82350,20368,452,394, NO_EVENT
40155,82843,82595,10741,378,378, NO_EVENT
40180,84638,83174,448897,1958,1795, NO_EVENT
40205,168552,119651,48528923,83914,83914, TOUCHED
40230,219760,213249,100767173,51208,51208, TOUCHED
40255,218684,219118,156496,1076,-1076, TOUCHED
40280,220100,219924,76539,1416,1416, TOUCHED
40305,218062,219086,968572,2038,-2038, TOUCHED
40330,182601,216616,100728900,37379,-36661, TOUCHED
40355,85945,101421,46647313,96656,-96656,UNTOUCHED
40380,84420,85249,443331,1769,-1525, NO_EVENT
40405,83008,83831,204839,1412,-1412, NO_EVENT
40430,83281,83041,27731,451,273, NO_EVENT
40455,83683,83421,39817,593,402, NO_EVENT
40480,86409,84437,430303,2935,2935, NO_EVENT
40505,88431,87120,1252813,2735,2022, NO_EVENT
40530,218658,146226,128547863,126942,126942, TOUCHED
40555,220031,219758,586617,1720,1373, TOUCHED
40580,219868,219917,4983,163,-163, TOUCHED
40605,218708,219518,211349,1160,-1160, TOUCHED
40630,219132,219470,332258,1341,424, TOUCHED
40655,90885,169011,66656819,129114,-128247, UNTOUCHED
40680,86960,88415,1986486,4260,-3925, NO_EVENT
40705,84778,86061,309325,2182,-2182, NO_EVENT
40730,84136,84822,142184,1145,-642, NO_EVENT
40755,83905,84156,14882,422,-231, NO_EVENT
40780,84623,84453,74950,978,718, NO_EVENT
40805,85855,85252,439867,1836,1232, NO_EVENT
40830,89106,87780,1066538,3251,3251, NO_EVENT
40855,117288,103382,153619658,28182,28182, TOUCHED
40880,219386,215041,54629006,102098,102098, TOUCHED
40905,216768,217930,615196,1974,-1974, TOUCHED
40930,218651,216623,221929,2342,1883, TOUCHED
40955,218248,217908,512163,1479,-403, TOUCHED
40980,161651,204004,51718776,56597,-56597, TOUCHED
41005,90289,95056,12484577,10402,-10402, UNTOUCHED
41030,87215,88548,423176,3074,-3074, NO_EVENT
41055,86089,86494,193444,1126,-1126, NO_EVENT
41080,84693,85325,358637,1561,-1396, NO_EVENT
41105,84712,85162,167558,1220,19, NO_EVENT
41130,85203,85078,16351,299,267, NO_EVENT
41155,86589,86236,215788,1303,406, NO_EVENT
41180,89816,88510,977643,2963,2963, NO_EVENT
41205,191473,106231,136213546,99723,99723, TOUCHED
41230,219878,209000,1227304,28405,28405, TOUCHED
41255,219965,219755,24944,371,87, TOUCHED
41280,219743,219810,11285,230,-222, TOUCHED
41305,219570,220036,143910,856,-173, TOUCHED
41330,218964,220019,498077,1704,-606, TOUCHED
41355,96131,161802,76257804,122833,-122833, TOUCHED
41380,89277,92411,5187760,6854,-6854,UNTOUCHED
41405,87979,88489,108370,937,-937, NO_EVENT
41430,85847,86893,333963,1553,-1553, NO_EVENT
41455,87051,86766,374364,1793,-643, NO_EVENT
41480,86253,86471,310418,1586,3, NO_EVENT
41505,87336,86923,206040,1145,145, NO_EVENT
41530,91455,89077,1738322,3949,3949, NO_EVENT
41555,219095,133082,128255960,125290,125290, TOUCHED
41580,219873,220253,712657,1928,778, TOUCHED
41605,219488,220380,527203,1634,-385, TOUCHED
41630,220243,220282,229147,1180,755, TOUCHED
41655,101703,152600,22875232,118540,-118540, TOUCHED
41680,91907,96051,10056813,9796,-9796, UNTOUCHED
41705,88122,89438,1693816,3438,-3438, NO_EVENT
41730,86842,87737,280860,1537,-1537, NO_EVENT
41755,86020,86198,550166,1977,-1442, NO_EVENT
41780,85071,85302,82030,815,141, NO_EVENT
41805,84864,84951,117367,1124,-554, NO_EVENT
41830,86014,85311,122953,1150,1150, NO_EVENT
41855,88490,86829,594739,2476,2476, NO_EVENT
41880,133352,104108,60470786,44862,44862, TOUCHED
41905,220952,206542,161507367,87600,87600, TOUCHED
41930,221026,220760,64571,529,74, TOUCHED
41955,220706,220705,15212,395,-320, TOUCHED
41980,220452,220204,107749,834,-254, TOUCHED
42005,93646,128405,99488487,126806,-126806, UNTOUCHED
42030,87895,89955,3918213,5751,-5751, NO_EVENT
42055,84938,86519,775298,2957,-2957, NO_EVENT
42080,83430,84101,438307,1801,-1508, NO_EVENT
42105,82742,82941,99233,881,-688, NO_EVENT
42130,82745,82775,23611,438,3, NO_EVENT
42155,82617,82717,10926,305,-77, NO_EVENT
42180,82548,82681,20548,415,-69, NO_EVENT
42205,83042,82670,21233,494,494, NO_EVENT
42230,83203,83071,78245,815,161, NO_EVENT
42255,83589,83204,53156,659,283, NO_EVENT
42280,85961,84324,399061,2250,2246, NO_EVENT
42305,91317,87955,4237188,5356,5356, NO_EVENT
42330,291600,211486,6460478,200283,200283, TOUCHED
42355,342237,333355,92492286,52367,50637, TOUCHED
42380,95966,206680,88463218,246271,-246271, UNTOUCHED
42405,88908,90739,2659420,4096,-4096, NO_EVENT
42430,86295,87344,622803,2613,-2613, NO_EVENT
42455,86412,86408,6603,227,117, NO_EVENT
42480,84905,85499,155255,1507,-1507, NO_EVENT
42505,85449,85355,32423,527,77, NO_EVENT
42530,85728,85585,46593,594,250, NO_EVENT
42555,86536,86155,45551,808,808, NO_EVENT
42580,89290,87509,555294,2754,2754, NO_EVENT
42605,93331,90550,2294720,4041,4041, NO_EVENT
42630,363545,149373,133551777,270214,270214, TOUCHED
42655,363498,363531,446,47,-47, TOUCHED
42680,92062,180226,73452689,271436,-271436, UNTOUCHED
42705,86230,88981,2216181,5832,-5832, NO_EVENT
42730,84744,85548,489902,1967,-1486, NO_EVENT
42755,83866,84560,169850,1358,-878, NO_EVENT
42780,83664,83918,36684,478,-171, NO_EVENT
42805,83484,83573,25161,523,-384, NO_EVENT
42830,83334,83422,32982,506,-150, NO_EVENT
42855,84123,83715,85529,789,789, NO_EVENT
42880,84222,84081,39818,555,99, NO_EVENT
42905,85747,85208,154684,1525,1525, NO_EVENT
42930,88794,87017,1119938,2995,2643, NO_EVENT
42955,96400,93848,8564519,6524,6524, TOUCHED
42980,338031,289704,64557067,241631,241631, TOUCHED
43005,363980,364737,143489,947,-947, TOUCHED
43030,108235,216616,4989873,255745,-255745, TOUCHED
43055,91187,96390,19418119,17048,-17048, UNTOUCHED
43080,89037,89602,355153,2171,-2150, NO_EVENT
43105,86834,87842,453544,2203,-2203, NO_EVENT
43130,86616,86919,241124,1289,-218, NO_EVENT
43155,86708,86566,45683,545,92, NO_EVENT
43180,85917,86627,184703,1402,-791, NO_EVENT
43205,86483,86315,112552,922,566, NO_EVENT
43230,86975,86721,39338,510,492, NO_EVENT
43255,89219,87769,444642,2315,2244, NO_EVENT
43280,125964,96666,164743244,36745,36745, TOUCHED
43305,362341,211059,160286248,236377,236377, TOUCHED
43330,363409,362939,281049,1068,1068, TOUCHED
43355,229442,331680,36804202,134782,-133967, TOUCHED
43380,90912,97687,36100856,17162,-17162, UNTOUCHED
43405,86464,88795,1319574,4448,-4448, NO_EVENT
43430,84862,85846,288084,1604,-1602, NO_EVENT
43455,84072,84495,273690,1281,-790, NO_EVENT
43480,83665,83757,25206,407,-1, NO_EVENT
43505,83320,83459,15677,348,-136, NO_EVENT
43530,83174,83261,29361,528,-146, NO_EVENT
43555,83494,83359,49203,627,320, NO_EVENT
43580,86117,84726,621689,2623,2623, NO_EVENT
43605,127658,114777,9026156,41541,41541, TOUCHED
43630,303256,303452,18174,289,-289, TOUCHED
43655,305094,304432,778347,1838,1838, TOUCHED
43680,302537,305425,3335322,4098,-2557, TOUCHED
43705,97943,221753,145798095,204594,-204594, TOUCHED
43730,87132,90651,7043649,10811,-10811, UNTOUCHED
43755,85592,86387,604594,2128,-1540, NO_EVENT
43780,84611,85120,119619,981,-981, NO_EVENT
43805,83819,84054,46217,792,-792, NO_EVENT
43830,83983,83801,33247,461,263, NO_EVENT
43855,84420,84048,32446,640,437, NO_EVENT
43880,85845,85114,254805,1425,1425, NO_EVENT
43905,89979,87951,2145125,4134,4134, NO_EVENT
43930,302420,188475,96897869,167566,167566, TOUCHED
43955,303303,302985,179640,883,883, TOUCHED
43980,288871,299098,49243388,15079,-14432, TOUCHED
44005,91201,130156,33622174,197670,-197670, UNTOUCHED
44030,87946,89534,1011837,3255,-3255, NO_EVENT
44055,86124,87056,481558,1828,-1822, NO_EVENT
44080,85233,85728,60932,891,-891, NO_EVENT
44105,84707,84932,40841,574,-526, NO_EVENT
44130,84722,84916,21547,401,15, NO_EVENT
44155,85864,85012,283070,1516,1142, NO_EVENT
44180,86457,85918,147752,946,593, NO_EVENT
44205,91512,88606,2216857,5055,5055, NO_EVENT
44230,317200,139342,7191168,225688,225688, TOUCHED
44255,323230,320094,9075680,6030,6030, TOUCHED
44280,320220,323219,379154,3163,-3010, TOUCHED
44305,320807,320407,74978,587,587, TOUCHED
44330,101892,272596,15851440,218915,-218915, TOUCHED
44355,90136,94697,16711537,11756,-11756, UNTOUCHED
44380,86694,88185,792252,2577,-2577, NO_EVENT
44405,86161,86665,120403,1045,-533, NO_EVENT
44430,84951,85289,42003,619,-619, NO_EVENT
44455,84727,84766,35450,523,-54, NO_EVENT
44480,85842,84873,91150,1346,1115, NO_EVENT
44505,88613,86606,523237,2771,2771, NO_EVENT
44530,143225,96462,127969486,54612,54612, TOUCHED
44555,223247,192759,90162943,82947,80022, TOUCHED
44580,222618,223155,39604,629,-629, TOUCHED
44605,220178,221971,557027,2440,-2440, TOUCHED
44630,99057,198810,60011770,121121,-121121, TOUCHED
44655,88851,92357,12452338,10206,-10206, UNTOUCHED
44680,85642,87103,1209699,3099,-2982, NO_EVENT
44705,84240,85067,344017,1740,-1402, NO_EVENT
44730,83709,83960,22186,531,-531, NO_EVENT
44755,83598,83666,91161,843,-111, NO_EVENT
44780,84481,84257,61521,883,883, NO_EVENT
44805,87417,86115,607151,2936,2936, NO_EVENT
44830,114120,96096,127078208,26703,26703, TOUCHED
44855,215063,193128,16942804,100943,100943, TOUCHED
44880,217566,215996,1385790,2503,2503, TOUCHED
44905,215601,216348,450378,1965,-1965, TOUCHED
44930,217197,216794,199029,1596,1596, TOUCHED
44955,96410,169647,114237737,120787,-120787, TOUCHED
44980,87944,90879,7311847,8466,-8466, UNTOUCHED
45005,85150,86387,870985,2794,-2794, NO_EVENT
45030,84110,84379,177169,1361,-1040, NO_EVENT
45055,83002,83501,107287,1108,-1108, NO_EVENT
45080,83365,83272,44935,560,363, NO_EVENT
45105,85514,84423,219458,1638,1638, NO_EVENT
45130,101177,89973,32735648,15663,15663, TOUCHED
45155,214539,179533,161701030,113362,113362, TOUCHED
45180,217453,213738,7178818,6281,2914, TOUCHED
45205,214571,216237,1360182,2882,-2882, TOUCHED
45230,218480,216614,2168082,3909,3909, TOUCHED
45255,89220,114255,54374442,77605,-77605, UNTOUCHED
45280,84807,86724,1891264,4413,-4413, NO_EVENT
45305,82721,83483,691943,2086,-2086, NO_EVENT
45330,82564,82693,37086,542,-157, NO_EVENT
45355,82514,82609,28058,439,-202, NO_EVENT
45380,82361,82580,12539,337,-153, NO_EVENT
45405,82575,82639,12676,440,214, NO_EVENT
45430,84297,83147,362254,1722,1722, NO_EVENT
45455,213624,141031,123071600,126851,126851, TOUCHED
45480,216436,215359,1229090,2812,2812, TOUCHED
45505,213538,215372,1352948,2898,-2898, TOUCHED
45530,103740,203242,12602382,110330,-109798, TOUCHED
45555,85933,91540,26843595,17807,-17807, UNTOUCHED
45580,82737,84480,1065995,3196,-3196, NO_EVENT
45605,82403,82724,58970,710,-334, NO_EVENT
45630,82610,82652,9307,400,207, NO_EVENT
45655,82387,82480,8717,274,-60, NO_EVENT
45680,82289,82449,7736,247,-98, NO_EVENT
45705,82152,82399,43713,591,-137, NO_EVENT
45730,82691,82563,25434,558,539, NO_EVENT
45755,134207,89489,101455838,51605,51605, TOUCHED
45780,213804,186394,158417642,82192,79597, TOUCHED
45805,216773,216126,2595492,3602,2969, TOUCHED
45830,89917,166389,25017268,126856,-126856, UNTOUCHED
45855,83491,86325,4000576,6426,-6426, NO_EVENT
45880,82460,82797,79025,1031,-1031, NO_EVENT
45905,82489,82569,10857,278,29, NO_EVENT
45930,82171,82389,30683,505,-318, NO_EVENT
45955,82210,82181,6191,225,-108, NO_EVENT
45980,81781,82039,106064,906,-429, NO_EVENT
46005,81820,81782,119871,1142,39, NO_EVENT
46030,82513,81805,114921,1285,1285, NO_EVENT
46055,82475,82387,26972,467,-38, NO_EVENT
46080,109154,95671,167960894,26679,26679, TOUCHED
46105,213971,215315,596706,2137,-663, TOUCHED
46130,85852,123648,91131926,128119,-128119, UNTOUCHED
46155,82707,83447,1121408,3205,-3145, NO_EVENT
46180,82410,82569,10511,350,-350, NO_EVENT
46205,82406,82386,7694,258,-4, NO_EVENT
46230,82178,82366,27835,475,-228, NO_EVENT
46255,82421,82331,17301,381,134, NO_EVENT
46280,82397,82406,4195,197,-24, NO_EVENT
46305,82508,82433,3278,168,111, NO_EVENT
46330,82468,82622,12428,295,-40, NO_EVENT
46355,83162,82772,15550,541,520, NO_EVENT
46380,95272,85266,5522607,12110,12110, NO_EVENT
46405,217575,161358,169073844,122303,122303, TOUCHED
46430,216820,216524,884642,2000,-755, TOUCHED
46455,196616,212344,62042617,20204,-20204, TOUCHED
46480,91440,124806,32924698,105176,-105176, UNTOUCHED
46505,86236,87507,2085049,3694,-3292, NO_EVENT
46530,83338,84480,440428,1728,-1728, NO_EVENT
46555,82667,82975,65871,681,-681, NO_EVENT
46580,82864,82735,6109,247,197, NO_EVENT
46605,82674,82697,5730,266,-190, NO_EVENT
46630,82708,82620,17600,370,34, NO_EVENT
46655,82497,82537,15526,407,-78, NO_EVENT
46680,82793,82604,6621,296,296, NO_EVENT
46705,97679,84995,22551316,15018,14886, TOUCHED
46730,206227,170462,66985609,116076,108548, TOUCHED
46755,211051,211960,16332348,9533,4824, TOUCHED
46780,110867,206067,36234218,101108,-100184, TOUCHED
46805,82982,90626,82926330,27885,-27885, UNTOUCHED
46830,82713,82730,17653,378,-269, NO_EVENT
46855,82531,82572,17227,365,-182, NO_EVENT
46880,82264,82445,25085,470,-267, NO_EVENT
46905,82241,82330,4876,195,-151, NO_EVENT
46930,82209,82293,6505,232,-32, NO_EVENT
46955,81873,81967,20065,448,-336, NO_EVENT
46980,81254,81301,166176,1345,-35, NO_EVENT
47005,78117,79575,1398015,3137,-3137, NO_EVENT
47030,77234,77627,971987,3146,-883, NO_EVENT
47055,76591,77057,499184,2240,-643, NO_EVENT
47080,75979,76524,137416,925,-833, NO_EVENT
47105,74719,75005,187412,1359,-1260, NO_EVENT
47130,74977,74655,17446,501,258, NO_EVENT
47155,74340,74725,51367,637,-637, NO_EVENT
47180,74715,74781,88244,922,137, NO_EVENT
47205,74612,74811,54466,606,-103, NO_EVENT
47230,74550,74733,13123,349,-62, NO_EVENT
47255,74848,74526,126772,1015,298, NO_EVENT
47280,74438,74636,16683,408,-106, NO_EVENT
47305,74243,74377,61532,680,-110, NO_EVENT
47330,74382,74354,33586,454,139, NO_EVENT
47355,74294,74342,26006,510,-88, NO_EVENT
47380,74333,74357,17987,398,39, NO_EVENT
47405,74323,74381,3339,163,-113, NO_EVENT
47430,73878,74192,15388,416,-321, NO_EVENT
47455,74091,74283,25385,629,213, NO_EVENT
47480,74072,74403,112885,1046,-19, NO_EVENT
47505,74119,74446,66274,823,47, NO_EVENT
47530,74148,74341,21000,354,29, NO_EVENT
47555,74635,74320,52102,613,562, NO_EVENT
47580,74357,74414,130282,1161,-278, NO_EVENT
47605,74606,74365,43233,644,249, NO_EVENT
47630,74134,74231,28853,541,-472, NO_EVENT
47655,74382,74330,16613,416,248, NO_EVENT
47680,74290,74297,27398,479,100, NO_EVENT
47705,74044,74265,47269,599,-246, NO_EVENT
47730,74422,74308,135628,1081,378, NO_EVENT
47755,74146,74365,44234,559,-276, NO_EVENT
47780,74133,74317,30293,482,-13, NO_EVENT
47805,74152,74319,9007,296,-296, NO_EVENT
47830,74252,74225,1886,138,96, NO_EVENT
47855,73991,74336,44208,622,-261, NO_EVENT
47880,74097,74258,54782,684,106, NO_EVENT
47905,73995,74298,82537,906,-102, NO_EVENT
47930,74122,74234,13260,361,-323, NO_EVENT
47955,74277,74206,13026,291,-7, NO_EVENT
47980,73973,74280,41302,665,-304, NO_EVENT
48005,74446,74273,24627,529,473, NO_EVENT
48030,74771,74491,26624,594,325, NO_EVENT
48055,73962,74356,63523,809,-809, NO_EVENT
48080,74424,74332,14168,336,173, NO_EVENT
48105,74422,74396,27272,563,-2, NO_EVENT
48130,74428,74270,31479,549,6, NO_EVENT
48155,74186,74222,19028,335,-242, NO_EVENT
48180,74048,74175,35197,502,-138, NO_EVENT
48205,74035,74316,87726,815,71, NO_EVENT
48230,73881,74090,51742,657,-299, NO_EVENT
48255,74992,74611,160382,1327,1111, NO_EVENT
48280,74386,75213,1004535,2706,-606, NO_EVENT
48305,75760,75811,1735162,3845,1374, NO_EVENT
48330,76131,75834,65112,697,360, NO_EVENT
48355,79909,78294,1121344,3778,3778, NO_EVENT
48380,81302,80570,352025,1667,1667, NO_EVENT
48405,81980,81854,60766,813,678, NO_EVENT
48430,82237,82105,33989,439,257, NO_EVENT
48455,82638,82443,10448,336,227, NO_EVENT
48480,84115,82967,162532,1477,1477, NO_EVENT
48505,221899,117006,15773527,137784,137784, TOUCHED
48530,222922,222726,332572,1297,1023, TOUCHED
48555,222067,222723,108418,855,-855, TOUCHED
48580,221368,221980,95800,802,-699, TOUCHED
48605,221867,222286,494849,1574,499, TOUCHED
48630,90106,125996,37856902,131761,-131761, UNTOUCHED
48655,85741,86559,1142709,2794,-2482, NO_EVENT
48680,84396,84822,181993,1153,-860, NO_EVENT
48705,83503,83786,232723,1285,-893, NO_EVENT
48730,83166,83337,10448,337,-337, NO_EVENT
48755,84427,83679,282005,1415,1261, NO_EVENT
48780,86001,85258,822461,2156,1574, NO_EVENT
48805,210814,99769,47788404,123723,123723, TOUCHED
48830,221575,217968,34248874,12103,10761, TOUCHED
48855,222178,222475,661285,1725,603, TOUCHED
48880,208356,220384,27745601,14771,-13822, TOUCHED
48905,87393,109135,33789405,120963,-120963, UNTOUCHED
48930,84345,85714,913799,3048,-3048, NO_EVENT
48955,83209,83796,344119,1564,-1136, NO_EVENT
48980,82807,82939,41420,550,-402, NO_EVENT
49005,82586,82730,6454,223,-169, NO_EVENT
49030,84223,83286,88147,1380,1380, NO_EVENT
49055,87542,85638,1061551,3319,3319, NO_EVENT
49080,220730,143445,102615461,133188,133188, TOUCHED
49105,221604,221336,99059,874,874, TOUCHED
49130,222363,221837,130118,779,759, TOUCHED
49155,223246,222679,151353,883,883, TOUCHED
49180,93906,159745,51119646,129340,-129340, UNTOUCHED
49205,84939,87962,7439892,8967,-8967, NO_EVENT
49230,82402,83336,528561,2537,-2537, NO_EVENT
49255,82576,82648,22198,522,174, NO_EVENT
49280,82528,82602,9672,316,-111, NO_EVENT
49305,82640,82635,5916,209,112, NO_EVENT
49330,82554,82622,9319,288,-86, NO_EVENT
49355,83712,83019,132516,1158,1158, NO_EVENT
49380,149646,88943,155386340,65327,65327, TOUCHED
49405,221976,190918,136005001,73930,72330, TOUCHED
49430,222497,222259,63002,521,521, TOUCHED
49455,98055,202142,19365654,124571,-124442, TOUCHED
49480,87378,91509,14923198,10677,-10677, UNTOUCHED
49505,83421,85572,739128,3124,-3124, NO_EVENT
49530,82702,83274,54956,847,-719, NO_EVENT
49555,82762,82818,51768,594,60, NO_EVENT
49580,82724,82793,11150,256,-38, NO_EVENT
49605,82709,82779,15019,364,-15, NO_EVENT
49630,82642,82768,20674,377,14, NO_EVENT
49655,82824,82788,23160,434,182, NO_EVENT
49680,82980,82967,8584,245,156, NO_EVENT
49705,86205,84880,586663,3225,3225, NO_EVENT
49730,222487,142161,15911768,136282,136282, TOUCHED
49755,221249,222806,384972,2109,-1238, TOUCHED
49780,185791,215897,959538,36189,-35458, TOUCHED
49805,86063,100853,1226386,99728,-99728, UNTOUCHED
49830,83001,84728,826514,3062,-3062, NO_EVENT
49855,82552,82841,60233,659,-449, NO_EVENT
49880,82510,82690,26922,473,-356, NO_EVENT
49905,82517,82584,6678,227,7, NO_EVENT
49930,82462,82574,8068,285,-55, NO_EVENT
49955,82563,82651,25060,449,101, NO_EVENT
49980,85773,83190,432826,3054,3054, NO_EVENT
50005,221933,107677,18137810,136160,136160, TOUCHED
50030,221500,222290,244435,1287,-433, TOUCHED
50055,221008,222089,558436,1844,-492, TOUCHED
50080,89378,121609,23926983,131630,-131630, UNTOUCHED
50105,85048,86278,1273461,3061,-3061, NO_EVENT
50130,83071,83596,179441,1267,-1267, NO_EVENT
50155,82691,82921,8813,380,-380, NO_EVENT
50180,82682,82824,16104,306,-9, NO_EVENT
50205,82678,82862,14732,332,-4, NO_EVENT
50230,83773,83165,67722,925,858, NO_EVENT
50255,84641,84114,124551,956,868, NO_EVENT
50280,87655,86000,712924,3014,3014, NO_EVENT
50305,169864,97191,121857659,82209,82209, TOUCHED
50330,222296,199715,13036982,53452,52432, TOUCHED
50355,221599,222525,155971,1292,-697, TOUCHED
50380,220900,222211,595078,2092,-699, TOUCHED
50405,106824,188547,155051572,114076,-114076, TOUCHED
50430,92261,97673,23337918,14563,-14563, UNTOUCHED
50455,87883,89127,1778527,3315,-3315, NO_EVENT
50480,85792,86812,460491,2091,-2091, NO_EVENT
50505,86081,85781,228928,1266,-13, NO_EVENT
50530,83916,84678,199531,1391,-1391, NO_EVENT
50555,84194,84363,20240,343,-305, NO_EVENT
50580,84816,84482,46044,622,622, NO_EVENT
50605,87797,86099,627678,2981,2981, NO_EVENT
50630,196257,115764,158103475,108460,108460, TOUCHED
50655,222784,214956,136089045,26527,26527, TOUCHED
50680,221869,222401,109886,915,-915, TOUCHED
50705,222662,222183,81653,793,793, TOUCHED
50730,92838,129577,54835549,129824,-129824, UNTOUCHED
50755,86201,87454,1759500,3549,-3047, NO_EVENT
50780,82749,84012,554418,2421,-2421, NO_EVENT
50805,82494,82757,9429,368,-255, NO_EVENT
50830,82296,82568,16762,447,-198, NO_EVENT
50855,82253,82419,47899,593,-43, NO_EVENT
50880,82565,82617,833,98,-39, NO_EVENT
50905,82613,82672,5412,219,48, NO_EVENT
50930,83840,83252,142612,1227,1227, NO_EVENT
50955,180292,99034,45560288,96452,96452, TOUCHED
50980,106088,161350,162312917,106960,-74204, TOUCHED
51005,87603,92080,26721114,18485,-18485, UNTOUCHED
51030,85281,86175,478171,2322,-2322, NO_EVENT
51055,85199,85144,130673,1038,-82, NO_EVENT
51080,83127,84285,412488,2072,-2072, NO_EVENT
51105,82994,83399,126122,1039,-1039, NO_EVENT
51130,82761,82918,26461,396,-103, NO_EVENT
51155,82911,82796,61080,749,150, NO_EVENT
51180,82937,82933,10657,293,26, NO_EVENT
51205,85239,84170,429783,2302,2302, NO_EVENT
51230,203471,102151,28789700,117732,117732, TOUCHED
51255,220839,213893,61357861,17368,17368, TOUCHED
51280,215813,220459,4273742,5911,-5026, TOUCHED
51305,100579,164080,20682086,115234,-115234, TOUCHED
51330,83852,86812,3950157,5983,-5983, UNTOUCHED
51355,82942,83238,173564,1212,-910, NO_EVENT
51380,82896,82818,27776,473,-46, NO_EVENT
51405,82863,82870,12974,368,-33, NO_EVENT
51430,83213,83006,10780,368,368, NO_EVENT
51455,85058,84001,315693,1845,1845, NO_EVENT
51480,87755,85700,615707,2897,2697, NO_EVENT
51505,222219,120027,115909766,134464,134464, TOUCHED
51530,222465,222512,71146,546,246, TOUCHED
51555,218156,222247,1471791,4574,-4309, TOUCHED
51580,93756,134046,166565427,124400,-124400, UNTOUCHED
51605,86859,89394,4354479,6897,-6897, NO_EVENT
51630,84730,86001,414504,2129,-2129, NO_EVENT
51655,84565,84914,210065,1271,-165, NO_EVENT
51680,83431,83961,109717,1134,-1134, NO_EVENT
51705,83370,83399,12197,324,-61, NO_EVENT
51730,82676,82916,21801,462,-221, NO_EVENT
51755,82990,82850,23826,409,314, NO_EVENT
51780,82755,82773,24429,455,-235, NO_EVENT
51805,82577,82659,20754,402,-178, NO_EVENT
51830,78480,81396,1652633,3920,-3883, NO_EVENT
51855,76724,76746,1459441,3165,-1756, NO_EVENT
51880,77026,75945,690905,2063,986, NO_EVENT
51905,73983,74999,280793,3043,-3043, NO_EVENT
51930,74043,74285,75363,834,60, NO_EVENT
51955,73853,74080,9656,379,-190, NO_EVENT
51980,73967,74098,91638,891,114, NO_EVENT
52005,74114,74230,65719,776,92, NO_EVENT
52030,74774,74206,74696,930,715, NO_EVENT
52055,74156,74227,36930,836,-618, NO_EVENT
52080,74133,74238,27504,492,-23, NO_EVENT
52105,73943,74142,41404,616,-190, NO_EVENT
52130,74133,74154,40884,643,190, NO_EVENT
52155,74056,74103,13090,325,-14, NO_EVENT
52180,74431,74292,38881,569,375, NO_EVENT
52205,74092,74224,21568,393,-339, NO_EVENT
52230,74210,74280,28906,526,118, NO_EVENT
52255,74471,74343,47693,607,261, NO_EVENT
52280,74270,74320,59061,691,194, NO_EVENT
52305,74277,74277,27885,457,7, NO_EVENT
52330,74077,74203,53440,632,-200, NO_EVENT
52355,74307,74464,48303,718,230, NO_EVENT
52380,74351,74321,45696,668,44, NO_EVENT
52405,74037,74221,51451,668,-70, NO_EVENT
52430,74322,74191,33799,483,159, NO_EVENT
52455,74048,74224,30582,494,-274, NO_EVENT
52480,74009,74325,62519,793,-39, NO_EVENT
52505,73971,74147,61031,686,-38, NO_EVENT
52530,74442,74235,30897,518,471, NO_EVENT
52555,74231,74261,53193,701,51, NO_EVENT
52580,73843,74207,41107,644,-388, NO_EVENT
52605,74143,74214,34413,701,300, NO_EVENT
52630,74617,74226,55096,586,474, NO_EVENT
52655,74144,74347,73335,720,-473, NO_EVENT
52680,73953,74087,14701,301,-140, NO_EVENT
52705,74211,74224,17945,429,219, NO_EVENT
52730,73906,74172,61088,717,-305, NO_EVENT
52755,73877,74093,17418,479,-29, NO_EVENT
52780,74027,74124,23809,455,150, NO_EVENT
52805,74266,74112,40660,637,239, NO_EVENT
52830,74103,74198,47566,603,-1, NO_EVENT
52855,74345,74188,10389,334,242, NO_EVENT
52880,73811,74157,26450,569,-534, NO_EVENT
52905,74108,74120,35278,644,297, NO_EVENT
52930,74052,74252,53688,679,-56, NO_EVENT
52955,73899,74101,27524,506,-107, NO_EVENT
52980,74172,74234,65697,781,-111, NO_EVENT
53005,74199,74220,21565,500,27, NO_EVENT
53030,74334,74147,55411,737,135, NO_EVENT
53055,73922,74169,23926,437,-412, NO_EVENT
53080,73900,74137,44574,566,-22, NO_EVENT
53105,74173,74236,56257,756,-81, NO_EVENT
53130,74059,74080,10530,314,-55, NO_EVENT
53155,74255,74238,34071,579,196, NO_EVENT
53180,74401,74293,43921,697,146, NO_EVENT
53205,74195,74170,77410,855,-206, NO_EVENT
53230,74072,74163,3901,165,-150, NO_EVENT
53255,73838,74222,90268,981,-447, NO_EVENT
53280,73930,74141,25227,615,92, NO_EVENT
53305,74401,74128,39737,531,471, NO_EVENT
53330,74143,74295,17099,393,-258, NO_EVENT
53355,74451,74216,36255,469,308, NO_EVENT
53380,73945,74187,32751,556,-192, NO_EVENT
53405,74084,74202,14958,306,34, NO_EVENT
53430,74017,74209,16499,419,-67, NO_EVENT
53455,74086,74131,5629,198,69, NO_EVENT
53480,74021,74266,85088,900,-65, NO_EVENT
53505,73959,74057,23539,458,-62, NO_EVENT
53530,73857,74249,90465,1020,-436, NO_EVENT
53555,74061,74235,82975,780,204, NO_EVENT
53580,74174,74152,12640,353,113, NO_EVENT
53605,73919,74221,67740,783,-255, NO_EVENT
53630,74082,74238,34917,571,163, NO_EVENT
53655,74246,74197,31035,551,168, NO_EVENT
53680,74096,74080,9211,250,-92, NO_EVENT
53705,74430,74181,15664,392,334, NO_EVENT
53730,74088,74158,17883,400,-342, NO_EVENT
53755,74019,74164,18844,382,-69, NO_EVENT
53780,74247,74228,15868,419,228, NO_EVENT
53805,74291,74187,30998,496,6, NO_EVENT
53830,74069,74251,120484,1144,-222, NO_EVENT
53855,74116,74332,62289,752,47, NO_EVENT
53880,74041,74127,5760,215,-75, NO_EVENT
53905,74134,74108,13708,320,93, NO_EVENT
53930,74110,74259,80777,860,107, NO_EVENT
53955,73862,74080,19245,443,-201, NO_EVENT
53980,73758,74166,42467,624,-104, NO_EVENT
54005,74454,74265,80664,834,696, NO_EVENT
54030,74043,74173,39081,572,-411, NO_EVENT
54055,74113,74287,36406,478,70, NO_EVENT
54080,74286,74175,20879,435,129, NO_EVENT
54105,74254,74305,25779,481,-32, NO_EVENT
54130,74310,74104,41082,584,56, NO_EVENT
54155,73905,74244,87738,949,-405, NO_EVENT
54180,74196,74166,22908,415,291, NO_EVENT
54205,74135,74249,26830,464,83, NO_EVENT
54230,74427,74144,29478,501,501, NO_EVENT
54255,74149,74095,18407,535,-278, NO_EVENT
54280,74048,74242,17755,434,-101, NO_EVENT
54305,73961,74117,43091,627,-87, NO_EVENT
54330,74133,74188,21015,502,172, NO_EVENT
54355,74073,74213,7436,260,-184, NO_EVENT
54380,73956,74217,68512,832,-117, NO_EVENT
54405,74186,74144,22038,485,230, NO_EVENT
54430,74106,74266,91947,897,-80, NO_EVENT
54455,74385,74282,42615,549,279, NO_EVENT
54480,74171,74287,49246,630,-200, NO_EVENT
54505,74092,74196,7485,249,-152, NO_EVENT
54530,74123,74201,39285,578,31, NO_EVENT
54555,74028,74344,56031,660,-95, NO_EVENT
54580,74061,74259,74729,836,33, NO_EVENT
54605,74231,74196,11954,343,234, NO_EVENT
54630,74132,74254,60848,790,-67, NO_EVENT
54655,74086,74383,45261,570,-46, NO_EVENT
54680,74087,74255,67203,772,1, NO_EVENT
54705,74230,74214,31149,536,143, NO_EVENT
54730,74124,74304,58128,692,-106, NO_EVENT
54755,74116,74302,53476,608,-337, NO_EVENT
54780,73997,74094,30699,488,-119, NO_EVENT
54805,74279,74250,32333,507,282, NO_EVENT
54830,74540,74211,38791,578,261, NO_EVENT
54855,73972,74260,107416,854,-568, NO_EVENT
54880,74087,74171,37337,598,13, NO_EVENT
54905,74375,74162,17640,379,347, NO_EVENT
54930,74096,74349,18339,421,-279, NO_EVENT
54955,74254,74260,41169,566,158, NO_EVENT
54980,74028,74215,43782,601,-226, NO_EVENT
55005,74411,74173,21994,413,383, NO_EVENT
55030,73998,74408,65516,854,-322, NO_EVENT
55055,73867,74278,80932,969,-131, NO_EVENT
55080,74088,74249,26364,635,221, NO_EVENT
55105,74615,74361,26013,554,527, NO_EVENT
55130,74304,74396,24716,494,-311, NO_EVENT
55155,74079,74271,35025,538,-59, NO_EVENT
55180,74513,74442,38898,707,434, NO_EVENT
55205,74621,74463,34508,572,108, NO_EVENT
55230,74146,74383,56764,578,-475, NO_EVENT
55255,74545,74439,53223,650,399, NO_EVENT
55280,74159,74575,47524,729,-729, NO_EVENT
55305,74566,74615,95825,924,407, NO_EVENT
55330,74971,74685,118937,1000,405, NO_EVENT
55355,74729,74813,132260,1169,-242, NO_EVENT
55380,76128,75408,285555,1399,1399, NO_EVENT
55405,74904,76152,870761,2625,-1870, NO_EVENT
55430,74681,75981,585560,2210,-223, NO_EVENT
55455,77658,76303,616595,2977,2977, NO_EVENT
55480,76411,76708,174733,1177,-563, NO_EVENT
55505,76915,76565,126352,991,504, NO_EVENT
55530,76810,77093,252013,1375,-105, NO_EVENT
55555,78640,77855,228692,1830,1830, NO_EVENT
55580,78406,78949,326691,1591,-234, NO_EVENT
55605,79989,79620,653349,2496,1583, NO_EVENT
55630,81081,80552,335583,1569,1092, NO_EVENT
55655,81926,81830,54839,900,845, NO_EVENT
55680,82430,82296,21592,447,391, NO_EVENT
55705,82404,82480,17645,389,-26, NO_EVENT
55730,82515,82699,44040,690,111, NO_EVENT
55755,82589,82774,22921,512,74, NO_EVENT
55780,82919,82766,12917,311,210, NO_EVENT
55805,82535,82794,19067,438,-384, NO_EVENT
55830,82526,82784,33950,491,-9, NO_EVENT
55855,82671,82657,19074,404,145, NO_EVENT
55880,82638,82725,21728,472,-48, NO_EVENT
55905,82559,82689,16523,338,-79, NO_EVENT
55930,82532,82665,5858,235,-27, NO_EVENT
55955,82575,82664,24516,431,43, NO_EVENT
55980,83998,82847,70859,1331,1254, NO_EVENT
56005,88932,86383,2796428,4934,4934, NO_EVENT
56030,179095,148616,119259706,101902,84809, TOUCHED
56055,210978,174863,3188241,64611,31883, TOUCHED
56080,219491,218976,8968418,9570,8513, TOUCHED
56105,219000,219682,373158,1299,-491, TOUCHED
56130,220275,220808,686076,2598,1275, TOUCHED
56155,220289,220739,222042,955,14, TOUCHED
56180,220319,220991,420884,1326,30, TOUCHED
56205,219542,220266,500548,1444,-777, TOUCHED
56230,221477,220912,294377,1086,1086, TOUCHED
56255,221300,221415,12301,222,-222, TOUCHED
56280,220891,220877,196,28,28, TOUCHED
56305,220657,220953,201090,907,145, TOUCHED
56330,219734,220696,44659,1082,-923, TOUCHED
56355,219586,220554,770931,1881,-148, TOUCHED
56380,219191,220096,363883,1524,-395, TOUCHED
56405,220300,220524,1299041,2393,1109, TOUCHED
56430,219810,220576,186361,1188,-490, TOUCHED
56455,220693,220586,427351,1397,883, TOUCHED
56480,219746,220583,135264,1035,-947, TOUCHED
56505,220567,220688,589637,1689,821, TOUCHED
56530,221575,220797,118565,1008,1008, TOUCHED
56555,220978,221261,51543,597,-597, TOUCHED
56580,90163,203563,96961392,130815,-130815, UNTOUCHED
56605,82966,86030,6043660,7197,-7197, NO_EVENT
56630,82627,83213,120594,1042,-339, NO_EVENT
56655,82551,82413,43525,570,-76, NO_EVENT
56680,82164,82153,3222,153,-15, NO_EVENT
56705,82051,82224,17447,349,-113, NO_EVENT
56730,82561,82399,19057,510,510, NO_EVENT
56755,83296,83250,150012,1418,735, NO_EVENT
56780,85599,83963,449700,2363,1850, NO_EVENT
56805,91267,89244,4130908,5668,5668, NO_EVENT
56830,219236,201496,169109942,36957,36957, TOUCHED
56855,218773,219437,631253,1598,107, TOUCHED
56880,92483,161261,166586568,126290,-126290, UNTOUCHED
56905,87458,88741,1410162,2946,-2862, NO_EVENT
56930,84834,85403,257163,1402,-1402, NO_EVENT
56955,83800,84147,137531,965,-329, NO_EVENT
56980,84188,84139,35669,564,388, NO_EVENT
57005,84854,84653,90819,921,666, NO_EVENT
57030,86730,86114,465848,2085,1876, NO_EVENT
57055,91761,89015,1629267,5031,5031, NO_EVENT
57080,210334,136429,153797773,118573,118573, TOUCHED
57105,218521,218376,9485684,9933,8187, TOUCHED
57130,218717,219316,371431,1379,196, TOUCHED
57155,154579,213899,135243582,65473,-64138, TOUCHED
57180,88487,100324,66121749,66092,-66092, UNTOUCHED
57205,85640,87196,1067222,2847,-2847, NO_EVENT
57230,83810,84642,371313,1830,-1830, NO_EVENT
57255,83298,83591,45696,566,-512, NO_EVENT
57280,83413,83467,75667,782,115, NO_EVENT
57305,84760,83823,244815,1359,1347, NO_EVENT
57330,86993,85440,761815,2425,2425, NO_EVENT
57355,91129,88642,2532912,4255,4255, NO_EVENT
57380,219690,171287,145601510,128561,128561, TOUCHED
57405,218801,219471,214073,1026,-889, TOUCHED
57430,217156,216848,1017828,2835,-1645, TOUCHED
57455,90532,165662,152068650,129163,-126624, UNTOUCHED
57480,84239,87374,3402863,6293,-6293, NO_EVENT
57505,83293,83835,361167,1630,-946, NO_EVENT
57530,84033,83649,51307,740,740, NO_EVENT
57555,83527,83499,78853,753,-132, NO_EVENT
57580,83542,83429,84376,778,15, NO_EVENT
57605,84710,83638,215978,1530,1168, NO_EVENT
57630,191057,136472,1728108,106347,106347, TOUCHED
57655,219556,219530,624,50,50, TOUCHED
57680,198313,217176,30976234,20702,-20323, TOUCHED
57705,89279,118049,36209122,109034,-109034, UNTOUCHED
57730,85255,86277,646817,2248,-2248, NO_EVENT
57755,83900,83983,66418,709,-435, NO_EVENT
57780,83266,83653,47455,642,-634, NO_EVENT
57805,84988,84124,244282,1722,1722, NO_EVENT
57830,84851,84954,226449,1419,-137, NO_EVENT
57855,87797,86540,530621,2946,2946, NO_EVENT
57880,102549,96056,39406067,14752,14752, TOUCHED
57905,218585,218937,114398,677,-677, TOUCHED
57930,131653,197522,167797776,87088,-87088, TOUCHED
57955,89173,96583,61926086,20681,-20681, UNTOUCHED
57980,84534,86811,1698076,4639,-4639, NO_EVENT
58005,83316,83822,342611,1554,-1218, NO_EVENT
58030,83904,83564,43027,628,420, NO_EVENT
58055,83452,83467,150756,1267,-713, NO_EVENT
58080,83498,83423,116716,1004,46, NO_EVENT
58105,83699,83564,40964,548,201, NO_EVENT
58130,84586,83815,161021,1223,887, NO_EVENT
58155,203756,125062,166363917,117305,117305, TOUCHED
58180,218851,217027,33802853,16232,15095, TOUCHED
58205,90368,145521,99729285,128483,-128483, UNTOUCHED
58230,84314,86669,2710486,4754,-4754, NO_EVENT
58255,83406,83531,72949,694,98, NO_EVENT
58280,82019,82893,137334,1387,-1387, NO_EVENT
58305,81842,82228,54198,639,-177, NO_EVENT
58330,81703,81883,98448,832,-139, NO_EVENT
58355,81441,81645,59964,734,-243, NO_EVENT
58380,82155,81944,53553,740,714, NO_EVENT
58405,111516,85358,60021540,29377,29361, TOUCHED
58430,218424,176307,50050393,108256,106908, TOUCHED
58455,219125,219737,1239966,2364,701, TOUCHED
58480,87478,161044,163568910,131647,-131647, UNTOUCHED
58505,82608,84526,2748167,4870,-4870, NO_EVENT
58530,81479,82311,168743,1341,-1129, NO_EVENT
58555,81738,81642,54038,538,259, NO_EVENT
58580,80351,80637,120319,1044,-309, NO_EVENT
58605,81721,81205,169536,1370,1370, NO_EVENT
58630,82528,82201,57927,807,807, NO_EVENT
58655,85426,83331,533299,3224,3224, NO_EVENT
58680,219082,131783,156183044,133656,133656, TOUCHED
58705,218897,219617,481252,1440,-185, TOUCHED
58730,89995,179492,108492253,129552,-128902, UNTOUCHED
58755,83326,86614,5777180,6669,-6669, NO_EVENT
58780,82782,83286,220631,1102,-544, NO_EVENT
58805,82308,82341,45701,710,-474, NO_EVENT
58830,79755,81288,376279,2553,-2553, NO_EVENT
58855,77978,78921,840439,2470,-1777, NO_EVENT
58880,77139,77443,276066,1576,-839, NO_EVENT
58905,80614,78929,895120,3475,3475, NO_EVENT
58930,83510,81990,815037,2896,2896, NO_EVENT
58955,141173,111875,105455009,57332,57332, TOUCHED
58980,219446,218979,235818,972,972, TOUCHED
59005,151370,204989,31983288,67915,-66430, TOUCHED
59030,87059,97685,165539069,64311,-64311, UNTOUCHED
59055,83335,84354,1656528,3794,-3724, NO_EVENT
59080,82347,82639,138322,988,-988, NO_EVENT
59105,82274,82202,13979,321,177, NO_EVENT
59130,83266,82661,65604,992,992, NO_EVENT
59155,83649,83499,18988,383,383, NO_EVENT
59180,87924,85636,2764417,4275,4275, NO_EVENT
59205,215742,127826,17531519,127818,127818, TOUCHED
59230,218515,216259,1272800,2850,2773, TOUCHED
59255,117937,171409,67134977,100578,-100578, TOUCHED
59280,90311,103953,58366138,27626,-27626, UNTOUCHED
59305,83737,87158,4754257,6574,-6574, NO_EVENT
59330,83179,83428,52679,646,-558, NO_EVENT
59355,82675,82858,72790,725,-504, NO_EVENT
59380,82699,82512,21673,408,24, NO_EVENT
59405,82360,82355,20858,387,263, NO_EVENT
59430,82316,82403,40118,544,-44, NO_EVENT
59455,83304,83063,78113,1008,988, NO_EVENT
59480,85526,83861,749625,2439,2222, NO_EVENT
59505,217428,148522,62354029,130102,130102, TOUCHED
59530,217157,218174,678502,1872,-271, TOUCHED
59555,91049,167526,55233622,126108,-126108, UNTOUCHED
59580,84942,87500,2516669,4765,-4765, NO_EVENT
59605,83347,83668,153402,910,-783, NO_EVENT
59630,83354,83404,212372,1317,7, NO_EVENT
59655,83013,83303,137688,1118,-341, NO_EVENT
59680,83357,83392,38892,629,344, NO_EVENT
59705,83871,83521,47005,676,514, NO_EVENT
59730,86355,85441,1187209,2341,2254, NO_EVENT
59755,218852,105062,140251672,131587,131587, TOUCHED
59780,217881,218907,109201,1248,-971, TOUCHED
59805,207260,217424,14724004,12326,-10621, TOUCHED
59830,96086,115948,141191734,111174,-111174, TOUCHED
59855,88991,90851,2337776,3905,-3905, UNTOUCHED
59880,86760,87726,379653,2231,-2231, NO_EVENT
59905,85770,86030,272934,1420,-990, NO_EVENT
59930,84220,84725,182231,1550,-1550, NO_EVENT
59955,84068,83963,155943,1161,-10, NO_EVENT
59980,83611,83262,101991,881,-98, NO_EVENT
60005,84049,83589,35985,747,438, NO_EVENT
60030,88650,85861,2148476,4601,4601, NO_EVENT
60055,205615,141763,112294135,116965,116965, TOUCHED
60080,215480,216341,6436129,12481,9865, TOUCHED
60105,217062,214928,2716883,3845,3845, TOUCHED
60130,108653,172968,61415609,108409,-108409, TOUCHED
60155,91769,97457,28554435,16884,-16884, UNTOUCHED
60180,85928,88192,1871819,4129,-4129, NO_EVENT
60205,83235,84451,431397,2092,-2005, NO_EVENT
60230,83379,83415,21150,437,144, NO_EVENT
60255,83376,83424,30603,519,-3, NO_EVENT
60280,86743,84932,1465147,3367,3367, NO_EVENT
60305,198824,142189,41091196,112081,112081, TOUCHED
60330,216499,217658,1637466,2567,-2491, TOUCHED
60355,152019,203738,153354966,64856,-64480, TOUCHED
60380,90454,106085,139465709,61565,-61565, UNTOUCHED
60405,84716,87817,3166934,5738,-5738, NO_EVENT
60430,83367,83830,192914,1362,-1349, NO_EVENT
60455,83560,83691,44482,617,193, NO_EVENT
60480,85845,84254,703098,2422,2285, NO_EVENT
60505,172962,119345,72449900,87117,87117, TOUCHED
60530,215606,209627,12226179,42644,42644, TOUCHED
60555,100901,159377,80872259,114705,-114705, TOUCHED
60580,89409,94051,11234898,11492,-11492, UNTOUCHED
60605,86594,88032,1279587,2968,-2815, NO_EVENT
60630,84960,85779,222377,1634,-1634, NO_EVENT
60655,86951,85934,432330,1991,1991, NO_EVENT
60680,89717,88119,971947,2766,2766, NO_EVENT
60705,162595,96880,16655887,72878,72878, TOUCHED
60730,206956,188467,11073114,46703,44361, TOUCHED
60755,208822,210626,10772402,7025,1866, TOUCHED
60780,207920,208652,171165,1000,-902, TOUCHED
60805,102113,133493,23194184,105807,-105807, TOUCHED
60830,91050,94708,8546868,11063,-11063, UNTOUCHED
60855,89351,90210,447906,1715,-1699, NO_EVENT
60880,90579,89739,300926,1509,1228, NO_EVENT
60905,94573,92419,1356704,3625,3625, NO_EVENT
60930,171472,105939,43055938,76899,76899, TOUCHED
60955,209446,194568,12089494,38683,37974, TOUCHED
60980,208184,207327,3387227,4127,-1262, TOUCHED
61005,199614,203270,10072778,8570,-8570, TOUCHED
61030,153782,179115,55091340,45832,-45832, TOUCHED
61055,96215,109359,170770265,57567,-57567, TOUCHED
61080,92103,93051,576458,2306,-2306, UNTOUCHED
61105,91794,91759,89860,803,-309, NO_EVENT
61130,92306,91841,51908,865,512, NO_EVENT
61155,93359,92684,156375,1053,1053, NO_EVENT
61180,95851,94350,729228,2474,2474, NO_EVENT
61205,103182,99283,5877938,7331,7331, TOUCHED
61230,202228,141525,160729989,99046,99046, TOUCHED
61255,190291,199458,32970038,13238,-11937, TOUCHED
61280,209459,203489,40703522,19168,19168, TOUCHED
61305,199765,199708,20198498,14316,-9694, TOUCHED
61330,193597,197810,4394904,6168,-6168, TOUCHED
61355,190115,192118,2025375,3482,-3482, TOUCHED
61380,195197,193967,2460322,5082,5082, TOUCHED
61405,189453,188685,313140,1427,1427, TOUCHED
61430,185887,187594,1784716,3566,-3566, TOUCHED
61455,94821,147754,1782914,91066,-91066, UNTOUCHED
61480,85936,88936,5087735,8885,-8885, NO_EVENT
61505,84257,85130,592220,1852,-1679, NO_EVENT
61530,83581,83723,185857,1256,-676, NO_EVENT
61555,83091,83320,52872,634,-490, NO_EVENT
61580,82440,82738,78666,861,-417, NO_EVENT
61605,81700,82121,115217,967,-740, NO_EVENT
61630,78928,80200,731016,2772,-2772, NO_EVENT
61655,77611,78585,1250088,3066,-1229, NO_EVENT
61680,75043,75631,642874,2743,-2568, NO_EVENT
61705,74258,74459,193058,1143,-785, NO_EVENT
61730,73826,74020,34500,447,-432, NO_EVENT
61755,73833,73924,34344,539,-199, NO_EVENT
61780,74079,73856,24127,417,246, NO_EVENT
61805,73892,73856,23813,452,-187, NO_EVENT
61830,73859,74019,41725,592,-33, NO_EVENT
61855,74313,74067,23938,454,454, NO_EVENT
61880,75409,74675,125939,1096,1096, NO_EVENT
61905,78542,76926,2305524,3922,2923, NO_EVENT
61930,81062,79703,1220322,2846,2520, NO_EVENT
61955,83210,82476,380190,1744,1720, NO_EVENT
61980,89753,85530,4065292,6543,6543, NO_EVENT
62005,151407,107870,89756382,61654,61654, TOUCHED
62030,164733,169360,69754445,26243,13326, TOUCHED
62055,177277,174165,34775296,13545,12544, TOUCHED
62080,185557,187092,16712270,13811,8280, TOUCHED
62105,187858,187544,2411359,3472,2301, TOUCHED
62130,191552,189854,1936979,3694,3694, TOUCHED
62155,188808,193177,7035182,7272,-2744, TOUCHED
62180,187692,186298,5420313,5094,-1116, TOUCHED
62205,183303,186899,9394256,6796,-4389, TOUCHED
62230,102395,136882,87194466,73548,-73548, TOUCHED
62255,94211,96966,3032314,5304,-5304, UNTOUCHED
62280,92191,93120,416162,2020,-2020, NO_EVENT
62305,91558,91721,102360,884,-633, NO_EVENT
62330,90861,91035,176143,1278,405, NO_EVENT
62355,91609,91266,34344,748,748, NO_EVENT
62380,92539,91947,163808,1164,930, NO_EVENT
62405,96240,94361,1456885,3701,3701, TOUCHED
62430,153817,122017,161877348,57577,57577, TOUCHED
62455,200614,196759,77680560,46797,46797, TOUCHED
62480,198770,199232,1318968,2470,-1844, TOUCHED
62505,201823,201632,3492947,4437,3053, TOUCHED
62530,211055,207605,10501018,9232,9232, TOUCHED
62555,206616,207916,2253307,4439,-4439, TOUCHED
62580,138910,196282,119664730,71140,-67706, TOUCHED
62605,93271,101732,132021978,45639,-45639, UNTOUCHED
62630,89692,90740,1827915,3659,-3579, NO_EVENT
62655,86509,87570,911780,2436,-2392, NO_EVENT
62680,84467,85544,376894,1862,-1862, NO_EVENT
62705,83742,84296,232206,1382,-725, NO_EVENT
62730,83251,83553,34038,520,-491, NO_EVENT
62755,83414,83359,72443,763,163, NO_EVENT
62780,83577,83478,26856,472,163, NO_EVENT
62805,83232,83385,23723,423,-241, NO_EVENT
62830,83152,83299,73751,726,-80, NO_EVENT
62855,83076,83381,141302,1126,-76, NO_EVENT
62880,83320,83224,27200,486,244, NO_EVENT
62905,82360,82558,50871,960,-960, NO_EVENT
62930,80917,81894,128765,1317,-1317, NO_EVENT
62955,78983,79995,863430,2207,-1934, NO_EVENT
62980,75506,77267,1697044,3702,-3477, NO_EVENT
63005,74092,74465,392478,1725,-1414, NO_EVENT
63030,73652,73923,37701,477,-440, NO_EVENT
63055,73747,73760,25984,502,95, NO_EVENT
63080,73726,73811,17866,391,-323, NO_EVENT
63105,73770,73691,5356,202,8, NO_EVENT
63130,73543,73669,20540,451,-227, NO_EVENT
63155,73697,73676,9963,318,154, NO_EVENT
63180,73403,73646,24742,539,-294, NO_EVENT
63205,73654,73642,29661,581,251, NO_EVENT
63230,73670,73641,21195,450,16, NO_EVENT
63255,73779,73731,44263,638,138, NO_EVENT
63280,73661,73576,3953,163,159, NO_EVENT
63305,73551,73700,7153,280,-110, NO_EVENT
63330,73620,73727,11440,357,69, NO_EVENT
63355,73808,73772,25921,472,188, NO_EVENT
63380,73530,73811,18164,480,-278, NO_EVENT
63405,74186,73830,55886,656,656, NO_EVENT
63430,78384,76359,3213853,5227,4224, NO_EVENT
63455,82278,81081,1269522,3894,3894, NO_EVENT
63480,84456,83418,315748,1685,1685, NO_EVENT
63505,137329,93494,1912747,51403,51403, TOUCHED
63530,211216,180821,58778297,73887,73887, TOUCHED
63555,207199,210233,2328851,4017,-4017, TOUCHED
63580,215143,210430,8360473,7944,7944, TOUCHED
63605,212196,213155,1101691,2947,-2947, TOUCHED
63630,212350,213392,1289226,2377,154, TOUCHED
63655,109369,179853,8625176,102981,-102981, TOUCHED
63680,90327,95945,21059162,12709,-12709, UNTOUCHED
63705,85823,87777,1850299,4504,-4504, NO_EVENT
63730,83536,84006,631728,2729,-2287, NO_EVENT
63755,82681,83196,70677,767,-767, NO_EVENT
63780,81519,82149,115342,1057,-839, NO_EVENT
63805,80681,80959,569410,2075,-838, NO_EVENT
63830,77615,78805,603494,3066,-3066, NO_EVENT
63855,77807,78034,1063252,2841,192, NO_EVENT
63880,76830,77287,263593,1546,32, NO_EVENT
63905,76937,77537,605486,1933,107, NO_EVENT
63930,78696,78299,268563,1454,555, NO_EVENT
63955,82272,81302,753877,3576,3576, NO_EVENT
63980,214681,126118,157443004,132409,132409, TOUCHED
64005,213313,214680,997217,2279,-1368, TOUCHED
64030,215863,215628,1048433,2912,2550, TOUCHED
64055,213765,215003,1022204,2098,-2098, TOUCHED
64080,215968,216600,1857530,4071,2203, TOUCHED
64105,216684,216458,49061,716,716, TOUCHED
64130,198447,214715,11242132,18237,-18237, TOUCHED
64155,86729,120085,170815385,111718,-111718, UNTOUCHED
64180,83851,83892,321845,1628,-1100, NO_EVENT
64205,82547,82997,78617,857,-857, NO_EVENT
64230,82277,82365,58964,714,-270, NO_EVENT
64255,82422,82462,10572,322,145, NO_EVENT
64280,83572,82896,144235,977,914, NO_EVENT
64305,83563,83394,77241,681,443, NO_EVENT
64330,127982,92849,65850099,44419,44419, TOUCHED
64355,211577,179299,87152246,83595,83595, TOUCHED
64380,213354,213726,1597215,3294,1777, TOUCHED
64405,211239,211978,534557,2115,-2115, TOUCHED
64430,211818,213120,2119046,3388,579, TOUCHED
64455,211250,211437,34272,568,-568, TOUCHED
64480,212183,214775,825711,3454,-1946, TOUCHED
64505,213512,213618,1761144,2769,1329, TOUCHED
64530,214077,213433,110054,950,565, TOUCHED
64555,214310,214707,323359,1216,233, TOUCHED
64580,86483,136616,22066564,127827,-127827, UNTOUCHED
64605,83037,84169,936384,3446,-3446, NO_EVENT
64630,83330,83563,150612,1193,-317, NO_EVENT
64655,82262,82920,75501,1068,-1068, NO_EVENT
64680,82991,82877,106610,1204,729, NO_EVENT
64705,82808,83165,35550,510,-183, NO_EVENT
64730,83863,83497,179166,1204,511, NO_EVENT
64755,86560,84366,849128,3366,3366, NO_EVENT
64780,91803,89005,3647316,5243,5243, NO_EVENT
64805,217294,141000,130960503,122539,122539, TOUCHED
64830,217106,214957,5488312,4774,-188, TOUCHED
64855,217016,216870,38921,438,-90, TOUCHED
64880,215966,216196,168193,1050,-1050, TOUCHED
64905,215633,215867,31233,378,-333, TOUCHED
64930,214925,215020,51260,708,-708, TOUCHED
64955,216878,216953,402460,2398,1953, TOUCHED
64980,110726,195007,60225254,106530,-106152, TOUCHED
65005,89661,91945,4412309,5468,-5468, UNTOUCHED
65030,85904,86874,863642,3757,-3757, NO_EVENT
65055,84568,84920,114343,1398,-1336, NO_EVENT
65080,83274,83739,29852,703,-526, NO_EVENT
65105,83939,83579,45824,665,665, NO_EVENT
65130,83848,83744,145672,1112,-91, NO_EVENT
65155,84606,83951,72057,941,758, NO_EVENT
65180,86164,85175,438186,1737,1558, NO_EVENT
65205,122434,90690,88615478,36270,36270, TOUCHED
65230,217394,179539,112443894,95209,94960, TOUCHED
65255,216873,217506,83824,886,-521, TOUCHED
65280,216012,215728,919899,2097,-861, TOUCHED
65305,214967,214884,705082,1914,-1045, TOUCHED
65330,216742,215132,870333,2318,1775, TOUCHED
65355,160225,193867,67407932,56517,-56517, TOUCHED
65380,216329,212607,67386712,57701,56104, TOUCHED
65405,217111,216111,978359,2017,782, TOUCHED
65430,202705,215687,11320624,15639,-11407, TOUCHED
65455,89851,108870,133414176,112854,-112854, UNTOUCHED
65480,87107,87928,420256,1751,-1751, NO_EVENT
65505,84599,85599,478923,1873,-1501, NO_EVENT
65530,83539,84044,215599,1174,-1060, NO_EVENT
65555,83644,83566,53353,768,105, NO_EVENT
65580,83616,83535,35083,570,-28, NO_EVENT
65605,85304,84216,284180,1688,1688, NO_EVENT
65630,86017,85416,315889,1419,1025, NO_EVENT
65655,91442,88358,2822971,5396,5396, NO_EVENT
65680,217932,172969,71110007,126490,126490, TOUCHED
65705,215571,216349,825082,2361,-2361, TOUCHED
65730,214318,213566,1840434,3340,-1253, TOUCHED
65755,210151,211211,2005826,4167,-4167, TOUCHED
65780,216123,215216,2414384,5972,5972, TOUCHED
65805,212751,213807,1108967,3372,-3372, TOUCHED
65830,214228,215098,331572,1466,-348, TOUCHED
65855,148745,200886,164382092,65483,-65483, TOUCHED
65880,89937,98821,47520500,19363,-19363, UNTOUCHED
65905,84873,87367,2700359,5064,-5064, NO_EVENT
65930,84218,83708,281955,1767,-655, NO_EVENT
65955,83044,83200,76508,1298,-1174, NO_EVENT
65980,82579,82613,9775,288,57, NO_EVENT
66005,82477,82560,25796,485,-102, NO_EVENT
66030,83366,82780,107864,889,889, NO_EVENT
66055,83423,83170,175650,1140,57, NO_EVENT
66080,83206,83495,95742,864,-36, NO_EVENT
66105,88244,84828,1733326,5038,5038, NO_EVENT
66130,217910,151459,28836127,129666,129666, TOUCHED
66155,217245,217007,412166,1479,-665, TOUCHED
66180,216494,216284,481437,1626,-751, TOUCHED
66205,216028,216252,28152,466,-466, TOUCHED
66230,215044,216248,858049,2099,-984, TOUCHED
66255,215709,216577,1295364,2695,665, TOUCHED
66280,100037,168964,35045842,115672,-115672, TOUCHED
66305,91181,94554,10002612,8856,-8856, UNTOUCHED
66330,87182,88792,1215697,3073,-2543, NO_EVENT
66355,85858,85850,314077,1536,-516, NO_EVENT
66380,83980,84774,159625,1256,-1256, NO_EVENT
66405,84798,84451,85487,818,818, NO_EVENT
66430,86355,85617,275428,1573,1557, NO_EVENT
66455,89562,87779,641180,3207,3207, NO_EVENT
66480,107139,97495,62678872,17577,17577, TOUCHED
66505,213857,206207,167032622,108568,106718, TOUCHED
66530,215871,215100,560680,2014,2014, TOUCHED
66555,212949,213918,2710107,3336,658, TOUCHED
66580,214923,214334,1532218,2558,1974, TOUCHED
66605,215064,216470,2488662,3189,141, TOUCHED
66630,215886,214961,211867,1310,822, TOUCHED
66655,202405,212260,30817299,13481,-13481, TOUCHED
66680,95114,100181,16736276,11599,-11599, UNTOUCHED
66705,90344,92886,1602217,4770,-4770, NO_EVENT
66730,89312,89737,114211,1032,-1032, NO_EVENT
66755,87189,87641,480816,1997,-692, NO_EVENT
66780,85894,86316,183211,1224,-1224, NO_EVENT
66805,85621,85724,163756,1320,43, NO_EVENT
66830,85014,85531,89162,939,-607, NO_EVENT
66855,87244,86356,435917,2230,2230, NO_EVENT
66880,90155,88492,1139606,2911,2911, NO_EVENT
66905,214468,160411,141906851,110901,110901, TOUCHED
66930,215667,215118,283900,1199,1199, TOUCHED
66955,216135,215096,577654,1813,468, TOUCHED
66980,216116,214367,3355825,3674,-19, TOUCHED
67005,216385,215871,156630,913,269, TOUCHED
67030,217009,215413,1902395,3012,624, TOUCHED
67055,215375,215675,568012,1825,-1634, TOUCHED
67080,91127,104147,21310014,46874,-46874, UNTOUCHED
67105,88367,89256,658631,2892,-2760, NO_EVENT
67130,86130,86953,451566,2237,-2237, NO_EVENT
67155,86356,86141,12570,347,226, NO_EVENT
67180,86782,86421,164886,998,426, NO_EVENT
67205,91664,88919,1994711,4882,4882, NO_EVENT
67230,197477,140144,7512282,105813,105813, TOUCHED
67255,213923,213782,11356925,17524,16446, TOUCHED
67280,214988,215174,813114,1839,725, TOUCHED
67305,214058,215322,305199,1781,-930, TOUCHED
67330,214676,212966,1684627,3046,618, TOUCHED
67355,214025,215317,814236,2204,-651, TOUCHED
67380,91134,144463,64489965,122891,-122891, UNTOUCHED
67405,86058,88085,2799727,5076,-5076, NO_EVENT
67430,83494,84548,508748,2564,-2564, NO_EVENT
67455,83302,83486,54881,600,-192, NO_EVENT
67480,83498,83436,146361,949,446, NO_EVENT
67505,83184,83615,117348,1056,-314, NO_EVENT
67530,83366,83362,64645,730,182, NO_EVENT
67555,83350,83508,227746,1281,-16, NO_EVENT
67580,83490,83347,16562,303,140, NO_EVENT
67605,82833,83123,53701,678,-229, NO_EVENT
67630,83590,83081,45136,757,757, NO_EVENT
67655,88695,84141,2084196,5629,5105, NO_EVENT
67680,217178,159130,105169778,128483,128483, TOUCHED
67705,214574,215913,880518,2604,-2604, TOUCHED
67730,215538,214717,272760,1227,964, TOUCHED
67755,213857,214125,502592,1822,-1681, TOUCHED
67780,215416,215662,840366,2592,1559, TOUCHED
67805,214743,215623,611443,1666,-673, TOUCHED
67830,85724,132472,35150652,129019,-129019, UNTOUCHED
67855,83704,84519,806614,2401,-2020, NO_EVENT
67880,83606,83441,21811,460,-98, NO_EVENT
67905,82585,82840,41401,1021,-1021, NO_EVENT
67930,82284,82416,37317,519,28, NO_EVENT
67955,82434,82392,30803,518,150, NO_EVENT
67980,83850,82922,194567,1416,1416, NO_EVENT
68005,141704,87836,123995590,58131,57854, TOUCHED
68030,212117,182558,109469914,73379,70413, TOUCHED
68055,214228,214334,3656684,4093,2111, TOUCHED
68080,216383,214551,639557,2200,2155, TOUCHED
68105,213859,214524,1638540,2821,-2524, TOUCHED
68130,218142,213641,7587528,6878,4283, TOUCHED
68155,214216,215561,2227229,3926,-3926, TOUCHED
68180,96470,151743,75313967,117746,-117746, TOUCHED
68205,88102,91508,6529492,8368,-8368, UNTOUCHED
68230,84107,85936,1122384,3995,-3995, NO_EVENT
68255,83246,83516,130660,925,-861, NO_EVENT
68280,83516,83504,31082,490,270, NO_EVENT
68305,82386,82779,103893,934,-866, NO_EVENT
68330,82655,82367,12459,408,269, NO_EVENT
68355,83254,82858,61943,605,599, NO_EVENT
68380,85625,83992,666031,2371,2371, NO_EVENT
68405,215374,139039,72800231,129749,129749, TOUCHED
68430,216939,215359,537407,2116,1565, TOUCHED
68455,216570,216474,121936,779,-369, TOUCHED
68480,217774,216873,206105,1204,1204, TOUCHED
68505,217488,217132,291551,1193,-286, TOUCHED
68530,85684,113988,38629499,131804,-131804, UNTOUCHED
68555,82941,83890,633048,2743,-2743, NO_EVENT
68580,82421,82603,46902,583,-520, NO_EVENT
68605,81710,82217,11154,568,-523, NO_EVENT
68630,80254,81641,291312,1866,-1456, NO_EVENT
68655,80645,80512,277962,1464,391, NO_EVENT
68680,78229,79251,446648,2190,-1238, NO_EVENT
68705,79811,79022,350713,1582,1582, NO_EVENT
68730,80134,80081,125226,976,197, NO_EVENT
68755,82282,81193,342021,2148,2148, NO_EVENT
68780,86464,84511,2151727,4182,4182, NO_EVENT
68805,316716,206317,8169212,230252,230252, TOUCHED
68830,331892,324607,57485619,15176,15176, TOUCHED
68855,310317,333158,48804756,25976,-21575, TOUCHED
68880,94528,137058,80012980,215789,-215789, UNTOUCHED
68905,86247,89426,6684861,8281,-8281, NO_EVENT
68930,84752,84795,312714,2169,-1495, NO_EVENT
68955,84611,84414,27230,549,-141, NO_EVENT
68980,84582,84565,9664,291,199, NO_EVENT
69005,85306,84792,69301,799,695, NO_EVENT
69030,86493,85719,162528,1187,1187, NO_EVENT
69055,92509,89359,4291220,6016,6016, NO_EVENT
69080,299646,120837,56190811,203089,203089, TOUCHED
69105,326440,309291,165408408,26794,26794, TOUCHED
69130,342212,335903,59701436,15772,15772, TOUCHED
69155,352589,346006,5778682,10377,10377, TOUCHED
69180,363373,355608,23445002,10784,10784, TOUCHED
69205,358716,361137,5413237,4657,-4657, TOUCHED
69230,95131,230934,89599325,263585,-263585, UNTOUCHED
69255,89281,91879,3883070,5850,-5850, NO_EVENT
69280,86266,87392,995565,2975,-2975, NO_EVENT
69305,84974,85141,97990,936,-116, NO_EVENT
69330,84789,84853,59089,551,-224, NO_EVENT
69355,85467,85104,111621,803,678, NO_EVENT
69380,89872,87260,1353222,4405,4405, NO_EVENT
69405,185026,133309,41623789,95154,95154, TOUCHED
69430,351779,291747,50080520,166753,166753, TOUCHED
69455,364121,359379,11457933,12342,12342, TOUCHED
69480,365936,364556,600867,1815,1815, TOUCHED
69505,365494,365741,48137,442,-442, TOUCHED
69530,99207,169651,116977833,266287,-266287, TOUCHED
69555,91758,94517,3226491,7449,-7449, UNTOUCHED
69580,88783,90094,649917,2975,-2975, NO_EVENT
69605,87114,87389,713116,2301,-1669, NO_EVENT
69630,85438,86093,369835,1792,-1676, NO_EVENT
69655,86041,85918,41438,678,603, NO_EVENT
69680,86577,86180,108977,934,536, NO_EVENT
69705,92206,88664,2217354,5629,5629, NO_EVENT
69730,215726,151195,143200041,123520,123520, TOUCHED
69755,217862,218162,2382136,3830,2136, TOUCHED
69780,217750,217843,4291,148,-112, TOUCHED
69805,146789,212291,31151779,72040,-70961, TOUCHED
69830,90486,116587,91581851,56303,-56303, UNTOUCHED
69855,85426,87556,2450437,5060,-5060, NO_EVENT
69880,83261,83733,515036,2359,-2165, NO_EVENT
69905,83117,83319,26570,442,-144, NO_EVENT
69930,83167,83238,54090,626,-3, NO_EVENT
69955,82439,82972,65976,817,-809, NO_EVENT
69980,83057,82757,36596,618,618, NO_EVENT
70005,83202,83111,78288,864,145, NO_EVENT
70030,88275,84877,3213474,5073,5073, NO_EVENT
70055,203381,147864,100659676,115106,115106, TOUCHED
70080,215596,208924,21814675,12215,12215, TOUCHED
70105,213952,214239,1083256,2278,-1644, TOUCHED
70130,202142,208788,19141364,11810,-11810, TOUCHED
70155,96589,119368,129309587,105553,-105553, TOUCHED
70180,86746,89337,4778294,6151,-6151, UNTOUCHED
70205,82835,84167,1042036,2727,-2387, NO_EVENT
70230,83417,83279,189139,1119,582, NO_EVENT
70255,82443,82573,153659,1254,-974, NO_EVENT
70280,81789,82040,71144,654,-654, NO_EVENT
70305,80775,80885,521400,2180,-403, NO_EVENT
70330,79360,79960,200148,1415,-1415, NO_EVENT
70355,81563,80701,512702,2203,2203, NO_EVENT
70380,83080,82145,123055,1368,1368, NO_EVENT
70405,182786,91870,32096966,99706,99706, TOUCHED
70430,218647,203825,123402638,35861,35861, TOUCHED
70455,217168,218229,198993,1479,-1479, TOUCHED
70480,216869,216308,648878,1692,-299, TOUCHED
70505,104266,166872,126439640,112603,-112603, TOUCHED
70530,82370,84756,5422149,6572,-6572, UNTOUCHED
70555,81348,81710,475357,1796,-1022, NO_EVENT
70580,77139,78938,1660708,4209,-4209, NO_EVENT
70605,78974,77683,652057,2362,1583, NO_EVENT
70630,75677,76895,1295244,3519,-3297, NO_EVENT
70655,76342,75942,108132,799,665, NO_EVENT
70680,75570,75872,664710,2078,-929, NO_EVENT
70705,76372,76938,1829329,3744,802, NO_EVENT
70730,77384,77348,830595,2643,1012, NO_EVENT
70755,82060,79376,1830911,4873,4873, NO_EVENT
70780,152755,105144,36053582,70695,70695, TOUCHED
70805,110287,183699,27698342,108877,-42468, TOUCHED
70830,86244,101361,99294948,24043,-24043, UNTOUCHED
70855,83239,84531,1731175,3036,-3005, NO_EVENT
70880,82506,83123,292136,1334,-733, NO_EVENT
70905,82315,82170,68554,723,-191, NO_EVENT
70930,78819,80926,564505,2951,-2951, NO_EVENT
70955,78005,78706,481683,1849,-814, NO_EVENT
70980,76647,77774,469504,2365,-1358, NO_EVENT
71005,77994,77510,437498,1722,1347, NO_EVENT
71030,77419,77878,954904,2931,-1158, NO_EVENT
71055,78393,77219,230195,1805,974, NO_EVENT
71080,80591,79655,1338639,2822,2198, NO_EVENT
71105,84075,82547,938073,3484,3484, NO_EVENT
71130,217793,165904,10158034,133718,133718, TOUCHED
71155,217689,218190,223825,992,-104, TOUCHED
71180,217368,218152,485638,1500,-321, TOUCHED
71205,101464,188430,6535329,117799,-115904, TOUCHED
71230,84851,88763,6928874,7748,-7748, UNTOUCHED
71255,83416,83407,39498,553,-323, NO_EVENT
71280,82023,82469,61595,751,-751, NO_EVENT
71305,81670,81730,95036,843,-353, NO_EVENT
71330,77846,79735,1318381,3824,-3824, NO_EVENT
71355,79388,77646,706898,2939,1542, NO_EVENT
71380,75340,76887,533118,4048,-4048, NO_EVENT
71405,74754,75344,109604,1023,-586, NO_EVENT
71430,74260,74436,138846,1055,-721, NO_EVENT
71455,74134,74085,63449,636,-206, NO_EVENT
71480,73894,74015,68297,811,-240, NO_EVENT
71505,73894,73854,12792,355,0, NO_EVENT
71530,73479,73820,20717,565,-415, NO_EVENT
71555,73644,73759,35878,651,165, NO_EVENT
71580,73757,73743,20916,441,113, NO_EVENT
71605,73788,73811,45500,637,148, NO_EVENT
71630,73774,73762,5445,195,-14, NO_EVENT
71655,73692,73784,2968,152,-82, NO_EVENT
71680,73758,73824,23607,485,66, NO_EVENT
71705,73690,73785,10601,349,-68, NO_EVENT
71730,73794,73832,13341,318,104, NO_EVENT
71755,73776,73771,31564,518,124, NO_EVENT
71780,73802,73801,16897,409,-73, NO_EVENT
71805,73732,73750,20938,486,-70, NO_EVENT
71830,73629,73725,13241,355,-103, NO_EVENT
71855,73484,73663,22682,452,-145, NO_EVENT
71880,73625,73658,14220,345,141, NO_EVENT
71905,73727,73680,26163,493,102, NO_EVENT
71930,73615,73669,7395,257,22, NO_EVENT
71955,73587,73613,19077,477,-81, NO_EVENT
71980,73583,73653,9629,276,-4, NO_EVENT
72005,73567,73636,20171,454,-16, NO_EVENT
72030,73600,73630,18003,456,33, NO_EVENT
72055,73488,73672,18070,481,-112, NO_EVENT
72080,73541,73650,12475,305,53, NO_EVENT
72105,73523,73597,22266,416,-34, NO_EVENT
72130,73528,73648,38060,577,-165, NO_EVENT
72155,73560,73635,9506,306,32, NO_EVENT
72180,73773,73662,12233,307,213, NO_EVENT
72205,73549,73616,15218,390,-224, NO_EVENT
72230,73568,73639,7533,231,19, NO_EVENT
72255,73628,73679,8417,273,60, NO_EVENT
72280,73635,73622,27923,552,46, NO_EVENT
72305,73584,73623,22795,449,-18, NO_EVENT
72330,73766,73628,31382,497,182, NO_EVENT
72355,73674,73670,5051,227,-92, NO_EVENT
72380,73675,73662,7341,281,1, NO_EVENT
72405,73617,73680,5777,231,-58, NO_EVENT
72430,73631,73644,9191,301,14, NO_EVENT
72455,73558,73646,22615,447,-139, NO_EVENT
72480,73600,73615,29690,555,-14, NO_EVENT
72505,73599,73596,2717,147,44, NO_EVENT
72530,73700,73584,24564,459,101, NO_EVENT
72555,73673,73659,18029,397,-27, NO_EVENT
72580,73607,73669,9287,318,-66, NO_EVENT
72605,73703,73661,16007,379,96, NO_EVENT
72630,73654,73637,32505,595,-49, NO_EVENT
72655,73562,73639,37528,549,194, NO_EVENT
72680,73671,73557,9733,269,211, NO_EVENT
72705,73619,73571,21323,440,-52, NO_EVENT
72730,73592,73605,18781,440,-27, NO_EVENT
72755,73512,73646,5192,233,-80, NO_EVENT
72780,73413,73609,20090,453,-99, NO_EVENT
72805,73645,73630,32075,570,232, NO_EVENT
72830,73645,73640,9147,318,126, NO_EVENT
72855,73647,73619,17613,419,69, NO_EVENT
72880,73586,73667,1764,157,-61, NO_EVENT
72905,73703,73656,5828,250,117, NO_EVENT
72930,73631,73605,23344,432,-72, NO_EVENT
72955,73593,73643,8042,273,-38, NO_EVENT
72980,73614,73597,6041,242,21, NO_EVENT
73005,73635,73679,4761,205,7, NO_EVENT
73030,73562,73647,13752,336,-3, NO_EVENT
73055,73758,73604,5981,229,196, NO_EVENT
73080,73681,73746,14990,389,-77, NO_EVENT
73105,73717,73669,6576,271,36, NO_EVENT
73130,73638,73595,8075,287,-79, NO_EVENT
73155,73656,73698,5989,202,18, NO_EVENT
73180,73585,73594,20948,453,-28, NO_EVENT
73205,73579,73633,15823,390,-66, NO_EVENT
73230,73722,73593,3632,193,143, NO_EVENT
73255,73628,73633,7234,261,-94, NO_EVENT
73280,73574,73646,14743,417,-54, NO_EVENT
73305,73592,73628,12635,341,18, NO_EVENT
73330,73567,73653,16759,384,-25, NO_EVENT
73355,73603,73552,18860,453,242, NO_EVENT
73380,73510,73569,25472,467,65, NO_EVENT
73405,73596,73578,7170,259,86, NO_EVENT
73430,73610,73595,10606,325,14, NO_EVENT
73455,73610,73577,42480,656,0, NO_EVENT
73480,73523,73636,12399,360,-87, NO_EVENT
73505,73410,73544,23328,488,-113, NO_EVENT
73530,73535,73606,23902,514,125, NO_EVENT
73555,73541,73560,13490,353,39, NO_EVENT
73580,73547,73610,13604,355,-191, NO_EVENT
73605,73618,73595,14134,379,71, NO_EVENT
73630,73591,73600,5519,205,-27, NO_EVENT
73655,73532,73594,5952,221,-59, NO_EVENT
73680,73559,73597,17976,427,27, NO_EVENT
73705,73575,73540,24032,475,16, NO_EVENT
73730,73611,73592,24584,483,192, NO_EVENT
73755,73550,73595,30493,568,199, NO_EVENT
73780,73474,73616,18849,439,-76, NO_EVENT
73805,73499,73615,23315,471,25, NO_EVENT
73830,73530,73532,12270,384,31, NO_EVENT
73855,73622,73559,12627,392,92, NO_EVENT
73880,73622,73594,18150,422,0, NO_EVENT
73905,73613,73656,4768,196,-116, NO_EVENT
73930,73489,73536,20050,406,-141, NO_EVENT
73955,73595,73540,5740,217,106, NO_EVENT
73980,73616,73521,15289,346,21, NO_EVENT
74005,73515,73584,18463,388,-101, NO_EVENT
74030,73633,73609,18592,391,118, NO_EVENT
74055,73407,73592,19705,382,-226, NO_EVENT
74080,73539,73562,15155,386,132, NO_EVENT
74105,73617,73644,19870,392,87, NO_EVENT
74130,73561,73534,6268,232,22, NO_EVENT
74155,73480,73605,7332,269,-81, NO_EVENT
74180,73629,73580,14784,367,149, NO_EVENT
74205,73563,73652,14622,360,-66, NO_EVENT
74230,73463,73600,6106,249,-100, NO_EVENT
74255,73557,73542,8923,286,94, NO_EVENT
74280,73701,73627,16029,351,180, NO_EVENT
74305,73631,73677,69165,789,24, NO_EVENT
74330,73564,73643,8779,251,-67, NO_EVENT
74355,73666,73571,4963,193,102, NO_EVENT
74380,73574,73583,13631,362,-92, NO_EVENT
74405,73507,73613,22639,445,-67, NO_EVENT
74430,73625,73624,18420,419,118, NO_EVENT
74455,73608,73650,17930,383,35, NO_EVENT
74480,73650,73619,15962,396,48, NO_EVENT
74505,73641,73615,17160,421,-9, NO_EVENT
74530,73557,73691,24993,492,-84, NO_EVENT
74555,73560,73638,17198,385,3, NO_EVENT
74580,73614,73588,3410,167,54, NO_EVENT
74605,73637,73597,19889,406,23, NO_EVENT
74630,73563,73639,9444,239,-217, NO_EVENT
74655,73858,73613,28647,419,333, NO_EVENT
74680,73682,73647,12181,325,-176, NO_EVENT
74705,73651,73671,39895,570,-31, NO_EVENT
74730,73575,73625,15307,382,-76, NO_EVENT
74755,73529,73549,26508,548,-46, NO_EVENT
74780,73652,73585,30974,607,123, NO_EVENT
74805,73691,73639,27825,567,41, NO_EVENT
74830,73614,73709,15655,383,-169, NO_EVENT
74855,73740,73614,14511,334,8, NO_EVENT
74880,73682,73666,1491,119,-58, NO_EVENT
74905,73642,73588,42770,637,-40, NO_EVENT
74930,73547,73626,9811,313,-95, NO_EVENT
74955,73806,73611,22848,480,259, NO_EVENT
74980,73649,73727,14114,301,-157, NO_EVENT
75005,73598,73592,26686,465,64, NO_EVENT
75030,73701,73598,3999,210,142, NO_EVENT
75055,73628,73678,8886,288,-73, NO_EVENT
75080,73586,73719,15898,404,-42, NO_EVENT
75105,73744,73694,19558,385,158, NO_EVENT
75130,73604,73659,3130,186,-140, NO_EVENT
75155,73677,73707,45673,645,73, NO_EVENT
75180,73633,73643,14195,355,29, NO_EVENT
75205,73599,73681,6378,231,-81, NO_EVENT
75230,73673,73708,28202,519,74, NO_EVENT
75255,73596,73684,21893,460,-77, NO_EVENT
75280,73745,73728,16091,378,149, NO_EVENT
75305,73540,73733,5348,295,-205, NO_EVENT
75330,73756,73733,16168,359,216, NO_EVENT
75355,73548,73673,26231,434,-10, NO_EVENT
75380,73651,73718,10314,278,-229, NO_EVENT
75405,73790,73721,10423,263,139, NO_EVENT
75430,73755,73687,10942,315,-35, NO_EVENT
75455,73653,73702,21442,483,-102, NO_EVENT
75480,73675,73752,5298,227,22, NO_EVENT
75505,73625,73747,34580,573,-50, NO_EVENT
75530,73833,73782,4469,198,70, NO_EVENT
75555,73838,73827,10037,329,5, NO_EVENT
75580,73798,73764,3914,205,-40, NO_EVENT
75605,73849,73839,51554,701,51, NO_EVENT
75630,73888,73861,10480,349,39, NO_EVENT
75655,74113,73997,22172,415,225, NO_EVENT
75680,74302,74293,46998,612,212, NO_EVENT
75705,75484,75053,129519,922,699, NO_EVENT
75730,78290,76542,703288,2806,2806, NO_EVENT
75755,79974,78674,894655,2577,1684, NO_EVENT
75780,79986,79412,1176957,3458,12, NO_EVENT
75805,82555,81460,543666,2569,2569, NO_EVENT
75830,154969,95701,161496307,72414,72414, TOUCHED
75855,145589,148203,16303876,10933,-9380, TOUCHED
75880,151093,148979,7539567,6725,5504, TOUCHED
75905,146410,149678,9135161,6936,-4683, TOUCHED
75930,154592,150380,11999963,8182,8182, TOUCHED
75955,144175,152452,14446015,12096,-10417, TOUCHED
75980,155415,148326,54493576,16788,11240, TOUCHED
76005,84616,108705,71479514,70799,-70799, UNTOUCHED
76030,83386,83308,109796,833,-343, NO_EVENT
76055,82704,83023,97458,764,-682, NO_EVENT
76080,82883,82670,38339,580,179, NO_EVENT
76105,82719,82758,22472,419,-164, NO_EVENT
76130,83289,82975,15477,505,505, NO_EVENT
76155,82773,83149,88386,844,-516, NO_EVENT
76180,87121,84272,2017091,4348,4348, NO_EVENT
76205,148844,119073,27588423,61723,61723, TOUCHED
76230,134913,143374,88684205,21195,-13931, TOUCHED
76255,152542,147226,58728290,19262,17629, TOUCHED
76280,135389,139375,53638893,16507,1906, TOUCHED
76305,89666,112243,34638079,56345,-56345, UNTOUCHED
76330,84844,87122,2526481,4822,-4822, NO_EVENT
76355,82900,83683,431047,1944,-1944, NO_EVENT
76380,83130,83169,44764,637,230, NO_EVENT
76405,82373,82701,92155,770,-770, NO_EVENT
76430,81904,82148,44255,527,-469, NO_EVENT
76455,81796,81711,144057,1091,-108, NO_EVENT
76480,81907,81689,200319,1368,111, NO_EVENT
76505,132243,90832,155137177,50336,50336, TOUCHED
76530,148760,144354,39686564,16824,16517, TOUCHED
76555,150401,152320,8751843,7363,1641, TOUCHED
76580,158259,155924,22030745,11219,7858, TOUCHED
76605,88878,131716,167521385,69381,-69381, UNTOUCHED
76630,82736,84699,5001042,6142,-6142, NO_EVENT
76655,82064,82172,136616,1191,-672, NO_EVENT
76680,80966,81269,217820,1443,-1098, NO_EVENT
76705,81385,80249,560218,2308,1451, NO_EVENT
76730,80696,80560,299532,1596,-689, NO_EVENT
76755,82128,81378,322021,1432,1432, NO_EVENT
76780,108192,87614,105966992,26248,26248, TOUCHED
76805,151822,137911,168540248,43630,43630, TOUCHED
76830,102600,124877,34681598,49222,-49222, TOUCHED
76855,82956,87038,29218035,19644,-19644, UNTOUCHED
76880,82019,82431,45475,937,-937, NO_EVENT
76905,82214,81970,128933,1007,195, NO_EVENT
76930,81736,81923,37128,535,-478, NO_EVENT
76955,82185,82179,31530,693,449, NO_EVENT
76980,81994,82151,12114,327,-109, NO_EVENT
77005,82363,82206,32415,489,369, NO_EVENT
77030,83031,82463,89546,939,668, NO_EVENT
77055,83451,83275,26437,460,420, NO_EVENT
77080,85230,83856,886439,2364,2343, NO_EVENT
77105,139572,96944,47907195,54342,54342, TOUCHED
77130,146712,141307,29476505,12541,7140, TOUCHED
77155,94096,116958,76650004,52616,-52616, UNTOUCHED
77180,87077,90051,3140186,7019,-7019, NO_EVENT
77205,85343,86150,703579,2206,-1734, NO_EVENT
77230,83399,84018,352067,1944,-1944, NO_EVENT
77255,83178,83408,70773,727,-221, NO_EVENT
77280,82634,82991,178550,1211,-93, NO_EVENT
77305,82324,82409,31680,523,-310, NO_EVENT
77330,81479,82089,86895,885,-845, NO_EVENT
77355,81703,81603,145439,1044,224, NO_EVENT
77380,81609,81552,110078,1067,-94, NO_EVENT
77405,88430,83108,4120810,6821,6821, NO_EVENT
77430,157821,135151,42398028,69391,69391, TOUCHED
77455,145766,151191,60459925,16404,-12055, TOUCHED
77480,108822,137977,149979294,49589,-36944, TOUCHED
77505,81957,83170,2542370,4630,-4135, UNTOUCHED
77530,79753,80246,976695,2802,-2204, NO_EVENT
77555,79634,79406,216514,1365,-119, NO_EVENT
77580,78494,79047,378335,1730,-1451, NO_EVENT
77605,80174,79573,211966,1680,1680, NO_EVENT
77630,80274,80462,320517,1501,-201, NO_EVENT
77655,82257,81631,297805,1983,1983, NO_EVENT
77680,82103,82169,9632,286,-154, NO_EVENT
77705,82556,82510,36084,532,206, NO_EVENT
77730,84054,83120,145526,1498,1498, NO_EVENT
77755,87159,84726,1067084,3410,3105, NO_EVENT
77780,94649,90766,7248316,7490,7490, NO_EVENT
77805,156117,139389,143160375,61468,61468, TOUCHED
77830,92096,114187,100550678,44554,-44554, UNTOUCHED
77855,85888,88520,4370343,6208,-6208, NO_EVENT
77880,84035,83717,1117240,3208,-1853, NO_EVENT
77905,82993,83306,88863,1042,-1042, NO_EVENT
77930,82486,82575,19324,549,-507, NO_EVENT
77955,82393,82463,13456,356,84, NO_EVENT
77980,82637,82457,10938,332,244, NO_EVENT
78005,82872,82742,9861,275,235, NO_EVENT
78030,83015,83112,83843,836,143, NO_EVENT
78055,83715,83364,14206,467,220, NO_EVENT
78080,85573,84628,414461,1858,1858, NO_EVENT
78105,92429,89163,5201887,6856,6856, NO_EVENT
78130,126427,131797,30553044,54995,33998, TOUCHED
78155,129708,138073,68145467,18104,-14263, TOUCHED
78180,110389,133789,31586836,43184,-19319, TOUCHED
78205,102807,113939,28802841,16030,-7582, TOUCHED
78230,90521,93666,10393726,12286,-12286, UNTOUCHED
78255,89419,89294,599473,2455,-1102, NO_EVENT
78280,87404,88164,417219,2015,-2015, NO_EVENT
78305,88043,87729,70223,741,639, NO_EVENT
78330,87745,88183,149652,967,-298, NO_EVENT
78355,88495,88126,85822,750,750, NO_EVENT
78380,89568,89075,164896,1152,685, NO_EVENT
78405,93120,91084,1114919,3226,3226, NO_EVENT
78430,102893,97595,12410913,9773,9773, TOUCHED
78455,148878,137612,44758095,47149,45985, TOUCHED
78480,148176,136358,104436396,24065,22581, TOUCHED
78505,97459,116041,110532057,50717,-50717, TOUCHED
78530,86344,91141,9176946,11115,-11115, UNTOUCHED
78555,83299,84325,1233306,3212,-3045, NO_EVENT
78580,82626,82922,100952,800,-673, NO_EVENT
78605,82168,82253,13198,504,-458, NO_EVENT
78630,81344,82195,62944,1075,-991, NO_EVENT
78655,82020,81781,100654,810,676, NO_EVENT
78680,81921,81712,138755,1048,-99, NO_EVENT
78705,82282,82040,119686,995,792, NO_EVENT
78730,82550,82271,32778,589,268, NO_EVENT
78755,87635,83851,2229794,5085,5085, NO_EVENT
78780,124928,113849,87247353,48990,37293, TOUCHED
78805,129900,134365,52194961,16959,-12259, TOUCHED
78830,133207,134568,8217479,7924,3307, TOUCHED
78855,143366,137070,28252167,12811,10159, TOUCHED
78880,145716,133351,73309944,19351,2350, TOUCHED
78905,89859,123967,57834567,55857,-55857, UNTOUCHED
78930,84454,87506,2473042,5405,-5405, NO_EVENT
78955,82995,83458,321732,1466,-1459, NO_EVENT
78980,83669,83334,94046,815,674, NO_EVENT
79005,82751,82944,80913,1021,-918, NO_EVENT
79030,82976,82605,9362,489,343, NO_EVENT
79055,82989,82957,8299,258,13, NO_EVENT
79080,86224,83779,688811,3235,3235, NO_EVENT
79105,144634,126851,2322014,60961,58410, TOUCHED
79130,138379,142877,6531185,6940,-6255, TOUCHED
79155,90358,132395,35124321,63204,-48021, UNTOUCHED
79180,83462,85270,7019689,7334,-6896, NO_EVENT
79205,82342,82487,170161,1338,-1120, NO_EVENT
79230,81818,82058,21226,444,-444, NO_EVENT
79255,82396,81980,37959,660,578, NO_EVENT
79280,82316,81960,73269,779,-80, NO_EVENT
79305,82251,82265,8288,277,-65, NO_EVENT
79330,83282,82716,38037,876,876, NO_EVENT
79355,83210,83329,68600,780,-72, NO_EVENT
79380,84979,83850,400025,1795,1769, NO_EVENT
79405,92685,88241,5154954,7706,7706, NO_EVENT
79430,134831,127685,135470133,45075,42146, TOUCHED
79455,150764,138989,61942340,20733,15933, TOUCHED
79480,91355,104386,60162357,59409,-59409, UNTOUCHED
79505,88814,89506,515601,2541,-2541, NO_EVENT
79530,86064,87309,598706,2750,-2750, NO_EVENT
79555,85019,85321,521675,1998,-1045, NO_EVENT
79580,83308,83858,334426,1711,-1711, NO_EVENT
79605,83159,83279,24654,444,-149, NO_EVENT
79630,83325,83224,27084,396,166, NO_EVENT
79655,82864,83329,159768,1143,-1018, NO_EVENT
79680,82731,82866,28303,498,-133, NO_EVENT
79705,82996,82861,31391,501,265, NO_EVENT
79730,83452,83171,38839,626,456, NO_EVENT
79755,88567,85303,3443062,5121,5121, NO_EVENT
79780,118641,123813,110123875,59428,30074, TOUCHED
79805,92990,107114,80343458,25651,-25651, UNTOUCHED
79830,83862,86662,7513463,9128,-9128, NO_EVENT
79855,82246,83047,369763,1805,-1616, NO_EVENT
79880,80920,82032,99604,1506,-1150, NO_EVENT
79905,81382,81152,195377,1248,462, NO_EVENT
79930,80511,80450,262233,1849,-871, NO_EVENT
79955,81170,80376,427627,1776,1659, NO_EVENT
79980,81060,80730,428731,1746,-110, NO_EVENT
80005,82156,81625,205679,1243,1096, NO_EVENT
80030,83188,82502,75355,949,949, NO_EVENT
80055,108233,85691,24073208,25045,25045, TOUCHED
80080,143949,130906,14939646,47898,35716, TOUCHED
80105,136299,136569,18680740,11350,-7650, TOUCHED
80130,132641,137043,11075443,9133,-3658, TOUCHED
80155,149762,139365,119356689,24451,17121, TOUCHED
80180,88927,108684,119249722,60835,-60835, UNTOUCHED
80205,83332,85340,4134888,6052,-5595, NO_EVENT
80230,83284,83333,42986,612,-48, NO_EVENT
80255,82520,82783,78442,765,-764, NO_EVENT
80280,83390,82791,55148,1053,1053, NO_EVENT
80305,83069,83274,107214,913,-321, NO_EVENT
80330,83388,83292,130566,1154,319, NO_EVENT
80355,89967,86574,3604031,6579,6579, NO_EVENT
80380,132936,131168,161390073,51405,42969, TOUCHED
80405,145841,138428,67769142,17912,12905, TOUCHED
80430,145011,132416,64100568,19175,19175, TOUCHED
80455,133096,136877,36371232,15359,-11915, TOUCHED
80480,128854,133285,10003104,8758,-4242, TOUCHED
80505,94544,115832,96397805,54115,-34310, UNTOUCHED
80530,88959,90392,2141188,3755,-3755, NO_EVENT
80555,87081,87663,580994,2006,-1878, NO_EVENT
80580,85858,86300,99443,1223,-1223, NO_EVENT
80605,85787,85783,93800,866,-71, NO_EVENT
80630,90012,87858,1541924,3651,3651, NO_EVENT
80655,160306,128575,6504461,70294,70294, TOUCHED
80680,139205,133568,49425736,17772,7146, TOUCHED
80705,134518,135197,22121414,10663,-4687, TOUCHED
80730,128453,134753,23353866,13207,-6065, TOUCHED
80755,99647,127964,103157864,49902,-28806, TOUCHED
80780,88098,91733,9024412,11549,-11549, UNTOUCHED
80805,85507,86827,814590,2591,-2591, NO_EVENT
80830,83533,83827,604784,2321,-1974, NO_EVENT
80855,83151,83483,63792,634,-382, NO_EVENT
80880,82361,82791,80592,790,-790, NO_EVENT
80905,82403,82361,25993,505,-146, NO_EVENT
80930,82471,82310,18443,417,68, NO_EVENT
80955,83342,82933,274695,1400,871, NO_EVENT
80980,155075,106521,150276808,72201,72201, TOUCHED
81005,146249,146753,24141640,14323,-8826, TOUCHED
81030,127678,136521,74965751,19628,-18571, TOUCHED
81055,127446,138648,101915345,20966,-232, TOUCHED
81080,135493,137097,88204583,23844,8047, TOUCHED
81105,85043,98715,123125884,50450,-50450, UNTOUCHED
81130,83232,83635,418621,1898,-1811, NO_EVENT
81155,82575,82669,75314,834,-657, NO_EVENT
81180,82115,82278,21075,497,-460, NO_EVENT
81205,82295,82369,24403,391,53, NO_EVENT
81230,83634,82612,135611,1345,1339, NO_EVENT
81255,83987,83642,57790,843,353, NO_EVENT
81280,90622,86866,4925344,6635,6635, NO_EVENT
81305,144971,121577,147901854,54349,54349, TOUCHED
81330,140623,130289,81976973,20537,17345, TOUCHED
81355,133154,134061,15613167,10538,-7469, TOUCHED
81380,125128,131975,31215913,14719,-8026, TOUCHED
81405,129633,136800,86385783,20512,4505, TOUCHED
81430,100900,130798,129016317,53047,-28733, TOUCHED
81455,88488,91870,8023035,12412,-12412, UNTOUCHED
81480,84070,85389,2218223,4425,-4418, NO_EVENT
81505,83387,83499,75589,980,-683, NO_EVENT
81530,83587,83364,115859,906,331, NO_EVENT
81555,83262,83500,111107,1009,-325, NO_EVENT
81580,83446,83445,23982,440,184, NO_EVENT
81605,87213,84995,1088545,3767,3767, NO_EVENT
81630,151593,111758,19908933,64380,64380, TOUCHED
81655,130578,139414,68648931,21015,-21015, TOUCHED
81680,129584,133650,10377734,8092,-994, TOUCHED
81705,149848,138259,124135502,25322,20264, TOUCHED
81730,95359,114127,14177524,32387,-32387, UNTOUCHED
81755,89840,92189,4124538,5519,-5519, NO_EVENT
81780,87055,88359,853675,2435,-2435, NO_EVENT
81805,85104,85578,267944,1430,-531, NO_EVENT
81830,84278,84616,45918,626,-240, NO_EVENT
81855,85074,84246,45679,1149,1149, NO_EVENT
81880,87502,85763,778837,2665,2428, NO_EVENT
81905,93815,90130,5038997,6313,6313, NO_EVENT
81930,124763,133627,75566912,58526,30948, TOUCHED
81955,127992,139060,92807910,23111,3229, TOUCHED
81980,142304,135085,43968786,15365,14312, TOUCHED
82005,141938,141566,7249845,6639,-366, TOUCHED
82030,92324,108508,119182192,49614,-49614, UNTOUCHED
82055,85903,88364,2308212,4104,-4104, NO_EVENT
82080,83632,84113,605384,2071,-1654, NO_EVENT
82105,83131,83469,228960,1399,-501, NO_EVENT
82130,83735,83217,134385,975,604, NO_EVENT
82155,83263,83448,84121,704,-472, NO_EVENT
82180,86584,84281,2011735,3649,3321, NO_EVENT
82205,149808,108552,16411349,62698,62698, TOUCHED
82230,123962,135711,101844699,25846,-25846, TOUCHED
82255,129365,139000,91876121,24174,5403, TOUCHED
82280,150279,138969,67379252,20914,20914, TOUCHED
82305,89596,110885,143756051,60683,-60683, UNTOUCHED
82330,82988,84812,3227575,6608,-6608, NO_EVENT
82355,82244,82813,275969,1572,-1524, NO_EVENT
82380,81072,81934,172526,1222,-1172, NO_EVENT
82405,81004,81070,221104,1558,-68, NO_EVENT
82430,80977,81185,320747,1706,-27, NO_EVENT
82455,82365,81577,129327,1388,1388, NO_EVENT
82480,82632,82323,21421,488,267, NO_EVENT
82505,83128,83210,108718,1092,496, NO_EVENT
82530,125034,105066,53171205,39760,39760, TOUCHED
82555,141518,137394,118333166,26364,16484, TOUCHED
82580,128044,136911,107774775,25154,-5068, TOUCHED
82605,133561,147078,146608069,26944,-21247, TOUCHED
82630,89508,109206,84064496,44053,-44053, UNTOUCHED
82655,83430,85368,4277124,6372,-6078, NO_EVENT
82680,82425,82972,201140,1161,-1005, NO_EVENT
82705,82397,82366,15406,279,-61, NO_EVENT
82730,82529,82434,18099,429,132, NO_EVENT
82755,83230,83150,95550,1142,701, NO_EVENT
82780,124846,101246,53144780,41616,41616, TOUCHED
82805,139708,136106,109502815,24959,14862, TOUCHED
82830,139222,132372,57931156,18819,15479, TOUCHED
82855,138480,136829,5567322,5732,-742, TOUCHED
82880,136873,139386,3885515,5219,-1607, TOUCHED
82905,150933,142606,47457809,16522,14060, TOUCHED
82930,134965,140665,86969891,20691,-15968, TOUCHED
82955,153578,146451,89530429,21049,18613, TOUCHED
82980,136731,142902,45932011,16847,-16847, TOUCHED
83005,153608,149564,47008251,18928,16877, TOUCHED
83030,140354,144694,46624407,14929,642, TOUCHED
83055,137703,141943,38585084,15302,-11628, TOUCHED
83080,88992,109232,24197354,48711,-48711, UNTOUCHED
83105,82912,84763,2671933,6080,-6080, NO_EVENT
83130,79768,82013,430533,2968,-2408, NO_EVENT
83155,78250,78466,1040032,2858,-1518, NO_EVENT
83180,74686,77046,2487442,4062,-3564, NO_EVENT
83205,73920,74401,244102,1511,-766, NO_EVENT
83230,73766,73869,15794,327,-154, NO_EVENT
83255,73828,73820,7781,286,77, NO_EVENT
83280,73789,73751,29485,515,-68, NO_EVENT
83305,73708,73673,22866,515,-81, NO_EVENT
83330,73635,73689,7294,217,-73, NO_EVENT
83355,73649,73708,19912,430,14, NO_EVENT
83380,73733,73714,26433,446,84, NO_EVENT
83405,73531,73693,14204,365,-202, NO_EVENT
83430,73641,73698,21568,416,6, NO_EVENT
83455,73619,73665,16944,388,32, NO_EVENT
83480,73617,73643,13330,385,-2, NO_EVENT
83505,73568,73611,17566,433,-49, NO_EVENT
83530,73589,73586,5500,214,21, NO_EVENT
83555,73636,73643,3015,170,47, NO_EVENT
83580,73518,73594,9234,254,-118, NO_EVENT
83605,73605,73615,5510,235,-41, NO_EVENT
83630,73619,73674,23328,483,93, NO_EVENT
83655,73603,73700,14406,378,-16, NO_EVENT
83680,73616,73650,5758,223,13, NO_EVENT
83705,73667,73660,11847,364,51, NO_EVENT
83730,73648,73710,3553,190,-19, NO_EVENT
83755,73392,73662,50744,679,-256, NO_EVENT
83780,73575,73644,6611,237,-137, NO_EVENT
83805,73637,73634,8182,298,134, NO_EVENT
83830,73644,73682,27119,503,7, NO_EVENT
83855,73534,73672,9413,294,-110, NO_EVENT
83880,73573,73623,6610,229,39, NO_EVENT
83905,73578,73609,11676,343,5, NO_EVENT
83930,73578,73605,4713,202,0, NO_EVENT
83955,73692,73667,19778,451,186, NO_EVENT
83980,73681,73648,16091,352,-85, NO_EVENT
84005,73615,73641,7767,279,-66, NO_EVENT
84030,73625,73636,683,74,10, NO_EVENT
84055,73675,73647,14749,350,50, NO_EVENT
84080,73648,73600,23388,490,-27, NO_EVENT
84105,73582,73662,6013,211,-66, NO_EVENT
84130,73680,73679,5484,236,98, NO_EVENT
84155,73648,73601,18435,394,128, NO_EVENT
84180,73595,73619,443,54,-38, NO_EVENT
84205,73564,73593,8256,302,-31, NO_EVENT
84230,73659,73645,5010,208,95, NO_EVENT
84255,73629,73622,6117,223,-30, NO_EVENT
84280,73680,73658,12869,317,51, NO_EVENT
84305,73511,73603,4928,206,-169, NO_EVENT
84330,73606,73595,14091,394,43, NO_EVENT
84355,73630,73572,2208,148,31, NO_EVENT
84380,73631,73612,5942,216,1, NO_EVENT
84405,73614,73644,13203,382,-17, NO_EVENT
84430,73554,73588,4671,194,-60, NO_EVENT
84455,73679,73626,5958,237,125, NO_EVENT
84480,73595,73659,5911,246,-84, NO_EVENT
84505,73638,73644,4541,210,-2, NO_EVENT
84530,73583,73564,11104,302,-6, NO_EVENT
84555,73606,73584,8101,300,23, NO_EVENT
84580,73679,73726,36477,577,73, NO_EVENT
84605,73629,73662,19238,417,-50, NO_EVENT
84630,73626,73650,8886,321,-3, NO_EVENT
84655,73567,73672,23396,465,-59, NO_EVENT
84680,73673,73645,10106,330,112, NO_EVENT
84705,73659,73693,11658,329,56, NO_EVENT
84730,73625,73670,20289,425,-34, NO_EVENT
84755,73635,73642,2690,165,10, NO_EVENT
84780,73638,73625,2037,138,3, NO_EVENT
84805,73688,73625,8482,281,50, NO_EVENT
84830,73646,73640,1535,121,-42, NO_EVENT
84855,73618,73640,9128,277,-63, NO_EVENT
84880,73671,73668,10780,311,41, NO_EVENT
84905,73572,73659,10114,290,-99, NO_EVENT
84930,73732,73674,9768,263,160, NO_EVENT
84955,73627,73648,2095,152,-105, NO_EVENT
84980,73666,73640,28199,532,39, NO_EVENT
85005,73567,73643,10061,292,-99, NO_EVENT
85030,73636,73645,9924,300,63, NO_EVENT
85055,73587,73656,12285,339,-172, NO_EVENT
85080,73599,73648,25254,475,12, NO_EVENT
85105,73667,73658,6051,241,68, NO_EVENT
85130,73591,73652,7166,250,-76, NO_EVENT
85155,73636,73664,11308,316,45, NO_EVENT
85180,73453,73665,18193,420,-183, NO_EVENT
85205,73740,73655,8488,250,146, NO_EVENT
85230,73601,73664,13083,365,-88, NO_EVENT
85255,73660,73616,10234,320,59, NO_EVENT
85280,73694,73656,8637,258,34, NO_EVENT
85305,73591,73592,3510,188,-103, NO_EVENT
85330,73586,73634,5119,186,-5, NO_EVENT
85355,73485,73637,12992,306,-101, NO_EVENT
85380,73864,73686,16120,297,284, NO_EVENT
85405,73601,73681,11095,301,-78, NO_EVENT
85430,73615,73698,9312,233,14, NO_EVENT
85455,73751,73676,8337,283,136, NO_EVENT
85480,73655,73627,16223,372,-96, NO_EVENT
85505,73621,73628,8089,273,-34, NO_EVENT
85530,73626,73643,10700,332,5, NO_EVENT
85555,73712,73733,15928,369,19, NO_EVENT
85580,73703,73653,16832,366,85, NO_EVENT
85605,73659,73589,4521,223,-44, NO_EVENT
85630,73690,73662,17704,401,31, NO_EVENT
85655,73598,73618,9198,316,-92, NO_EVENT
85680,73704,73715,28953,521,106, NO_EVENT
85705,73574,73625,6948,242,-130, NO_EVENT
85730,73693,73706,45589,602,-204, NO_EVENT
85755,73597,73642,19711,444,23, NO_EVENT
85780,73716,73666,2791,163,119, NO_EVENT
85805,73641,73794,30516,486,-75, NO_EVENT
85830,73595,73669,23831,463,-46, NO_EVENT
85855,73766,73627,1366,174,171, NO_EVENT
85880,73649,73655,20936,466,-117, NO_EVENT
85905,73584,73606,6546,260,-53, NO_EVENT
85930,73663,73673,26958,526,12, NO_EVENT
85955,73607,73593,2915,164,-56, NO_EVENT
85980,73634,73677,6157,220,27, NO_EVENT
86005,73623,73642,15740,415,-11, NO_EVENT
86030,73591,73688,27187,551,-32, NO_EVENT
86055,73620,73709,6618,218,29, NO_EVENT
86080,73600,73611,4958,235,25, NO_EVENT
86105,73606,73684,10936,318,-80, NO_EVENT
86130,73676,73631,1687,133,37, NO_EVENT
86155,73594,73663,14899,346,-82, NO_EVENT
86180,73669,73601,6867,269,75, NO_EVENT
86205,73588,73624,12990,330,-81, NO_EVENT
86230,73560,73651,22604,503,-28, NO_EVENT
86255,73569,73631,13697,369,9, NO_EVENT
86280,73543,73595,13525,342,-48, NO_EVENT
86305,73644,73568,1736,143,79, NO_EVENT
86330,73637,73612,11776,349,-7, NO_EVENT
86355,73587,73661,5692,231,-50, NO_EVENT
86380,73593,73646,35855,547,6, NO_EVENT
86405,73659,73643,25631,527,66, NO_EVENT
86430,73584,73615,9171,311,-75, NO_EVENT
86455,73651,73636,3803,192,136, NO_EVENT
86480,73623,73577,21149,473,129, NO_EVENT
86505,73647,73652,12263,315,24, NO_EVENT
86530,73648,73588,24856,504,1, NO_EVENT
86555,73617,73658,4992,212,-31, NO_EVENT
86580,73626,73644,11691,319,9, NO_EVENT
86605,73637,73645,8345,291,11, NO_EVENT
86630,73702,73630,6623,232,105, NO_EVENT
86655,73718,73686,21804,460,177, NO_EVENT
86680,73692,73676,17626,409,-26, NO_EVENT
86705,73709,73653,33191,576,17, NO_EVENT
86730,73619,73626,12392,356,-90, NO_EVENT
86755,73618,73679,6849,239,-1, NO_EVENT
86780,73667,73705,13825,317,49, NO_EVENT
86805,73604,73611,6024,243,-2, NO_EVENT
86830,73609,73565,30353,490,197, NO_EVENT
86855,73597,73666,33292,558,-12, NO_EVENT
86880,73614,73570,7855,243,17, NO_EVENT
86905,73574,73624,24236,454,-40, NO_EVENT
86930,73647,73661,13338,345,73, NO_EVENT
86955,73536,73609,17206,412,-111, NO_EVENT
86980,73581,73627,2796,158,-51, NO_EVENT
87005,73577,73681,9373,303,-104, NO_EVENT
87030,73577,73607,22297,467,0, NO_EVENT
87055,73590,73587,3324,189,13, NO_EVENT
87080,73547,73610,895,110,-43, NO_EVENT
87105,73650,73625,1449,130,103, NO_EVENT
87130,73547,73667,9097,281,-103, NO_EVENT
87155,73554,73615,2116,127,-50, NO_EVENT
87180,73661,73660,17313,399,20, NO_EVENT
87205,73567,73624,4821,201,-94, NO_EVENT
87230,73723,73654,10008,269,156, NO_EVENT
87255,73646,73671,8383,263,-77, NO_EVENT
87280,73640,73688,14025,343,-6, NO_EVENT
87305,73680,73673,570,70,40, NO_EVENT
87330,73469,73657,29322,548,-183, NO_EVENT
87355,73642,73663,9494,289,-9, NO_EVENT
87380,73562,73581,3872,206,-27, NO_EVENT
87405,73569,73654,12527,307,7, NO_EVENT
87430,73600,73608,40031,607,31, NO_EVENT
87455,73605,73657,18081,404,5, NO_EVENT
87480,73605,73671,10474,307,0, NO_EVENT
87505,73563,73646,11176,311,-42, NO_EVENT
87530,73667,73679,11612,306,85, NO_EVENT
87555,73632,73595,11814,282,32, NO_EVENT
87580,73573,73617,2885,143,-59, NO_EVENT
87605,73642,73591,14569,414,69, NO_EVENT
87630,73595,73614,8624,254,-47, NO_EVENT
87655,73625,73695,17679,397,30, NO_EVENT
87680,73695,73660,572,70,70, NO_EVENT
87705,73713,73689,19494,407,95, NO_EVENT
87730,73598,73625,1596,117,-49, NO_EVENT
87755,73661,73680,12741,317,63, NO_EVENT
87780,73587,73644,15873,401,-74, NO_EVENT
87805,73599,73650,14229,384,12, NO_EVENT
87830,73572,73654,7827,294,-27, NO_EVENT
87855,73450,73585,13529,372,-122, NO_EVENT
87880,73567,73653,22965,501,-77, NO_EVENT
87905,73660,73558,13108,371,122, NO_EVENT
87930,73567,73612,2619,153,-93, NO_EVENT
87955,73691,73724,23239,445,124, NO_EVENT
87980,73594,73650,3744,181,-97, NO_EVENT
88005,73594,73597,12112,356,0, NO_EVENT
88030,73647,73625,27365,563,53, NO_EVENT
88055,73651,73623,11488,310,45, NO_EVENT
88080,73658,73556,26211,467,69, NO_EVENT
88105,73630,73642,15669,331,-28, NO_EVENT
88130,73569,73624,7960,285,-61, NO_EVENT
88155,73699,73679,10662,289,130, NO_EVENT
88180,73693,73693,5881,230,-6, NO_EVENT
88205,73657,73668,13497,311,-36, NO_EVENT
88230,73693,73661,14272,394,39, NO_EVENT
88255,73594,73641,16704,385,0, NO_EVENT
88280,73577,73601,6608,242,-17, NO_EVENT
88305,73616,73683,9229,286,39, NO_EVENT
88330,73612,73641,21268,496,-4, NO_EVENT
88355,73788,73664,17242,405,176, NO_EVENT
88380,73670,73653,3460,198,-118, NO_EVENT
88405,73482,73562,12754,341,-103, NO_EVENT
88430,73621,73620,18503,441,-24, NO_EVENT
88455,73634,73748,18594,389,13, NO_EVENT
88480,73693,73660,2241,135,59, NO_EVENT
88505,73638,73652,5235,229,-55, NO_EVENT
88530,73678,73623,5822,256,40, NO_EVENT
88555,73439,73590,15802,327,-239, NO_EVENT
88580,73381,73620,29972,569,-314, NO_EVENT
88605,73474,73675,17535,366,-121, NO_EVENT
88630,73627,73556,35993,552,153, NO_EVENT
88655,73621,73659,8792,302,-6, NO_EVENT
88680,73656,73625,3744,179,35, NO_EVENT
88705,73572,73620,13647,403,-84, NO_EVENT
88730,73685,73668,10815,323,113, NO_EVENT
88755,73512,73643,20599,434,-185, NO_EVENT
88780,73694,73697,22326,408,60, NO_EVENT
88805,73566,73639,14740,329,-128, NO_EVENT
88830,73669,73668,25063,492,103, NO_EVENT
88855,73658,73600,22062,483,-11, NO_EVENT
88880,73610,73644,3132,165,-48, NO_EVENT
88905,73591,73576,3727,197,-19, NO_EVENT
88930,73409,73594,19393,437,-182, NO_EVENT
88955,73592,73627,14075,347,4, NO_EVENT
88980,73628,73670,5477,187,33, NO_EVENT
89005,73626,73619,26171,515,-2, NO_EVENT
89030,73638,73625,15044,381,12, NO_EVENT
89055,73647,73670,8643,252,9, NO_EVENT
89080,73643,73684,32357,536,-4, NO_EVENT
89105,73460,73665,30412,495,-183, NO_EVENT
89130,73568,73617,19399,366,39, NO_EVENT
89155,73615,73628,2472,135,55, NO_EVENT
89180,73699,73608,2003,149,84, NO_EVENT
89205,73763,73672,13599,348,64, NO_EVENT
89230,73643,73686,21525,450,-120, NO_EVENT
89255,73610,73637,13923,352,-33, NO_EVENT
89280,73722,73679,6683,254,112, NO_EVENT
89305,73622,73664,16498,417,-142, NO_EVENT
89330,73647,73631,2717,128,90, NO_EVENT
89355,73666,73597,5521,230,19, NO_EVENT
89380,73599,73655,11585,346,-67, NO_EVENT
89405,73722,73702,38082,558,123, NO_EVENT
89430,73601,73625,21505,469,-121, NO_EVENT
89455,73682,73644,4794,212,81, NO_EVENT
89480,73507,73590,14659,379,-39, NO_EVENT
89505,73704,73679,7669,281,10, NO_EVENT
89530,73663,73643,14305,417,-41, NO_EVENT
89555,73738,73681,6386,244,75, NO_EVENT
89580,73624,73662,1931,114,-114, NO_EVENT
89605,73658,73650,9412,320,34, NO_EVENT
89630,73509,73625,10509,327,-149, NO_EVENT
89655,73520,73624,14115,372,-150, NO_EVENT
89680,73705,73680,13687,384,93, NO_EVENT
89705,73617,73625,15897,419,-88, NO_EVENT
89730,73680,73649,11476,361,63, NO_EVENT
89755,73566,73596,23303,465,-114, NO_EVENT
89780,73630,73707,17501,382,64, NO_EVENT
89805,73534,73629,19269,402,-96, NO_EVENT
89830,73657,73699,7876,259,2, NO_EVENT
89855,73663,73645,26901,492,119, NO_EVENT
89880,73663,73599,25145,470,0, NO_EVENT
89905,73592,73594,7273,272,-71, NO_EVENT
89930,73664,73637,7502,293,72, NO_EVENT
89955,73645,73690,7659,281,-19, NO_EVENT
89980,73606,73656,22456,468,-39, NO_EVENT
90005,73571,73578,6129,205,-66, NO_EVENT
90030,73640,73651,4761,205,35, NO_EVENT
90055,73596,73629,7595,269,-44, NO_EVENT
90080,73624,73624,11252,293,28, NO_EVENT
90105,73574,73637,15772,424,-50, NO_EVENT
90130,73661,73611,7855,289,87, NO_EVENT
90155,73593,73630,19358,422,-68, NO_EVENT
90180,73674,73664,19693,396,159, NO_EVENT
90205,73614,73601,7546,262,56, NO_EVENT
90230,73590,73685,22534,478,-24, NO_EVENT
90255,73661,73671,13195,305,71, NO_EVENT
90280,73656,73605,17500,436,-5, NO_EVENT
90305,73685,73687,21723,434,29, NO_EVENT
90330,73588,73661,20419,423,-97, NO_EVENT
90355,73656,73645,14213,385,68, NO_EVENT
90380,73579,73588,6615,237,57, NO_EVENT
90405,73678,73652,1916,129,-38, NO_EVENT
90430,73618,73694,4579,205,-60, NO_EVENT
90455,73637,73624,9402,316,19, NO_EVENT
90480,73590,73637,11566,333,-47, NO_EVENT
90505,73554,73604,14589,398,-36, NO_EVENT
90530,73551,73617,3852,175,-3, NO_EVENT
90555,73605,73695,9116,264,-100, NO_EVENT
90580,73657,73599,10570,319,48, NO_EVENT
90605,73655,73645,32973,560,-2, NO_EVENT
90630,73632,73655,11084,343,-23, NO_EVENT
90655,73649,73643,5225,195,17, NO_EVENT
90680,73733,73615,17104,406,84, NO_EVENT
90705,73593,73640,9502,308,-140, NO_EVENT
90730,73523,73624,5999,217,-60, NO_EVENT
90755,73646,73655,7168,250,-95, NO_EVENT
90780,73597,73591,18219,432,-49, NO_EVENT
90805,73665,73600,7749,259,68, NO_EVENT
90830,73659,73632,28953,533,-6, NO_EVENT
90855,73616,73656,6348,251,-43, NO_EVENT
90880,73549,73674,9434,301,-67, NO_EVENT
90905,73540,73693,13829,373,-226, NO_EVENT
90930,73709,73642,14277,372,15, NO_EVENT
90955,73680,73626,20578,490,-29, NO_EVENT
90980,73635,73689,37118,642,-45, NO_EVENT
91005,73751,73689,5434,194,116, NO_EVENT
91030,73568,73648,6179,245,-183, NO_EVENT
91055,73509,73657,18745,397,-59, NO_EVENT
91080,73712,73647,2159,117,93, NO_EVENT
91105,73644,73577,13506,306,-13, NO_EVENT
91130,73568,73572,5690,239,-76, NO_EVENT
91155,73700,73655,14122,318,132, NO_EVENT
91180,73704,73694,12101,339,4, NO_EVENT
91205,73769,73661,5755,235,65, NO_EVENT
91230,73529,73665,7456,240,-240, NO_EVENT
91255,73497,73621,10248,338,-112, NO_EVENT
91280,73601,73621,5040,214,70, NO_EVENT
91305,73697,73665,5291,237,96, NO_EVENT
91330,73626,73642,16782,387,-71, NO_EVENT
91355,73578,73698,17621,433,-48, NO_EVENT
91380,73723,73687,15484,349,145, NO_EVENT
91405,73403,73593,11356,320,-320, NO_EVENT
91430,73583,73683,14423,364,-65, NO_EVENT
91455,73567,73722,16688,347,-170, NO_EVENT
91480,73582,73632,10890,303,15, NO_EVENT
91505,73642,73619,3794,189,60, NO_EVENT
91530,73691,73691,52848,722,49, NO_EVENT
91555,73527,73631,5447,221,-164, NO_EVENT
91580,73485,73633,14706,359,-42, NO_EVENT
91605,73543,73636,8551,266,-93, NO_EVENT
91630,73702,73611,7953,266,170, NO_EVENT
91655,73646,73661,10870,336,-56, NO_EVENT
91680,73589,73676,13870,350,-57, NO_EVENT
91705,73624,73605,2834,145,35, NO_EVENT
91730,73615,73633,21832,510,-9, NO_EVENT
91755,73600,73610,12888,394,-15, NO_EVENT
91780,73564,73662,9494,296,-86, NO_EVENT
91805,73611,73647,1440,98,-69, NO_EVENT
91830,73705,73650,2685,135,94, NO_EVENT
91855,73642,73610,13757,341,-63, NO_EVENT
91880,73675,73610,8714,284,33, NO_EVENT
91905,73559,73612,1574,116,-116, NO_EVENT
91930,73755,73674,15292,382,196, NO_EVENT
91955,73579,73650,3905,176,-176, NO_EVENT
91980,73511,73664,40230,561,-84, NO_EVENT
92005,73667,73643,1683,113,-10, NO_EVENT
92030,73603,73569,5337,213,-64, NO_EVENT
92055,73665,73622,1570,107,62, NO_EVENT
92080,73653,73629,6443,254,-12, NO_EVENT
92105,73628,73624,10853,349,-25, NO_EVENT
92130,73666,73635,2611,162,38, NO_EVENT
92155,73637,73654,16648,395,51, NO_EVENT
92180,73594,73572,4830,226,-24, NO_EVENT
92205,73581,73650,24893,519,-13, NO_EVENT
92230,73600,73638,17163,418,19, NO_EVENT
92255,73791,73647,23419,470,191, NO_EVENT
92280,73643,73633,7472,292,-148, NO_EVENT
92305,73636,73653,5540,235,-7, NO_EVENT
92330,73468,73620,17821,364,-290, NO_EVENT
92355,73688,73631,8279,279,139, NO_EVENT
92380,73660,73617,1643,123,-28, NO_EVENT
92405,73591,73612,31267,591,-69, NO_EVENT
92430,73634,73625,17446,377,43, NO_EVENT
92455,73672,73651,4907,228,38, NO_EVENT
92480,73597,73661,22268,440,-75, NO_EVENT
92505,73596,73619,5472,253,4, NO_EVENT
92530,73636,73661,5938,224,4, NO_EVENT
92555,73589,73636,15707,391,-47, NO_EVENT
92580,73705,73635,2368,127,116, NO_EVENT
92605,73585,73681,15904,429,-120, NO_EVENT
92630,73655,73656,3533,158,70, NO_EVENT
92655,73691,73705,1559,102,36, NO_EVENT
92680,73654,73650,10590,338,-16, NO_EVENT
92705,73709,73674,11399,346,89, NO_EVENT
92730,73682,73679,8509,292,-27, NO_EVENT
92755,73637,73696,10972,313,-45, NO_EVENT
92780,73669,73685,14137,357,32, NO_EVENT
92805,73641,73675,10000,322,-28, NO_EVENT
92830,73585,73681,25617,426,-56, NO_EVENT
92855,73587,73628,5482,198,-135, NO_EVENT
92880,73615,73656,7542,238,-133, NO_EVENT
92905,73733,73669,7094,270,118, NO_EVENT
92930,73654,73676,16786,451,-79, NO_EVENT
92955,73612,73694,14848,370,-42, NO_EVENT
92980,73609,73598,11362,358,-3, NO_EVENT
93005,73790,73663,18198,377,181, NO_EVENT
93030,73635,73697,17332,394,-54, NO_EVENT
93055,73460,73678,18392,443,-295, NO_EVENT
93080,73656,73663,4689,290,196, NO_EVENT
93105,73582,73642,21311,483,-74, NO_EVENT
93130,73612,73671,17464,387,30, NO_EVENT
93155,73707,73654,23241,453,95, NO_EVENT
93180,73620,73684,8313,254,-87, NO_EVENT
93205,73604,73644,1504,104,9, NO_EVENT
93230,73587,73678,13603,347,-15, NO_EVENT
93255,73619,73716,23950,473,32, NO_EVENT
93280,73586,73657,17035,420,-33, NO_EVENT
93305,73640,73715,9464,300,54, NO_EVENT
93330,73667,73645,2312,140,27, NO_EVENT
93355,73799,73694,24920,499,132, NO_EVENT
93380,73442,73641,17768,439,-202, NO_EVENT
93405,73748,73623,12742,359,158, NO_EVENT
93430,73678,73618,12074,336,-70, NO_EVENT
93455,73719,73692,17005,394,41, NO_EVENT
93480,73653,73606,8071,288,-66, NO_EVENT
93505,73677,73673,29143,493,24, NO_EVENT
93530,73631,73653,7295,272,-46, NO_EVENT
93555,73577,73644,9638,301,24, NO_EVENT
93580,73518,73643,4248,217,-96, NO_EVENT
93605,73528,73636,10206,300,10, NO_EVENT
93630,73509,73640,9967,282,-19, NO_EVENT
93655,73538,73671,10558,335,29, NO_EVENT
93680,73575,73665,23217,485,37, NO_EVENT
93705,73671,73612,5673,222,96, NO_EVENT
93730,73692,73732,7445,245,-83, NO_EVENT
93755,73653,73712,21010,460,-51, NO_EVENT
93780,73604,73632,10619,342,-49, NO_EVENT
93805,73649,73696,11726,301,45, NO_EVENT
93830,73665,73672,19304,446,16, NO_EVENT
93855,73674,73716,17758,322,9, NO_EVENT
93880,73613,73649,11124,334,-61, NO_EVENT
93905,73442,73662,17312,445,-196, NO_EVENT
93930,73500,73612,4453,219,-106, NO_EVENT
93955,73602,73598,3652,140,-77, NO_EVENT
93980,73573,73662,32575,484,-29, NO_EVENT
94005,73677,73664,17662,397,104, NO_EVENT
94030,73571,73646,3115,139,-106, NO_EVENT
94055,73568,73609,13000,386,-3, NO_EVENT
94080,73605,73636,5224,216,37, NO_EVENT
94105,73574,73636,13762,356,-8, NO_EVENT
94130,73575,73596,951,73,13, NO_EVENT
94155,73731,73671,8338,284,156, NO_EVENT
94180,73597,73617,8272,254,-134, NO_EVENT
94205,73626,73654,16903,362,29, NO_EVENT
94230,73631,73684,14458,367,5, NO_EVENT
94255,73532,73613,9404,279,-99, NO_EVENT
94280,73593,73639,6260,195,38, NO_EVENT
94305,73623,73578,3941,196,25, NO_EVENT
94330,73681,73609,21430,452,58, NO_EVENT
94355,73633,73636,3611,174,-48, NO_EVENT
94380,73542,73652,35054,568,-91, NO_EVENT
94405,73603,73530,17662,363,61, NO_EVENT
94430,73445,73572,4880,210,-158, NO_EVENT
94455,73561,73610,618,75,-39, NO_EVENT
94480,73671,73558,9160,285,112, NO_EVENT
94505,73631,73656,17532,388,-40, NO_EVENT
94530,73551,73581,5395,216,-80, NO_EVENT
94555,73643,73652,15725,339,92, NO_EVENT
94580,73639,73593,23333,484,-4, NO_EVENT
94605,73476,73640,13800,362,-163, NO_EVENT
94630,73566,73640,8891,235,-34, NO_EVENT
94655,73572,73616,5748,217,-19, NO_EVENT
94680,73626,73664,9639,305,54, NO_EVENT
94705,73563,73653,14474,362,-63, NO_EVENT
94730,73581,73679,9548,326,18, NO_EVENT
94755,73649,73667,10347,313,68, NO_EVENT
94780,73545,73645,3418,191,-104, NO_EVENT
94805,73646,73642,10837,331,46, NO_EVENT
94830,73663,73647,6881,241,59, NO_EVENT
94855,73555,73664,12389,331,-108, NO_EVENT
94880,73651,73581,9301,301,96, NO_EVENT
94905,73609,73622,46902,639,-42, NO_EVENT
94930,73739,73579,6255,272,130, NO_EVENT
94955,73477,73628,32138,520,-262, NO_EVENT
94980,73590,73616,731,76,-44, NO_EVENT
95005,73541,73634,15837,369,-36, NO_EVENT
95030,73738,73604,20131,397,197, NO_EVENT
95055,73588,73628,12690,355,-150, NO_EVENT
95080,73623,73658,17209,384,35, NO_EVENT
95105,73573,73635,10361,328,-50, NO_EVENT
95130,73537,73609,6108,211,-36, NO_EVENT
95155,73737,73658,8220,273,68, NO_EVENT
95180,73640,73668,3688,189,-1, NO_EVENT
95205,73627,73636,8735,268,-13, NO_EVENT
95230,73561,73666,22869,480,-66, NO_EVENT
95255,73633,73596,911,90,72, NO_EVENT
95280,73545,73665,8314,283,-88, NO_EVENT
95305,73401,73584,15646,391,-144, NO_EVENT
95330,73449,73601,5987,233,-107, NO_EVENT
95355,73491,73553,8870,227,-188, NO_EVENT
95380,73667,73661,9834,387,176, NO_EVENT
95405,73650,73658,21787,458,-17, NO_EVENT
95430,73722,73636,6884,251,72, NO_EVENT
95455,73575,73603,11363,315,-147, NO_EVENT
95480,73676,73637,9995,327,101, NO_EVENT
95505,73540,73633,17661,391,-34, NO_EVENT
95530,73509,73596,14048,321,-85, NO_EVENT
95555,73598,73600,7546,228,89, NO_EVENT
95580,73626,73634,7719,245,28, NO_EVENT
95605,73529,73646,11812,349,-97, NO_EVENT
95630,73630,73606,12104,363,101, NO_EVENT
95655,73655,73649,2930,138,25, NO_EVENT
95680,73434,73592,14193,359,-221, NO_EVENT
95705,73464,73637,18927,386,-186, NO_EVENT
95730,73612,73595,1572,100,-38, NO_EVENT
95755,73708,73688,28141,482,96, NO_EVENT
95780,73664,73591,19900,447,-44, NO_EVENT
95805,73634,73609,9966,298,-30, NO_EVENT
95830,73597,73612,6788,242,-37, NO_EVENT
95855,73524,73616,10251,314,-73, NO_EVENT
95880,73505,73639,10954,329,-96, NO_EVENT
95905,73705,73569,5045,208,208, NO_EVENT
95930,73607,73612,10400,309,-98, NO_EVENT
95955,73577,73619,20704,449,-30, NO_EVENT
95980,73602,73550,17296,420,25, NO_EVENT
96005,73703,73590,14925,397,101, NO_EVENT
96030,73591,73700,12720,345,-112, NO_EVENT
96055,73665,73686,9408,298,-18, NO_EVENT
96080,73729,73649,7568,253,98, NO_EVENT
96105,73640,73672,19628,427,-89, NO_EVENT
96130,73601,73636,11157,320,-39, NO_EVENT
96155,73701,73648,15731,348,100, NO_EVENT
96180,73647,73656,10752,317,-54, NO_EVENT
96205,73497,73679,9766,322,-150, NO_EVENT
96230,73655,73668,12095,343,47, NO_EVENT
96255,73471,73603,8540,261,-80, NO_EVENT
96280,73582,73595,16745,419,111, NO_EVENT
96305,73695,73609,26658,497,113, NO_EVENT
96330,73697,73636,28922,490,2, NO_EVENT
96355,73623,73597,10780,320,-74, NO_EVENT
96380,73572,73692,16674,365,-51, NO_EVENT
96405,73477,73606,15320,391,-140, NO_EVENT
96430,73741,73636,6981,220,104, NO_EVENT
96455,73605,73643,16714,410,-136, NO_EVENT
96480,73785,73695,15010,353,180, NO_EVENT
96505,73609,73655,21443,419,-176, NO_EVENT
96530,73644,73576,14048,397,35, NO_EVENT
96555,73479,73621,11505,303,-165, NO_EVENT
96580,73510,73637,25333,497,-86, NO_EVENT
96605,73545,73636,13402,349,-62, NO_EVENT
96630,73632,73610,7187,283,87, NO_EVENT
96655,73620,73649,3762,192,-12, NO_EVENT
96680,73655,73660,12394,364,35, NO_EVENT
96705,73665,73645,4233,201,10, NO_EVENT
96730,73625,73682,17604,350,-40, NO_EVENT
96755,73580,73640,3653,154,-11, NO_EVENT
96780,73623,73667,621,73,-73, NO_EVENT
96805,73681,73646,4192,195,58, NO_EVENT
96830,73613,73620,8750,295,-68, NO_EVENT
96855,73680,73643,6852,248,67, NO_EVENT
96880,73557,73661,5865,258,-123, NO_EVENT
96905,73631,73708,25579,464,74, NO_EVENT
96930,73490,73626,8336,258,-135, NO_EVENT
96955,73705,73638,5676,183,146, NO_EVENT
96980,73491,73642,13512,376,-214, NO_EVENT
97005,73757,73682,18769,424,266, NO_EVENT
97030,73676,73650,18976,411,-81, NO_EVENT
97055,73601,73620,5375,225,-75, NO_EVENT
97080,73673,73678,9856,270,72, NO_EVENT
97105,73414,73579,10062,325,-238, NO_EVENT
97130,73513,73635,7321,263,-92, NO_EVENT
97155,73478,73638,6337,240,-35, NO_EVENT
97180,73617,73657,22945,454,139, NO_EVENT
97205,73658,73617,24851,498,41, NO_EVENT
97230,73614,73638,2520,152,-44, NO_EVENT
97255,73603,73609,12484,358,-11, NO_EVENT
97280,73706,73660,2445,144,103, NO_EVENT
97305,73690,73686,24119,505,28, NO_EVENT
97330,73530,73612,4561,213,-92, NO_EVENT
97355,73536,73681,24210,452,6, NO_EVENT
97380,73560,73606,19649,463,24, NO_EVENT
97405,73590,73614,5091,186,30, NO_EVENT
97430,73627,73614,7473,275,37, NO_EVENT
97455,73515,73601,12892,357,-112, NO_EVENT
97480,73416,73644,14616,378,-302, NO_EVENT
97505,73461,73593,8766,284,-142, NO_EVENT
97530,73507,73643,17113,450,46, NO_EVENT
97555,73615,73579,16655,388,108, NO_EVENT
97580,73610,73634,6600,242,-5, NO_EVENT
97605,73621,73626,2444,128,11, NO_EVENT
97630,73642,73650,11368,373,21, NO_EVENT
97655,73643,73656,5933,228,55, NO_EVENT
97680,73609,73645,14832,364,-11, NO_EVENT
97705,73628,73631,16342,369,19, NO_EVENT
97730,73603,73635,5187,200,-25, NO_EVENT
97755,73690,73615,4271,177,87, NO_EVENT
97780,73584,73653,14173,308,-106, NO_EVENT
97805,73534,73668,26253,399,-50, NO_EVENT
97830,73488,73638,18733,437,-163, NO_EVENT
97855,73721,73648,14623,344,8, NO_EVENT
97880,73646,73630,14502,385,-75, NO_EVENT
97905,73620,73643,15590,428,-26, NO_EVENT
97930,73636,73611,9789,330,16, NO_EVENT
97955,73570,73676,14655,324,-66, NO_EVENT
97980,73600,73643,13817,355,30, NO_EVENT
98005,73495,73627,7549,288,-173, NO_EVENT
98030,73539,73689,4674,221,-221, NO_EVENT
98055,73468,73601,32116,522,-71, NO_EVENT
98080,73660,73661,29063,525,192, NO_EVENT
98105,73725,73650,1102,119,65, NO_EVENT
98130,73717,73674,10163,299,-8, NO_EVENT
98155,73610,73699,24068,493,-107, NO_EVENT
98180,73412,73615,11711,369,-369, NO_EVENT
98205,73565,73618,4425,201,15, NO_EVENT
98230,73649,73664,6748,261,84, NO_EVENT
98255,73562,73683,16443,370,-87, NO_EVENT
98280,73607,73649,6947,265,45, NO_EVENT
98305,73639,73610,3987,199,32, NO_EVENT
98330,73744,73714,20717,430,105, NO_EVENT
98355,73448,73638,12306,347,-203, NO_EVENT
98380,73534,73704,9613,337,-125, NO_EVENT
98405,73524,73666,11848,345,-10, NO_EVENT
98430,73718,73689,40761,552,194, NO_EVENT
98455,73605,73693,11593,352,-113, NO_EVENT
98480,73625,73653,6767,229,20, NO_EVENT
98505,73911,73691,23600,473,286, NO_EVENT
98530,73507,73640,17346,374,-372, NO_EVENT
98555,73695,73700,17183,345,80, NO_EVENT
98580,73500,73661,15824,406,-195, NO_EVENT
98605,73690,73693,21637,450,190, NO_EVENT
98630,73674,73658,19630,457,-16, NO_EVENT
98655,73670,73677,20449,432,-4, NO_EVENT
98680,73646,73688,6916,253,-24, NO_EVENT
98705,73634,73633,16825,399,107, NO_EVENT
98730,73576,73632,12860,364,-65, NO_EVENT
98755,73583,73604,3266,167,7, NO_EVENT
98780,73647,73645,23785,408,64, NO_EVENT
98805,73637,73674,14378,377,-10, NO_EVENT
98830,73618,73640,8101,307,-19, NO_EVENT
98855,73964,73681,5249,370,346, NO_EVENT
98880,73538,73711,21859,426,-426, NO_EVENT
98905,73556,73667,22919,416,-53, NO_EVENT
98930,73588,73624,1181,100,-7, NO_EVENT
98955,73573,73714,29074,473,-15, NO_EVENT
98980,73605,73595,9238,277,32, NO_EVENT
99005,73612,73614,2963,190,7, NO_EVENT
99030,73593,73662,8576,266,-19, NO_EVENT
99055,73642,73637,3555,171,49, NO_EVENT
99080,73656,73716,15671,356,-19, NO_EVENT
99105,73571,73564,3801,187,-34, NO_EVENT
99130,73635,73666,3038,199,64, NO_EVENT
99155,73621,73655,22796,467,-14, NO_EVENT
99180,73612,73635,17639,433,-9, NO_EVENT
99205,73746,73672,9544,302,134, NO_EVENT
99230,73655,73658,19843,446,-91, NO_EVENT
99255,73631,73659,6345,226,2, NO_EVENT
99280,73725,73682,2563,144,125, NO_EVENT
99305,73637,73721,11142,308,-88, NO_EVENT
99330,73604,73626,22874,503,-33, NO_EVENT
99355,73633,73697,20085,375,29, NO_EVENT
99380,73669,73642,6770,273,36, NO_EVENT
99405,73501,73626,20611,391,-168, NO_EVENT
99430,73625,73648,16755,432,36, NO_EVENT
99455,73583,73605,1012,83,30, NO_EVENT
99480,73563,73650,11364,336,-20, NO_EVENT
99505,73546,73645,22350,463,-17, NO_EVENT
99530,73688,73653,29179,499,142, NO_EVENT
99555,73508,73662,6643,317,-180, NO_EVENT
99580,73546,73641,9380,299,38, NO_EVENT
99605,73573,73639,5821,245,-52, NO_EVENT
99630,73461,73545,5354,200,-146, NO_EVENT
99655,73572,73666,20252,519,111, NO_EVENT
99680,73602,73640,3953,190,30, NO_EVENT
99705,73562,73563,20440,445,-40, NO_EVENT
99730,73584,73622,8837,286,22, NO_EVENT
99755,73530,73635,8746,262,-54, NO_EVENT
99780,73785,73675,6658,217,174, NO_EVENT
99805,73637,73638,12184,322,57, NO_EVENT
99830,73524,73685,18189,410,-113, NO_EVENT
99855,73662,73658,26905,498,138, NO_EVENT
99880,73596,73648,23987,494,-66, NO_EVENT
99905,73746,73663,17492,403,150, NO_EVENT
99930,73646,73739,26789,524,-100, NO_EVENT
99955,73632,73648,6059,268,-18, NO_EVENT
99980,73556,73658,13724,365,-156, NO_EVENT
100005,73553,73614,12607,323,-3, NO_EVENT
100030,73670,73642,4615,232,117, NO_EVENT
100055,73562,73686,14154,348,-108, NO_EVENT
100080,73636,73616,8368,292,74, NO_EVENT
100105,73570,73633,20385,492,-66, NO_EVENT
100130,73621,73642,6756,225,12, NO_EVENT
100155,73585,73631,8370,289,-108, NO_EVENT
100180,73624,73612,6403,252,39, NO_EVENT
100205,73603,73629,6732,241,-21, NO_EVENT
100230,73724,73641,14789,363,121, NO_EVENT
100255,73643,73659,4551,207,-81, NO_EVENT
100280,73420,73641,19493,441,-223, NO_EVENT
100305,73477,73599,10046,313,-118, NO_EVENT
100330,73627,73656,5706,225,16, NO_EVENT
100355,73727,73687,12930,374,100, NO_EVENT
100380,73601,73623,12116,359,-126, NO_EVENT
100405,73621,73572,13574,375,20, NO_EVENT
100430,73635,73555,13752,357,14, NO_EVENT
100455,73610,73676,27295,457,-25, NO_EVENT
100480,73598,73638,7266,217,12, NO_EVENT
100505,73555,73659,10689,257,-72, NO_EVENT
100530,73630,73674,6167,259,75, NO_EVENT
100555,73671,73694,5662,213,41, NO_EVENT
100580,73723,73656,4392,185,52, NO_EVENT
100605,73632,73610,2360,176,-91, NO_EVENT
100630,73716,73677,29581,472,84, NO_EVENT
100655,73558,73641,13331,380,-74, NO_EVENT
100680,73549,73668,21188,446,-44, NO_EVENT
100705,73412,73617,17352,451,-137, NO_EVENT
100730,73640,73652,23877,549,228, NO_EVENT
100755,73625,73653,12305,332,-15, NO_EVENT
100780,73663,73691,19648,438,38, NO_EVENT
100805,73677,73681,14827,391,14, NO_EVENT
100830,73530,73621,2885,163,-67, NO_EVENT
100855,73611,73666,35029,646,-100, NO_EVENT
100880,73589,73657,10044,315,-22, NO_EVENT
100905,73512,73682,12343,327,-77, NO_EVENT
100930,73696,73659,8694,323,184, NO_EVENT
100955,73734,73648,6335,251,38, NO_EVENT
100980,73442,73658,12866,308,-292, NO_EVENT
101005,73555,73678,13403,368,-53, NO_EVENT
101030,73579,73617,13030,344,-63, NO_EVENT
101055,73450,73620,16022,392,-129, NO_EVENT
101080,73496,73607,16400,406,46, NO_EVENT
101105,73565,73616,14446,380,69, NO_EVENT
101130,73628,73625,7966,282,63, NO_EVENT
101155,73579,73690,20303,421,-49, NO_EVENT
101180,73621,73683,7788,265,-104, NO_EVENT
101205,73687,73659,12408,325,-47, NO_EVENT
101230,73600,73625,1353,88,-80, NO_EVENT
101255,73529,73655,15262,347,-71, NO_EVENT
101280,73599,73675,11106,365,70, NO_EVENT
101305,73634,73617,3689,185,35, NO_EVENT
101330,73700,73615,3887,194,66, NO_EVENT
101355,73641,73667,3553,200,-59, NO_EVENT
101380,73473,73614,21457,415,-73, NO_EVENT
101405,73600,73608,3109,164,27, NO_EVENT
101430,73593,73610,14676,385,-7, NO_EVENT
101455,73639,73643,6729,249,46, NO_EVENT
101480,73591,73621,12001,348,-48, NO_EVENT
101505,73686,73620,5440,225,95, NO_EVENT
101530,73659,73666,1536,125,-27, NO_EVENT
101555,73587,73635,9092,270,-1, NO_EVENT
101580,73598,73598,2397,152,7, NO_EVENT
101605,73599,73599,13342,370,1, NO_EVENT
101630,73586,73638,22313,486,-13, NO_EVENT
101655,73610,73647,30616,474,24, NO_EVENT
101680,73727,73626,14619,359,117, NO_EVENT
101705,73650,73709,4806,192,-77, NO_EVENT
101730,73441,73671,23452,495,-215, NO_EVENT
101755,73639,73602,5105,207,-30, NO_EVENT
101780,73633,73624,11791,335,-6, NO_EVENT
101805,73622,73700,10508,298,-11, NO_EVENT
101830,73632,73638,11276,334,10, NO_EVENT
101855,73641,73606,24933,477,9, NO_EVENT
101880,73445,73641,11463,362,-196, NO_EVENT
101905,73572,73646,16316,376,-36, NO_EVENT
101930,73570,73581,22900,458,-7, NO_EVENT
101955,73605,73627,19652,435,35, NO_EVENT
101980,73549,73606,9182,299,-56, NO_EVENT
102005,73655,73666,28432,455,106, NO_EVENT
102030,73689,73654,25791,551,34, NO_EVENT
102055,73555,73684,9803,333,-134, NO_EVENT
102080,73509,73617,11384,337,-113, NO_EVENT
102105,73497,73586,18239,434,-78, NO_EVENT
102130,73463,73617,16927,400,-34, NO_EVENT
102155,73499,73609,34820,564,36, NO_EVENT
102180,73648,73640,17317,371,149, NO_EVENT
102205,73648,73599,13401,351,0, NO_EVENT
102230,73480,73602,8293,275,-168, NO_EVENT
102255,73681,73656,9384,309,29, NO_EVENT
102280,73657,73665,14790,366,91, NO_EVENT
102305,73464,73641,29970,547,-193, NO_EVENT
102330,73411,73659,35358,580,-53, NO_EVENT
102355,73611,73605,24902,522,200, NO_EVENT
102380,73621,73652,26095,497,10, NO_EVENT
102405,73512,73650,14193,326,-109, NO_EVENT
102430,73720,73671,13047,377,35, NO_EVENT
102455,73717,73673,22690,467,92, NO_EVENT
102480,73613,73668,6898,264,-104, NO_EVENT
102505,73533,73671,8676,329,-80, NO_EVENT
102530,73617,73656,12252,344,84, NO_EVENT
102555,73538,73666,5191,225,-79, NO_EVENT
102580,73542,73665,12105,324,4, NO_EVENT
102605,73617,73664,8588,278,34, NO_EVENT
102630,73503,73663,11545,289,-100, NO_EVENT
102655,73644,73656,21199,459,141, NO_EVENT
102680,73532,73656,2942,208,-112, NO_EVENT
102705,73670,73669,14206,366,138, NO_EVENT
102730,73756,73692,4394,194,86, NO_EVENT
102755,73574,73681,22776,456,-182, NO_EVENT
102780,73516,73633,4230,195,-145, NO_EVENT
102805,73599,73623,6752,264,20, NO_EVENT
102830,73417,73609,28317,521,-182, NO_EVENT
102855,73680,73644,11059,415,263, NO_EVENT
102880,73630,73669,3717,206,-50, NO_EVENT
102905,73647,73704,13779,369,17, NO_EVENT
102930,73504,73655,8596,260,-143, NO_EVENT
102955,73586,73649,9387,279,-49, NO_EVENT
102980,73638,73627,11247,372,-3, NO_EVENT
103005,73557,73589,15325,424,-81, NO_EVENT
103030,73668,73672,9571,329,111, NO_EVENT
103055,73663,73672,13839,374,-5, NO_EVENT
103080,73585,73655,7901,268,-78, NO_EVENT
103105,73402,73569,35276,562,-183, NO_EVENT
103130,73607,73629,7549,241,-99, NO_EVENT
103155,73663,73697,14074,337,45, NO_EVENT
103180,73507,73653,17974,423,-156, NO_EVENT
103205,73536,73604,3910,220,29, NO_EVENT
103230,73569,73613,17592,409,33, NO_EVENT
103255,73602,73568,13263,360,33, NO_EVENT
103280,73370,73629,42381,631,-232, NO_EVENT
103305,73526,73634,20833,445,-97, NO_EVENT
103330,73663,73678,13803,368,14, NO_EVENT
103355,73381,73637,16074,450,-282, NO_EVENT
103380,73483,73643,16345,492,102, NO_EVENT
103405,73550,73617,13586,381,67, NO_EVENT
103430,73618,73590,14498,404,68, NO_EVENT
103455,73614,73575,10505,328,-4, NO_EVENT
103480,73706,73688,18352,393,93, NO_EVENT
103505,73504,73596,9056,285,-47, NO_EVENT
103530,73667,73626,4551,249,163, NO_EVENT
103555,73558,73659,16957,376,-109, NO_EVENT
103580,73621,73703,16473,343,63, NO_EVENT
103605,73649,73639,12835,351,28, NO_EVENT
103630,73462,73633,10732,324,-187, NO_EVENT
103655,73658,73613,3528,181,115, NO_EVENT
103680,73551,73610,5050,201,-69, NO_EVENT
103705,73739,73646,1432,125,119, NO_EVENT
103730,73561,73645,18407,387,-178, NO_EVENT
103755,73490,73637,24231,425,-71, NO_EVENT
103780,73672,73689,22691,513,182, NO_EVENT
103805,73686,73692,6220,232,14, NO_EVENT
103830,73596,73665,1416,115,-90, NO_EVENT
103855,73579,73648,5520,211,27, NO_EVENT
103880,73734,73638,8004,274,154, NO_EVENT
103905,73487,73698,25983,501,-247, NO_EVENT
103930,73664,73604,12449,367,177, NO_EVENT
103955,73625,73695,17496,414,-39, NO_EVENT
103980,73704,73616,4330,194,79, NO_EVENT
104005,73652,73679,15642,379,-52, NO_EVENT
104030,73562,73636,13602,321,-15, NO_EVENT
104055,73512,73597,1749,146,-146, NO_EVENT
104080,73493,73636,26377,492,-19, NO_EVENT
104105,73378,73653,16997,490,-115, NO_EVENT
104130,73626,73686,27913,546,248, NO_EVENT
104155,73577,73639,11698,322,-49, NO_EVENT
104180,73670,73670,19617,409,93, NO_EVENT
104205,73679,73658,2621,130,-18, NO_EVENT
104230,73521,73572,1015,111,-41, NO_EVENT
104255,73521,73670,9868,319,0, NO_EVENT
104280,73578,73616,19099,470,57, NO_EVENT
104305,73551,73664,21337,402,-27, NO_EVENT
104330,73605,73628,12021,367,54, NO_EVENT
104355,73447,73625,10566,360,-158, NO_EVENT
104380,73415,73598,7567,271,-165, NO_EVENT
104405,73532,73641,8594,276,-52, NO_EVENT
104430,73485,73554,15712,372,-47, NO_EVENT
104455,73507,73618,16230,378,22, NO_EVENT
104480,73689,73656,19602,411,182, NO_EVENT
104505,73592,73665,27842,546,-97, NO_EVENT
104530,73567,73591,5855,266,-25, NO_EVENT
104555,73651,73685,10133,323,100, NO_EVENT
104580,73718,73665,5046,196,105, NO_EVENT
104605,73564,73666,9014,306,-154, NO_EVENT
104630,73535,73582,9737,304,-29, NO_EVENT
104655,73589,73624,17138,321,54, NO_EVENT
104680,73643,73630,7860,266,54, NO_EVENT
104705,73465,73622,8283,295,-178, NO_EVENT
104730,73738,73721,9122,311,69, NO_EVENT
104755,73665,73627,7274,230,104, NO_EVENT
104780,73690,73694,12884,390,25, NO_EVENT
104805,73492,73655,9357,329,-198, NO_EVENT
104830,73586,73673,17402,417,94, NO_EVENT
104855,73610,73669,6515,212,24, NO_EVENT
104880,73591,73654,14151,358,-19, NO_EVENT
104905,73472,73630,22196,428,-245, NO_EVENT
104930,73636,73653,4366,196,-30, NO_EVENT
104955,73669,73661,25009,524,33, NO_EVENT
104980,73498,73710,5986,324,-171, NO_EVENT
105005,73516,73698,12949,343,18, NO_EVENT
105030,73682,73674,31690,582,166, NO_EVENT
105055,73594,73669,10414,299,-88, NO_EVENT
105080,73786,73643,12539,296,152, NO_EVENT
105105,73503,73676,19316,460,-126, NO_EVENT
105130,73418,73611,13222,403,-85, NO_EVENT
105155,73495,73682,32086,606,77, NO_EVENT
105180,73455,73652,21953,442,-40, NO_EVENT
105205,73642,73681,17255,457,187, NO_EVENT
105230,73572,73650,4827,195,-70, NO_EVENT
105255,73700,73625,6989,250,139, NO_EVENT
105280,73749,73658,2970,161,126, NO_EVENT
105305,73537,73661,8931,292,-212, NO_EVENT
105330,73689,73670,16768,408,152, NO_EVENT
105355,73633,73663,13008,364,-56, NO_EVENT
105380,73650,73649,6820,243,17, NO_EVENT
105405,73696,73695,10559,336,46, NO_EVENT
105430,73574,73626,2312,154,-32, NO_EVENT
105455,73540,73656,7884,280,-162, NO_EVENT
105480,73542,73654,9077,306,2, NO_EVENT
105505,73644,73655,15826,385,102, NO_EVENT
105530,73465,73597,10712,324,-179, NO_EVENT
105555,73525,73664,16837,439,60, NO_EVENT
105580,73534,73584,6822,234,9, NO_EVENT
105605,73545,73615,16593,392,-44, NO_EVENT
105630,73566,73630,23034,460,56, NO_EVENT
105655,73462,73599,18117,429,-104, NO_EVENT
105680,73620,73673,30184,519,158, NO_EVENT
105705,73624,73618,17043,412,4, NO_EVENT
105730,73756,73645,8698,272,132, NO_EVENT
105755,73680,73703,8362,265,-76, NO_EVENT
105780,73717,73662,17349,409,105, NO_EVENT
105805,73480,73674,30801,562,-173, NO_EVENT
105830,73544,73664,12265,413,64, NO_EVENT
105855,73627,73612,12619,333,83, NO_EVENT
105880,73620,73706,6499,207,-7, NO_EVENT
105905,73603,73639,15297,409,-17, NO_EVENT
105930,73450,73657,12770,312,-153, NO_EVENT
105955,73769,73639,17155,394,170, NO_EVENT
105980,73581,73679,10103,287,-137, NO_EVENT
106005,73765,73672,7967,248,184, NO_EVENT
106030,73487,73678,17858,441,-278, NO_EVENT
106055,73554,73674,15728,418,67, NO_EVENT
106080,73607,73614,7600,280,53, NO_EVENT
106105,73630,73694,5003,221,23, NO_EVENT
106130,73636,73604,11192,333,6, NO_EVENT
106155,73414,73646,28469,523,-200, NO_EVENT
106180,73579,73585,8082,311,165, NO_EVENT
106205,73547,73635,9644,278,-32, NO_EVENT
106230,73825,73664,13884,316,278, NO_EVENT
106255,73503,73651,35811,540,-322, NO_EVENT
106280,73584,73699,10658,373,81, NO_EVENT
106305,73498,73595,10355,284,-86, NO_EVENT
106330,73597,73675,8777,265,91, NO_EVENT
106355,73610,73563,12093,323,-68, NO_EVENT
106380,73508,73629,12356,337,-102, NO_EVENT
106405,73578,73590,14721,379,70, NO_EVENT
106430,73511,73630,25757,503,-67, NO_EVENT
106455,73744,73671,23371,478,233, NO_EVENT
106480,73659,73698,11094,355,-85, NO_EVENT
106505,73702,73689,7104,220,139, NO_EVENT
106530,73479,73594,4375,204,-147, NO_EVENT
106555,73671,73685,13517,456,192, NO_EVENT
106580,73435,73620,31475,589,-236, NO_EVENT
106605,73542,73680,22299,507,107, NO_EVENT
106630,73521,73659,28578,534,-21, NO_EVENT
106655,73768,73697,8503,282,247, NO_EVENT
106680,73605,73687,19067,396,25, NO_EVENT
106705,73544,73629,2871,178,-178, NO_EVENT
106730,73677,73598,21806,472,133, NO_EVENT
106755,73444,73625,14594,409,-233, NO_EVENT
106780,73574,73648,14721,382,130, NO_EVENT
106805,73575,73633,21639,465,1, NO_EVENT
106830,73482,73564,16242,373,-93, NO_EVENT
106855,73632,73662,5539,214,-4, NO_EVENT
106880,73591,73652,16760,357,-115, NO_EVENT
106905,73715,73689,16135,346,124, NO_EVENT
106930,73523,73638,16983,426,-192, NO_EVENT
106955,73416,73659,21854,476,-107, NO_EVENT
106980,73599,73662,23103,475,183, NO_EVENT
107005,73578,73614,11875,311,-21, NO_EVENT
107030,73432,73588,20372,452,-161, NO_EVENT
107055,73450,73617,8623,323,-189, NO_EVENT
107080,73476,73699,22691,460,26, NO_EVENT
107105,73437,73599,34247,598,-39, NO_EVENT
107130,73623,73614,11159,365,186, NO_EVENT
107155,73525,73626,12621,355,-98, NO_EVENT
107180,73488,73592,18079,370,-37, NO_EVENT
107205,73520,73614,6048,205,-183, NO_EVENT
107230,73694,73642,12628,333,154, NO_EVENT
107255,73563,73627,16986,415,-131, NO_EVENT
107280,73423,73636,34985,629,-140, NO_EVENT
107305,73713,73598,15324,423,290, NO_EVENT
107330,73596,73678,8665,300,-117, NO_EVENT
107355,73527,73633,11071,282,-69, NO_EVENT
107380,73488,73601,13005,355,-120, NO_EVENT
107405,73590,73633,24683,470,17, NO_EVENT
107430,73513,73617,24859,539,-77, NO_EVENT
107455,73456,73594,15336,371,-57, NO_EVENT
107480,73503,73582,26842,552,47, NO_EVENT
107505,73765,73578,26861,530,262, NO_EVENT
107530,73574,73697,11878,270,-191, NO_EVENT
107555,73596,73682,11420,307,-58, NO_EVENT
107580,73455,73569,2696,167,-100, NO_EVENT
107605,73601,73639,6050,320,146, NO_EVENT
107630,73327,73587,17327,476,-274, NO_EVENT
107655,73677,73653,30059,659,350, NO_EVENT
107680,73528,73593,16799,406,-149, NO_EVENT
107705,73589,73626,17595,401,61, NO_EVENT
107730,73561,73613,6377,219,24, NO_EVENT
107755,73425,73611,29029,506,-182, NO_EVENT
107780,73641,73621,5851,326,216, NO_EVENT
107805,73553,73649,7572,265,-88, NO_EVENT
107830,73529,73626,9699,294,-24, NO_EVENT
107855,73619,73683,22979,480,90, NO_EVENT
107880,73546,73618,14694,376,-73, NO_EVENT
107905,73614,73670,25277,443,88, NO_EVENT
107930,73500,73644,6764,259,-116, NO_EVENT
107955,73526,73632,9727,298,26, NO_EVENT
107980,73456,73644,15340,416,-70, NO_EVENT
108005,73540,73629,11363,372,84, NO_EVENT
108030,73837,73666,33638,524,297, NO_EVENT
108055,73583,73635,12674,347,-254, NO_EVENT
108080,73715,73578,11366,321,111, NO_EVENT
108105,73550,73606,10872,308,-42, NO_EVENT
108130,73477,73555,8861,280,-133, NO_EVENT
108155,73658,73633,15945,390,181, NO_EVENT
108180,73444,73619,10311,380,-214, NO_EVENT
108205,73722,73630,19597,477,278, NO_EVENT
108230,73656,73656,23338,459,-66, NO_EVENT
108255,73559,73668,4292,190,-97, NO_EVENT
108280,73334,73658,32207,541,-251, NO_EVENT
108305,73700,73627,9236,262,-14, NO_EVENT
108330,73581,73627,24089,497,-119, NO_EVENT
108355,73619,73651,22490,477,38, NO_EVENT
108380,73536,73638,4046,181,-83, NO_EVENT
108405,73532,73586,34417,612,-4, NO_EVENT
108430,73550,73644,15091,354,18, NO_EVENT
108455,73630,73649,4190,191,15, NO_EVENT
108480,73678,73651,2494,144,62, NO_EVENT
108505,73763,73672,13248,342,85, NO_EVENT
108530,73631,73700,8670,284,-132, NO_EVENT
108555,73388,73687,15627,524,-243, NO_EVENT
108580,73506,73613,19662,497,118, NO_EVENT
108605,73504,73625,27696,491,-2, NO_EVENT
108630,73533,73593,14320,407,-114, NO_EVENT
108655,73535,73632,9287,295,-97, NO_EVENT
108680,73567,73656,18090,416,32, NO_EVENT
108705,73601,73700,11555,353,34, NO_EVENT
108730,73717,73666,8753,270,116, NO_EVENT
108755,73512,73668,8410,318,-205, NO_EVENT
108780,73694,73657,11845,318,182, NO_EVENT
108805,73545,73659,12064,349,-81, NO_EVENT
108830,73606,73638,4470,180,6, NO_EVENT
108855,73547,73696,16155,356,-59, NO_EVENT
108880,73578,73628,10163,303,31, NO_EVENT
108905,73685,73657,28499,553,107, NO_EVENT
108930,73498,73653,7581,324,-187, NO_EVENT
108955,73706,73585,28219,501,208, NO_EVENT
108980,73572,73691,15855,393,-73, NO_EVENT
109005,73526,73662,23684,459,-89, NO_EVENT
109030,73567,73620,13940,342,41, NO_EVENT
109055,73685,73695,30897,517,118, NO_EVENT
109080,73669,73703,21712,402,-16, NO_EVENT
109105,73635,73658,28155,572,-34, NO_EVENT
109130,73551,73630,11173,326,-84, NO_EVENT
109155,73540,73607,12042,344,-34, NO_EVENT
109180,73489,73603,4370,227,-151, NO_EVENT
109205,73454,73629,20773,474,-35, NO_EVENT
109230,73592,73626,16172,428,138, NO_EVENT
109255,73538,73641,25069,472,-54, NO_EVENT
109280,73504,73585,12314,339,-34, NO_EVENT
109305,73688,73626,6857,236,184, NO_EVENT
109330,73498,73611,21231,454,-102, NO_EVENT
109355,73456,73600,6564,300,-122, NO_EVENT
109380,73636,73671,19321,434,180, NO_EVENT
109405,73571,73630,3417,173,-65, NO_EVENT
109430,73673,73667,7475,277,102, NO_EVENT
109455,73561,73648,17579,414,-112, NO_EVENT
109480,73550,73638,11973,299,-11, NO_EVENT
109505,73449,73630,8121,295,-221, NO_EVENT
109530,73425,73616,12022,393,-196, NO_EVENT
109555,73509,73607,20828,474,84, NO_EVENT
109580,73757,73675,16372,337,248, NO_EVENT
109605,73390,73622,8628,367,-367, NO_EVENT
109630,73517,73662,40268,685,127, NO_EVENT
109655,73799,73692,14901,345,282, NO_EVENT
109680,73691,73635,6965,263,185, NO_EVENT
109705,73736,73715,11097,314,193, NO_EVENT
109730,73685,73627,23176,516,-51, NO_EVENT
109755,73563,73669,14672,368,-122, NO_EVENT
109780,73460,73629,12337,405,-103, NO_EVENT
109805,73452,73620,10629,323,-8, NO_EVENT
109830,73586,73549,24760,463,134, NO_EVENT
109855,73559,73655,16175,349,-236, NO_EVENT
109880,73575,73650,11197,309,-64, NO_EVENT
109905,73635,73617,507,70,10, NO_EVENT
109930,73644,73617,27087,468,9, NO_EVENT
109955,73546,73637,9699,280,-98, NO_EVENT
109980,73453,73635,18018,459,-93, NO_EVENT
110005,73624,73622,19456,447,171, NO_EVENT
110030,73639,73640,9693,310,15, NO_EVENT
110055,73434,73637,24483,469,-235, NO_EVENT
110080,73599,73572,6091,226,-2, NO_EVENT
110105,73417,73642,22803,475,-182, NO_EVENT
110130,73625,73607,9589,353,208, NO_EVENT
110155,73529,73616,12659,324,-96, NO_EVENT
110180,73495,73608,14759,372,-34, NO_EVENT
110205,73673,73604,10368,293,178, NO_EVENT
110230,73717,73665,12257,345,242, NO_EVENT
110255,73536,73603,7132,238,-178, NO_EVENT
110280,73632,73591,14815,419,96, NO_EVENT
110305,73693,73593,25978,497,61, NO_EVENT
110330,73588,73723,24063,441,-105, NO_EVENT
110355,73547,73610,12776,364,-41, NO_EVENT
110380,73607,73615,12623,376,60, NO_EVENT
110405,73575,73638,4435,208,-37, NO_EVENT
110430,73495,73602,3298,173,-66, NO_EVENT
110455,73712,73604,10830,318,217, NO_EVENT
110480,73524,73714,33546,598,-188, NO_EVENT
110505,73576,73604,28820,534,52, NO_EVENT
110530,73513,73595,14160,380,-63, NO_EVENT
110555,73632,73619,17981,376,119, NO_EVENT
110580,73421,73598,22396,443,-261, NO_EVENT
110605,73521,73618,10158,309,-22, NO_EVENT
110630,73554,73533,15008,414,33, NO_EVENT
110655,73658,73653,6420,250,104, NO_EVENT
110680,73679,73724,63077,698,21, NO_EVENT
110705,73609,73655,13219,273,-70, NO_EVENT
110730,73745,73607,19539,382,136, NO_EVENT
110755,73528,73639,14545,372,-122, NO_EVENT
110780,73651,73627,26381,552,42, NO_EVENT
110805,73575,73606,7443,268,-76, NO_EVENT
110830,73468,73634,14690,407,-107, NO_EVENT
110855,73579,73600,10167,313,111, NO_EVENT
110880,73775,73595,11994,323,196, NO_EVENT
110905,73617,73708,11234,278,-158, NO_EVENT
110930,73658,73628,8697,302,92, NO_EVENT
110955,73559,73645,11765,314,-19, NO_EVENT
110980,73374,73630,16758,426,-185, NO_EVENT
111005,73725,73636,13684,453,351, NO_EVENT
111030,73618,73716,12506,343,-107, NO_EVENT
111055,73586,73651,6598,248,-32, NO_EVENT
111080,73546,73626,13992,331,-40, NO_EVENT
111105,73696,73611,13228,343,104, NO_EVENT
111130,73684,73620,16837,413,145, NO_EVENT
111155,73536,73587,11342,360,-148, NO_EVENT
111180,73614,73671,11090,288,78, NO_EVENT
111205,73457,73633,10584,349,-157, NO_EVENT
111230,73592,73600,16199,397,135, NO_EVENT
111255,73635,73653,15510,315,43, NO_EVENT
111280,73539,73589,26481,489,-102, NO_EVENT
111305,73665,73630,11958,341,165, NO_EVENT
111330,73400,73577,8743,332,-265, NO_EVENT
111355,73700,73731,18648,559,300, NO_EVENT
111380,73668,73645,14318,392,-32, NO_EVENT
111405,73629,73681,17199,358,-39, NO_EVENT
111430,73603,73616,15317,405,-26, NO_EVENT
111455,73621,73626,18863,376,167, NO_EVENT
111480,73653,73638,4066,207,12, NO_EVENT
111505,73546,73646,4005,203,-107, NO_EVENT
111530,73471,73599,10897,294,-75, NO_EVENT
111555,73390,73630,28763,592,-81, NO_EVENT
111580,73595,73581,19944,447,205, NO_EVENT
111605,73647,73652,21977,484,52, NO_EVENT
111630,73640,73622,9104,269,89, NO_EVENT
111655,73576,73639,15458,386,-10, NO_EVENT
111680,73384,73621,11585,320,-192, NO_EVENT
111705,73605,73657,16814,516,221, NO_EVENT
111730,73515,73592,8054,298,-90, NO_EVENT
111755,73447,73609,13111,399,-68, NO_EVENT
111780,73584,73618,7532,304,137, NO_EVENT
111805,73621,73686,16751,337,37, NO_EVENT
111830,73657,73659,11022,317,87, NO_EVENT
111855,73523,73620,3722,213,-123, NO_EVENT
111880,73552,73621,6598,236,29, NO_EVENT
111905,73558,73630,12527,346,6, NO_EVENT
111930,73554,73650,8027,249,-4, NO_EVENT
111955,73510,73610,7276,280,-44, NO_EVENT
111980,73691,73616,34417,595,181, NO_EVENT
112005,73704,73609,23048,425,161, NO_EVENT
112030,73546,73585,2233,132,-56, NO_EVENT
112055,73373,73596,21960,500,-173, NO_EVENT
112080,73585,73667,40650,689,212, NO_EVENT
112105,73627,73680,13163,345,42, NO_EVENT
112130,73388,73633,13004,467,-239, NO_EVENT
112155,73612,73603,22603,512,224, NO_EVENT
112180,73607,73639,27603,531,139, NO_EVENT
112205,73475,73605,36272,532,34, NO_EVENT
112230,73573,73702,36583,562,98, NO_EVENT
112255,73632,73682,15032,379,59, NO_EVENT
112280,73570,73629,19002,385,-62, NO_EVENT
112305,73715,73635,6839,250,145, NO_EVENT
112330,73602,73670,16631,383,-113, NO_EVENT
112355,73682,73647,16412,398,34, NO_EVENT
112380,73452,73621,17292,378,-18, NO_EVENT
112405,73681,73590,17169,386,229, NO_EVENT
112430,73467,73640,10524,331,-214, NO_EVENT
112455,73616,73617,19443,417,149, NO_EVENT
112480,73421,73669,6718,387,-195, NO_EVENT
112505,73590,73612,15306,412,169, NO_EVENT
112530,73557,73634,8024,235,2, NO_EVENT
112555,73599,73605,8334,281,92, NO_EVENT
112580,73626,73639,7964,250,27, NO_EVENT
112605,73530,73607,7485,274,-96, NO_EVENT
112630,73490,73630,6688,287,-40, NO_EVENT
112655,73556,73635,16988,411,66, NO_EVENT
112680,73589,73615,12416,325,33, NO_EVENT
112705,73611,73616,10060,306,83, NO_EVENT
112730,73685,73695,18406,422,-1, NO_EVENT
112755,73485,73614,8780,317,-200, NO_EVENT
112780,73601,73650,11051,368,116, NO_EVENT
112805,73610,73642,7371,267,9, NO_EVENT
112830,73513,73652,14981,370,-97, NO_EVENT
112855,73590,73654,14189,366,77, NO_EVENT
112880,73603,73587,11959,328,60, NO_EVENT
112905,73604,73673,18087,372,56, NO_EVENT
112930,73462,73575,5345,262,-142, NO_EVENT
112955,73682,73631,21677,456,220, NO_EVENT
112980,73438,73623,17034,412,-244, NO_EVENT
113005,73464,73612,13250,385,26, NO_EVENT
113030,73581,73628,20486,441,117, NO_EVENT
113055,73638,73602,12984,353,173, NO_EVENT
113080,73532,73602,11029,302,-53, NO_EVENT
113105,73587,73590,2809,166,55, NO_EVENT
113130,73407,73656,12099,413,-180, NO_EVENT
113155,73660,73561,14958,375,253, NO_EVENT
113180,73634,73640,14501,377,-26, NO_EVENT
113205,73654,73661,13942,392,20, NO_EVENT
113230,73612,73631,4206,207,-42, NO_EVENT
113255,73614,73608,10744,305,122, NO_EVENT
113280,73515,73601,2802,178,-83, NO_EVENT
113305,73528,73597,12876,350,13, NO_EVENT
113330,73568,73645,17652,363,40, NO_EVENT
113355,73832,73637,27604,487,264, NO_EVENT
113380,73571,73681,26406,510,-261, NO_EVENT
113405,73658,73621,32327,594,87, NO_EVENT
113430,73645,73652,21015,411,18, NO_EVENT
113455,73629,73635,10704,330,112, NO_EVENT
113480,73463,73646,30909,534,-166, NO_EVENT
113505,73607,73613,23844,481,144, NO_EVENT
113530,73482,73625,9845,311,-125, NO_EVENT
113555,73576,73587,5626,247,94, NO_EVENT
113580,73624,73621,10670,345,48, NO_EVENT
113605,73701,73650,4056,198,171, NO_EVENT
113630,73588,73583,4946,203,122, NO_EVENT
113655,73679,73575,17053,412,91, NO_EVENT
113680,73695,73624,15951,419,16, NO_EVENT
113705,73713,73629,5728,213,18, NO_EVENT
113730,73506,73624,12174,330,-207, NO_EVENT
113755,73637,73589,8576,269,131, NO_EVENT
113780,73563,73609,9072,273,-205, NO_EVENT
113805,73647,73636,4433,214,49, NO_EVENT
113830,73717,73622,2784,159,70, NO_EVENT
113855,73500,73598,4992,217,-217, NO_EVENT
113880,73709,73566,10741,300,209, NO_EVENT
113905,73488,73630,14983,382,-221, NO_EVENT
113930,73610,73564,3096,134,122, NO_EVENT
113955,73612,73582,26418,501,167, NO_EVENT
113980,73586,73607,4514,213,-2, NO_EVENT
114005,73701,73607,5451,218,115, NO_EVENT
114030,73458,73639,4303,263,-243, NO_EVENT
114055,73498,73613,12696,378,40, NO_EVENT
114080,73526,73603,7130,234,28, NO_EVENT
114105,73643,73614,14655,334,117, NO_EVENT
114130,73570,73660,21498,417,-186, NO_EVENT
114155,73617,73602,7257,262,122, NO_EVENT
114180,73510,73645,8140,269,-107, NO_EVENT
114205,73612,73606,14472,392,102, NO_EVENT
114230,73415,73620,5763,303,-197, NO_EVENT
114255,73731,73659,14367,393,316, NO_EVENT
114280,73548,73694,4566,278,-183, NO_EVENT
114305,73697,73657,10487,322,149, NO_EVENT
114330,73598,73572,15679,395,231, NO_EVENT
114355,73697,73597,9415,264,264, NO_EVENT
114380,73551,73665,6138,233,-146, NO_EVENT
114405,73532,73614,2920,185,-19, NO_EVENT
114430,73559,73655,15102,361,27, NO_EVENT
114455,73455,73599,10892,360,-104, NO_EVENT
114480,73596,73593,8332,284,141, NO_EVENT
114505,73663,73655,9767,298,-115, NO_EVENT
114530,73547,73590,3006,168,-29, NO_EVENT
114555,73661,73622,13508,360,114, NO_EVENT
114580,73579,73597,16569,448,-82, NO_EVENT
114605,73584,73598,23398,489,5, NO_EVENT
114630,73577,73649,18634,397,-7, NO_EVENT
114655,73567,73617,14030,356,-10, NO_EVENT
114680,73657,73692,23897,464,-184, NO_EVENT
114705,73662,73604,6817,229,144, NO_EVENT
114730,73484,73631,6245,259,-178, NO_EVENT
114755,73644,73561,18575,422,160, NO_EVENT
114780,73455,73645,20627,417,-189, NO_EVENT
114805,73452,73619,13844,403,-3, NO_EVENT
114830,73507,73650,54354,658,55, NO_EVENT
114855,73598,73600,11612,364,171, NO_EVENT
114880,73656,73588,12499,323,201, NO_EVENT
114905,73691,73653,6368,228,35, NO_EVENT
114930,73457,73616,8996,335,-234, NO_EVENT
114955,73502,73610,20059,469,45, NO_EVENT
114980,73424,73602,15214,428,-78, NO_EVENT
115005,73590,73631,35345,552,166, NO_EVENT
115030,73588,73619,11681,293,61, NO_EVENT
115055,73673,73685,12260,318,79, NO_EVENT
115080,73672,73660,2438,152,-1, NO_EVENT
115105,73544,73735,34708,474,-128, NO_EVENT
115130,73561,73584,16338,389,17, NO_EVENT
115155,73340,73629,18112,524,-221, NO_EVENT
115180,73641,73643,27316,574,301, NO_EVENT
115205,73716,73668,13051,301,-66, NO_EVENT
115230,73668,73617,11486,294,168, NO_EVENT
115255,73609,73596,11249,345,-59, NO_EVENT
115280,73680,73624,16500,372,71, NO_EVENT
115305,73620,73671,18116,409,-60, NO_EVENT
115330,73744,73629,20574,395,124, NO_EVENT
115355,73722,73678,18925,420,-22, NO_EVENT
115380,73701,73688,8728,277,-14, NO_EVENT
115405,73614,73654,15471,403,-45, NO_EVENT
115430,73564,73615,12532,348,-50, NO_EVENT
115455,73560,73605,5779,221,-4, NO_EVENT
115480,73384,73636,13116,428,-176, NO_EVENT
115505,73694,73584,26215,521,310, NO_EVENT
115530,73626,73694,8606,281,-68, NO_EVENT
115555,73691,73707,7625,254,31, NO_EVENT
115580,73665,73644,29256,526,-83, NO_EVENT
115605,73524,73654,4597,241,-141, NO_EVENT
115630,73471,73672,14605,414,-53, NO_EVENT
115655,73584,73687,14317,429,113, NO_EVENT
115680,73469,73635,10441,377,-115, NO_EVENT
115705,73565,73615,17663,422,96, NO_EVENT
115730,73651,73648,1972,134,86, NO_EVENT
115755,73545,73619,14043,359,-19, NO_EVENT
115780,73685,73592,4839,203,203, NO_EVENT
115805,73518,73637,13957,351,-167, NO_EVENT
115830,73560,73614,13485,347,42, NO_EVENT
115855,73694,73680,7421,235,134, NO_EVENT
115880,73494,73675,10223,354,-200, NO_EVENT
115905,73670,73591,4191,176,176, NO_EVENT
115930,73578,73587,12318,343,-87, NO_EVENT
115955,73692,73645,4504,208,30, NO_EVENT
115980,73614,73596,2138,171,-78, NO_EVENT
116005,73627,73660,9193,283,13, NO_EVENT
116030,73512,73631,7010,264,-115, NO_EVENT
116055,73571,73654,17508,373,59, NO_EVENT
116080,73652,73635,10261,315,81, NO_EVENT
116105,73648,73654,3715,191,13, NO_EVENT
116130,73625,73583,5625,179,154, NO_EVENT
116155,73706,73594,17604,370,81, NO_EVENT
116180,73414,73685,13875,429,-292, NO_EVENT
116205,73691,73673,19648,453,277, NO_EVENT
116230,73581,73660,4363,202,-110, NO_EVENT
116255,73602,73631,14905,417,21, NO_EVENT
116280,73533,73632,8800,295,-70, NO_EVENT
116305,73709,73644,13234,339,211, NO_EVENT
116330,73549,73613,14097,350,-160, NO_EVENT
116355,73498,73600,2239,166,-51, NO_EVENT
116380,73652,73688,17624,389,154, NO_EVENT
116405,73554,73657,12797,358,-98, NO_EVENT
116430,73687,73653,9900,307,133, NO_EVENT
116455,73639,73711,7679,267,84, NO_EVENT
116480,73590,73635,15824,396,48, NO_EVENT
116505,73628,73670,15100,416,38, NO_EVENT
116530,73620,73625,10109,310,-8, NO_EVENT
116555,73527,73632,15864,367,-93, NO_EVENT
116580,73557,73613,13641,387,30, NO_EVENT
116605,73541,73642,6868,239,-16, NO_EVENT
116630,73692,73679,22938,505,216, NO_EVENT
116655,73636,73623,14864,346,-81, NO_EVENT
116680,73875,73634,17356,445,239, NO_EVENT
116705,73637,73714,9397,282,-238, NO_EVENT
116730,73503,73625,17108,409,-134, NO_EVENT
116755,73565,73625,10292,310,62, NO_EVENT
116780,73697,73701,26450,489,132, NO_EVENT
116805,73615,73606,23009,479,19, NO_EVENT
116830,73571,73620,6047,208,-29, NO_EVENT
116855,73575,73597,1244,108,4, NO_EVENT
116880,73636,73659,9107,235,61, NO_EVENT
116905,73409,73617,12895,360,-227, NO_EVENT
116930,73573,73571,12804,334,164, NO_EVENT
116955,73565,73625,7038,224,-8, NO_EVENT
116980,73590,73649,21652,470,-10, NO_EVENT
117005,73756,73622,15464,317,262, NO_EVENT
117030,73609,73621,7237,287,-147, NO_EVENT
117055,73609,73683,16646,346,0, NO_EVENT
117080,73666,73669,9594,298,57, NO_EVENT
117105,73603,73645,4548,203,-63, NO_EVENT
117130,73517,73603,15353,387,-86, NO_EVENT
117155,73688,73661,14536,391,171, NO_EVENT
117180,73604,73606,17441,391,80, NO_EVENT
117205,73621,73539,1615,124,79, NO_EVENT
117230,73629,73615,14320,367,8, NO_EVENT
117255,73625,73614,21749,494,-4, NO_EVENT
117280,73526,73668,5062,236,-99, NO_EVENT
117305,73581,73637,3980,229,55, NO_EVENT
117330,73638,73637,7955,286,57, NO_EVENT
117355,73564,73611,13249,358,8, NO_EVENT
117380,73629,73586,4665,229,53, NO_EVENT
117405,73586,73651,26338,497,-43, NO_EVENT
117430,73628,73598,1147,94,42, NO_EVENT
117455,73674,73645,9372,323,46, NO_EVENT
117480,73663,73664,16888,417,-11, NO_EVENT
117505,73724,73658,7742,255,61, NO_EVENT
117530,73605,73682,10293,283,-161, NO_EVENT
117555,73608,73607,13401,353,12, NO_EVENT
117580,73583,73643,10357,323,-25, NO_EVENT
117605,73508,73651,7158,292,-75, NO_EVENT
117630,73654,73626,9264,287,146, NO_EVENT
117655,73394,73682,21908,599,-260, NO_EVENT
117680,73579,73641,19608,473,185, NO_EVENT
117705,73676,73615,23179,523,309, NO_EVENT
117730,73607,73642,27373,487,-141, NO_EVENT
117755,73565,73641,25308,525,-42, NO_EVENT
117780,73891,73583,12774,453,326, NO_EVENT
117805,73584,73688,13557,313,-307, NO_EVENT
117830,73564,73667,13873,367,-20, NO_EVENT
117855,73579,73655,24405,443,15, NO_EVENT
117880,73660,73604,19322,457,244, NO_EVENT
117905,73653,73575,25309,479,166, NO_EVENT
117930,73597,73641,7275,228,-56, NO_EVENT
117955,73687,73609,15700,399,90, NO_EVENT
117980,73451,73606,8540,288,-236, NO_EVENT
118005,73535,73645,18025,428,84, NO_EVENT
118030,73648,73644,10063,304,113, NO_EVENT
118055,73600,73644,31244,554,198, NO_EVENT
118080,73608,73668,6695,235,-11, NO_EVENT
118105,73631,73604,5601,223,23, NO_EVENT
118130,73569,73641,26388,406,-62, NO_EVENT
118155,73603,73648,4380,193,34, NO_EVENT
118180,73610,73654,7823,261,7, NO_EVENT
118205,73594,73572,7894,288,-16, NO_EVENT
118230,73723,73622,26922,496,277, NO_EVENT
118255,73597,73573,19845,411,110, NO_EVENT
118280,73638,73614,1007,96,41, NO_EVENT
118305,73583,73618,15023,355,-55, NO_EVENT
118330,73530,73631,9219,288,-53, NO_EVENT
118355,73480,73649,9704,371,-50, NO_EVENT
118380,73751,73607,21973,437,271, NO_EVENT
118405,73482,73681,29517,541,-269, NO_EVENT
118430,73614,73687,18488,412,2, NO_EVENT
118455,73736,73594,8490,285,87, NO_EVENT
118480,73555,73672,11954,320,-181, NO_EVENT
118505,73633,73659,7140,237,78, NO_EVENT
118530,73672,73569,13239,350,39, NO_EVENT
118555,73476,73644,10568,382,-196, NO_EVENT
118580,73606,73616,8333,315,130, NO_EVENT
118605,73719,73643,30214,554,21, NO_EVENT
118630,73617,73532,18719,334,261, NO_EVENT
118655,73624,73631,24952,512,7, NO_EVENT
118680,73717,73700,12724,330,93, NO_EVENT
118705,73658,73689,8663,263,-59, NO_EVENT
118730,73702,73652,21254,422,44, NO_EVENT
118755,73582,73605,11149,311,-120, NO_EVENT
118780,73588,73657,12702,328,82, NO_EVENT
118805,73670,73565,8190,246,151, NO_EVENT
118830,73597,73552,14656,332,-73, NO_EVENT
118855,73596,73631,16864,405,-1, NO_EVENT
118880,73467,73600,10918,308,-129, NO_EVENT
118905,73656,73624,24952,491,189, NO_EVENT
118930,73571,73632,15923,367,-85, NO_EVENT
118955,73599,73630,14382,351,89, NO_EVENT
118980,73744,73645,6550,224,193, NO_EVENT
119005,73632,73623,2984,210,-112, NO_EVENT
119030,73631,73683,9409,289,-1, NO_EVENT
119055,73527,73666,3100,224,-104, NO_EVENT
119080,73477,73624,34997,606,-50, NO_EVENT
119105,73639,73583,22000,451,162, NO_EVENT
119130,73566,73604,23506,503,-1, NO_EVENT
119155,73648,73645,11111,309,50, NO_EVENT
119180,73641,73698,13813,362,-7, NO_EVENT
119205,73683,73612,8337,288,42, NO_EVENT
119230,73624,73644,2396,126,-59, NO_EVENT
119255,73726,73693,15508,377,102, NO_EVENT
119280,73667,73662,7344,273,-59, NO_EVENT
119305,73735,73613,20244,417,228, NO_EVENT
119330,73724,73682,13453,363,189, NO_EVENT
119355,73710,73635,6191,222,-14, NO_EVENT
119380,73658,73681,11109,320,-52, NO_EVENT
119405,73588,73623,4793,196,-70, NO_EVENT
119430,73640,73653,24578,497,52, NO_EVENT
119455,73658,73661,16471,373,18, NO_EVENT
119480,73677,73615,14774,414,88, NO_EVENT
119505,73626,73660,23856,464,76, NO_EVENT
119530,73617,73602,4320,191,-9, NO_EVENT
119555,73645,73646,14487,399,28, NO_EVENT
119580,73552,73661,4308,193,-93, NO_EVENT
119605,73572,73626,8602,269,20, NO_EVENT
119630,73631,73647,18541,344,59, NO_EVENT
119655,73625,73637,17041,416,27, NO_EVENT
119680,73630,73647,17290,402,106, NO_EVENT
119705,73636,73642,10119,298,6, NO_EVENT
119730,73656,73686,13301,332,20, NO_EVENT
119755,73571,73589,10050,297,-85, NO_EVENT
119780,73525,73666,7061,311,-46, NO_EVENT
119805,73586,73680,26664,465,61, NO_EVENT
119830,73644,73661,18316,409,144, NO_EVENT
119855,73722,73661,9689,315,86, NO_EVENT
119880,73631,73655,8866,293,-91, NO_EVENT
119905,73576,73657,32379,536,-55, NO_EVENT
119930,73658,73612,2823,156,82, NO_EVENT
119955,73632,73675,17051,369,-26, NO_EVENT
119980,73598,73643,19052,407,-34, NO_EVENT
120005,73593,73608,11330,328,102, NO_EVENT
120030,73534,73656,27459,458,1, NO_EVENT
120055,73717,73589,7270,275,183, NO_EVENT
120080,73602,73661,12726,305,-115, NO_EVENT
120105,73623,73644,5876,235,21, NO_EVENT
120130,73491,73647,2282,211,-132, NO_EVENT
120155,73707,73675,10769,348,216, NO_EVENT
120180,73589,73644,14003,349,17, NO_EVENT
120205,73572,73673,21464,393,-16, NO_EVENT
120230,73633,73658,2297,182,61, NO_EVENT
120255,73621,73593,15510,386,-12, NO_EVENT
120280,73590,73620,19127,462,-31, NO_EVENT
120305,73537,73596,1742,142,-53, NO_EVENT
120330,73550,73649,17579,399,13, NO_EVENT
120355,73568,73621,32261,526,18, NO_EVENT
120380,73585,73707,14048,296,-57, NO_EVENT
120405,73600,73556,2070,122,32, NO_EVENT
120430,73570,73631,7259,236,-30, NO_EVENT
120455,73599,73633,10630,300,29, NO_EVENT
120480,73667,73622,16672,409,68, NO_EVENT
120505,73588,73659,15559,408,-79, NO_EVENT
120530,73576,73682,18887,409,-12, NO_EVENT
120555,73577,73650,15540,326,13, NO_EVENT
120580,73680,73589,3348,189,189, NO_EVENT
120605,73593,73615,7045,239,-87, NO_EVENT
120630,73626,73650,14103,356,33, NO_EVENT
120655,73647,73653,6818,237,21, NO_EVENT
120680,73513,73664,9065,356,-134, NO_EVENT
120705,73646,73636,16289,389,133, NO_EVENT
120730,73699,73692,16852,431,12, NO_EVENT
120755,73552,73482,7927,244,200, NO_EVENT
120780,73621,73647,9366,301,69, NO_EVENT
120805,73555,73644,26526,470,-66, NO_EVENT
120830,73634,73636,19966,415,79, NO_EVENT
120855,73691,73657,9299,289,57, NO_EVENT
120880,73608,73672,11047,325,-83, NO_EVENT
120905,73653,73651,16235,364,211, NO_EVENT
120930,73546,73577,20231,449,177, NO_EVENT
120955,73602,73635,19760,408,56, NO_EVENT
120980,73612,73648,14653,412,10, NO_EVENT
121005,73627,73702,15334,365,15, NO_EVENT
121030,73633,73672,5879,243,6, NO_EVENT
121055,73651,73670,8172,301,18, NO_EVENT
121080,73632,73593,21701,450,136, NO_EVENT
121105,73586,73560,13950,375,118, NO_EVENT
121130,73638,73659,7270,226,52, NO_EVENT
121155,73624,73679,37920,639,-14, NO_EVENT
121180,73622,73603,8509,281,-2, NO_EVENT
121205,73555,73625,6504,213,-67, NO_EVENT
121230,73610,73638,11861,336,55, NO_EVENT
121255,73586,73681,12651,335,-116, NO_EVENT
121280,73639,73692,17902,434,-54, NO_EVENT
121305,73659,73668,50099,679,20, NO_EVENT
121330,73677,73669,2770,177,18, NO_EVENT
121355,73599,73667,3623,152,-78, NO_EVENT
121380,73564,73654,10911,326,-35, NO_EVENT
121405,73656,73666,24060,459,92, NO_EVENT
121430,73572,73624,13922,308,65, NO_EVENT
121455,73615,73634,16832,384,176, NO_EVENT
121480,73585,73625,28819,538,-30, NO_EVENT
121505,73702,73655,9134,299,117, NO_EVENT
121530,73659,73634,2425,157,-43, NO_EVENT
121555,73636,73624,7635,227,-23, NO_EVENT
121580,73669,73639,34030,576,33, NO_EVENT
121605,73690,73662,16689,382,-14, NO_EVENT
121630,73630,73625,20127,423,-1, NO_EVENT
121655,73578,73621,12383,325,-52, NO_EVENT
121680,73951,73699,22527,423,373, NO_EVENT
121705,73618,73701,11239,336,-333, NO_EVENT
121730,73600,73652,9761,332,-18, NO_EVENT
121755,73650,73671,24810,490,50, NO_EVENT
121780,73775,73654,33661,513,392, NO_EVENT
121805,73654,73619,11992,332,101, NO_EVENT
121830,73633,73607,3176,178,-21, NO_EVENT
121855,73654,73605,5904,240,21, NO_EVENT
121880,73530,73621,8527,285,-124, NO_EVENT
121905,73613,73600,8617,284,83, NO_EVENT
121930,73699,73637,2464,146,86, NO_EVENT
121955,73691,73621,21192,429,228, NO_EVENT
121980,73535,73571,29713,512,-82, NO_EVENT
122005,73637,73643,11307,340,102, NO_EVENT
122030,73564,73588,17087,371,-73, NO_EVENT
122055,73591,73619,4355,209,27, NO_EVENT
122080,73601,73620,17313,387,10, NO_EVENT
122105,73573,73602,1138,105,-28, NO_EVENT
122130,73581,73638,15420,368,8, NO_EVENT
122155,73678,73676,11544,303,144, NO_EVENT
122180,73639,73652,5685,207,-84, NO_EVENT
122205,73514,73617,25688,479,-125, NO_EVENT
122230,73630,73612,9326,291,116, NO_EVENT
122255,73574,73632,11045,344,-56, NO_EVENT
122280,73531,73588,10190,290,-43, NO_EVENT
122305,73645,73648,11622,345,114, NO_EVENT
122330,73647,73654,24802,486,-35, NO_EVENT
122355,73581,73565,7233,240,-30, NO_EVENT
122380,73609,73660,11161,317,28, NO_EVENT
122405,73639,73613,22270,465,30, NO_EVENT
122430,73618,73653,21375,387,-21, NO_EVENT
122455,73728,73675,8402,272,110, NO_EVENT
122480,73595,73632,16345,393,-133, NO_EVENT
122505,73590,73629,14847,335,49, NO_EVENT
122530,73740,73601,6761,280,134, NO_EVENT
122555,73616,73651,10934,295,-124, NO_EVENT
122580,73625,73580,19743,449,9, NO_EVENT
122605,73762,73671,28571,529,137, NO_EVENT
122630,73585,73649,10140,318,-177, NO_EVENT
122655,73556,73627,7321,257,-29, NO_EVENT
122680,73535,73649,21546,445,-50, NO_EVENT
122705,73627,73645,1616,124,-26, NO_EVENT
122730,73576,73626,17473,399,-51, NO_EVENT
122755,73630,73633,8927,289,54, NO_EVENT
122780,73532,73594,6072,228,-98, NO_EVENT
122805,73616,73645,19353,423,84, NO_EVENT
122830,73647,73620,11075,342,31, NO_EVENT
122855,73654,73669,24770,526,-10, NO_EVENT
122880,73586,73613,2896,149,-11, NO_EVENT
122905,73596,73571,14451,421,10, NO_EVENT
122930,73724,73632,18183,444,128, NO_EVENT
122955,73715,73604,16396,380,-9, NO_EVENT
122980,73583,73631,11945,321,-132, NO_EVENT
123005,73658,73609,8562,290,75, NO_EVENT
123030,73614,73608,20113,457,-83, NO_EVENT
123055,73661,73554,21496,460,291, NO_EVENT
123080,73576,73632,36894,655,-85, NO_EVENT
123105,73592,73620,7234,282,16, NO_EVENT
123130,73605,73668,7649,265,13, NO_EVENT
123155,73618,73622,13398,309,13, NO_EVENT
123180,73595,73608,22067,492,-23, NO_EVENT
123205,73682,73717,29235,517,83, NO_EVENT
123230,73625,73607,19418,440,-51, NO_EVENT
123255,73596,73613,7141,250,-29, NO_EVENT
123280,73565,73654,8443,276,-31, NO_EVENT
123305,73631,73676,15564,342,66, NO_EVENT
123330,73582,73619,26524,476,-49, NO_EVENT
123355,73645,73618,2998,167,63, NO_EVENT
123380,73726,73670,21098,443,-10, NO_EVENT
123405,73745,73633,13880,345,200, NO_EVENT
123430,73703,73593,18584,418,-42, NO_EVENT
123455,73647,73631,4740,192,-56, NO_EVENT
123480,73655,73618,9984,311,8, NO_EVENT
123505,73692,73637,18129,414,37, NO_EVENT
123530,73605,73670,17461,411,-87, NO_EVENT
123555,73579,73596,1406,114,-20, NO_EVENT
123580,73572,73662,9827,306,-94, NO_EVENT
123605,73637,73622,18732,403,65, NO_EVENT
123630,73597,73632,18135,356,-40, NO_EVENT
123655,73634,73629,15923,436,37, NO_EVENT
123680,73660,73664,9653,271,26, NO_EVENT
123705,73501,73628,15316,346,-159, NO_EVENT
123730,73625,73630,10021,311,23, NO_EVENT
123755,73604,73671,26645,545,-60, NO_EVENT
123780,73690,73652,13197,379,86, NO_EVENT
123805,73612,73621,5789,221,-78, NO_EVENT
123830,73799,73612,16501,420,187, NO_EVENT
123855,73579,73627,13907,327,-220, NO_EVENT
123880,73607,73607,6425,258,28, NO_EVENT
123905,73603,73623,8837,305,10, NO_EVENT
123930,73694,73624,17052,358,216, NO_EVENT
123955,73586,73649,10291,247,-108, NO_EVENT
123980,73595,73673,36529,545,9, NO_EVENT
124005,73615,73573,21349,448,20, NO_EVENT
124030,73582,73607,12312,349,-33, NO_EVENT
124055,73528,73604,8076,268,-54, NO_EVENT
124080,73602,73654,10139,326,-45, NO_EVENT
124105,73532,73636,15757,347,-52, NO_EVENT
124130,73702,73604,1984,170,170, NO_EVENT
124155,73658,73617,3581,144,-44, NO_EVENT
124180,73566,73672,4215,199,-92, NO_EVENT
124205,73643,73649,18497,418,77, NO_EVENT
124230,73593,73623,10356,326,-50, NO_EVENT
124255,73597,73645,13122,336,-57, NO_EVENT
124280,73645,73652,7495,252,-48, NO_EVENT
124305,73643,73608,7191,267,-2, NO_EVENT
124330,73602,73574,3577,183,-41, NO_EVENT
124355,73617,73589,9736,320,15, NO_EVENT
124380,73615,73665,17746,401,-2, NO_EVENT
124405,73617,73628,7049,288,2, NO_EVENT
124430,73628,73614,6912,278,11, NO_EVENT
124455,73572,73659,18086,425,-148, NO_EVENT
124480,73626,73614,1098,89,-17, NO_EVENT
124505,73626,73718,33492,516,0, NO_EVENT
124530,73586,73608,20954,449,-40, NO_EVENT
124555,73547,73575,16773,447,-39, NO_EVENT
124580,73735,73614,8724,296,188, NO_EVENT
124605,73479,73643,15232,345,-256, NO_EVENT
124630,73654,73649,35247,518,178, NO_EVENT
124655,73636,73613,8500,300,-97, NO_EVENT
124680,73728,73650,9865,297,92, NO_EVENT
124705,73647,73665,5559,219,-81, NO_EVENT
124730,73607,73580,7393,237,-40, NO_EVENT
124755,73606,73642,8141,289,-1, NO_EVENT
124780,73580,73678,11234,318,-26, NO_EVENT
124805,73562,73640,13415,350,-31, NO_EVENT
124830,73670,73644,9193,240,174, NO_EVENT
124855,73602,73576,8371,289,-68, NO_EVENT
124880,73697,73629,24263,505,95, NO_EVENT
124905,73621,73689,10706,291,-76, NO_EVENT
124930,73622,73564,9173,309,1, NO_EVENT
124955,73593,73694,14781,333,-29, NO_EVENT
124980,73681,73645,7582,280,5, NO_EVENT
125005,73696,73624,7574,250,118, NO_EVENT
125030,73617,73570,19433,436,-79, NO_EVENT
125055,73673,73621,2496,140,56, NO_EVENT
125080,73600,73660,18621,410,-73, NO_EVENT
125105,73647,73653,16104,376,47, NO_EVENT
125130,73647,73643,9564,314,0, NO_EVENT
125155,73669,73640,2885,145,82, NO_EVENT
125180,73576,73622,10770,314,-22, NO_EVENT
125205,73596,73641,5899,210,20, NO_EVENT
125230,73627,73573,8399,268,31, NO_EVENT
125255,73600,73675,21471,413,-27, NO_EVENT
125280,73640,73634,3142,161,40, NO_EVENT
125305,73546,73680,16162,412,-94, NO_EVENT
125330,73582,73692,16780,394,-44, NO_EVENT
125355,73566,73649,22932,440,13, NO_EVENT
125380,73578,73628,27326,501,12, NO_EVENT
125405,73658,73627,8477,254,80, NO_EVENT
125430,73677,73635,9520,287,19, NO_EVENT
125455,73607,73670,17943,386,-70, NO_EVENT
125480,73626,73635,7919,253,19, NO_EVENT
125505,73649,73655,10761,365,-23, NO_EVENT
125530,73662,73611,5960,240,44, NO_EVENT
125555,73627,73589,7905,255,-35, NO_EVENT
125580,73586,73628,6203,247,-41, NO_EVENT
125605,73643,73617,6654,262,57, NO_EVENT
125630,73688,73632,807,99,45, NO_EVENT
125655,73707,73666,6399,247,19, NO_EVENT
125680,73623,73667,9954,331,-20, NO_EVENT
125705,73562,73623,2668,161,-35, NO_EVENT
125730,73622,73629,12715,365,60, NO_EVENT
125755,73547,73604,9088,329,-75, NO_EVENT
125780,73597,73647,15754,372,50, NO_EVENT
125805,73614,73644,12454,381,17, NO_EVENT
125830,73383,73607,38818,544,-231, NO_EVENT
125855,73621,73642,7568,255,23, NO_EVENT
125880,73686,73666,3977,190,-35, NO_EVENT
125905,73664,73603,15348,390,-22, NO_EVENT
125930,73552,73630,1484,136,-112, NO_EVENT
125955,73642,73614,14249,406,90, NO_EVENT
125980,73574,73717,3818,231,-68, NO_EVENT
126005,73643,73625,6412,237,69, NO_EVENT
126030,73465,73602,15774,324,-242, NO_EVENT
126055,73432,73590,5533,241,-200, NO_EVENT
126080,73619,73591,14463,384,187, NO_EVENT
126105,73633,73599,15664,361,14, NO_EVENT
126130,73630,73639,8234,300,-3, NO_EVENT
126155,73638,73646,9906,314,8, NO_EVENT
126180,73685,73628,15614,418,47, NO_EVENT
126205,73443,73628,12135,368,-242, NO_EVENT
126230,73617,73628,6031,217,-82, NO_EVENT
126255,73658,73603,3069,178,37, NO_EVENT
126280,73748,73684,28691,554,90, NO_EVENT
126305,73663,73652,13121,364,-85, NO_EVENT
126330,73563,73643,20985,437,-100, NO_EVENT
126355,73647,73643,12830,365,84, NO_EVENT
126380,73508,73662,15897,366,-139, NO_EVENT
126405,73452,73671,23435,414,-414, NO_EVENT
126430,73737,73605,4387,221,98, NO_EVENT
126455,73634,73659,42450,641,-103, NO_EVENT
126480,73613,73639,2810,177,-21, NO_EVENT
126505,73610,73626,9341,274,-3, NO_EVENT
126530,73651,73600,13802,384,41, NO_EVENT
126555,73689,73682,11948,362,38, NO_EVENT
126580,73600,73637,6501,250,18, NO_EVENT
126605,73566,73607,4541,207,42, NO_EVENT
126630,73588,73603,23067,520,22, NO_EVENT
126655,73736,73607,3133,216,148, NO_EVENT
126680,73630,73665,17892,386,-106, NO_EVENT
126705,73621,73601,7891,256,-9, NO_EVENT
126730,73595,73646,3074,140,-26, NO_EVENT
126755,73584,73621,22199,474,-100, NO_EVENT
126780,73636,73659,9811,312,20, NO_EVENT
126805,73583,73656,9734,308,-53, NO_EVENT
126830,73642,73620,5889,226,59, NO_EVENT
126855,73627,73655,11508,304,-15, NO_EVENT
126880,73721,73663,23114,513,94, NO_EVENT
126905,73497,73590,14448,346,-224, NO_EVENT
126930,73567,73645,9419,308,-56, NO_EVENT
126955,73502,73636,18239,423,-135, NO_EVENT
126980,73624,73633,10199,347,122, NO_EVENT
127005,73539,73666,16444,383,-85, NO_EVENT
127030,73613,73574,28515,556,74, NO_EVENT
127055,73655,73626,10531,340,42, NO_EVENT
127080,73746,73728,18304,383,91, NO_EVENT
127105,73507,73605,9197,278,-88, NO_EVENT
127130,73681,73673,26077,556,-53, NO_EVENT
127155,73639,73624,9189,316,-42, NO_EVENT
127180,73529,73672,9832,325,-110, NO_EVENT
127205,73699,73695,54914,709,170, NO_EVENT
127230,73643,73646,21232,468,-56, NO_EVENT
127255,73492,73630,11107,313,-151, NO_EVENT
127280,73525,73607,5895,224,-105, NO_EVENT
127305,73636,73625,11231,344,42, NO_EVENT
127330,73542,73642,11830,344,-94, NO_EVENT
127355,73644,73590,15250,352,102, NO_EVENT
127380,73658,73644,13133,386,14, NO_EVENT
127405,73582,73635,13551,362,-76, NO_EVENT
127430,73524,73640,12022,318,-58, NO_EVENT
127455,73709,73633,18956,436,156, NO_EVENT
127480,73684,73668,10589,304,108, NO_EVENT
127505,73561,73620,4331,211,-123, NO_EVENT
127530,73552,73611,8924,253,-9, NO_EVENT
127555,73611,73639,9020,291,59, NO_EVENT
127580,73490,73608,8154,303,-121, NO_EVENT
127605,73713,73643,15527,358,223, NO_EVENT
127630,73601,73634,9566,274,29, NO_EVENT
127655,73581,73628,8125,240,14, NO_EVENT
127680,73631,73628,9665,316,50, NO_EVENT
127705,73610,73642,18345,390,-21, NO_EVENT
127730,73626,73661,9019,284,16, NO_EVENT
127755,73577,73641,9786,303,-49, NO_EVENT
127780,73536,73655,12748,328,-41, NO_EVENT
127805,73582,73596,10061,315,7, NO_EVENT
127830,73501,73664,13936,347,-134, NO_EVENT
127855,73646,73642,23538,407,145, NO_EVENT
127880,73631,73619,23639,502,-15, NO_EVENT
127905,73646,73637,1258,107,15, NO_EVENT
127930,73572,73654,14628,389,-74, NO_EVENT
127955,73563,73645,11355,318,-9, NO_EVENT
127980,73603,73588,8213,293,40, NO_EVENT
128005,73525,73629,19360,386,-58, NO_EVENT
128030,73495,73601,7575,271,-141, NO_EVENT
128055,73609,73611,16205,375,114, NO_EVENT
128080,73604,73636,14633,356,-5, NO_EVENT
128105,73629,73616,11927,302,25, NO_EVENT
128130,73654,73618,5182,220,25, NO_EVENT
128155,73639,73640,4218,164,-15, NO_EVENT
128180,73680,73670,3180,153,51, NO_EVENT
128205,73617,73588,2859,164,50, NO_EVENT
128230,73561,73708,30724,541,-56, NO_EVENT
128255,73627,73553,2144,134,66, NO_EVENT
128280,73614,73642,3996,179,-13, NO_EVENT
128305,73699,73649,17272,457,85, NO_EVENT
128330,73576,73604,5028,230,-123, NO_EVENT
128355,73550,73684,14926,384,-82, NO_EVENT
128380,73575,73595,3559,179,51, NO_EVENT
128405,73547,73705,29463,536,-28, NO_EVENT
128430,73650,73647,9738,306,103, NO_EVENT
128455,73612,73615,11880,322,-38, NO_EVENT
128480,73564,73665,19653,448,-48, NO_EVENT
128505,73772,73623,9939,291,208, NO_EVENT
128530,73609,73678,11368,310,-60, NO_EVENT
128555,73468,73576,5178,191,-123, NO_EVENT
128580,73637,73646,26179,465,169, NO_EVENT
128605,73646,73629,8582,282,9, NO_EVENT
128630,73511,73594,7762,252,-135, NO_EVENT
128655,73707,73651,14913,402,196, NO_EVENT
128680,73407,73601,10710,326,-300, NO_EVENT
128705,73396,73568,9411,308,-230, NO_EVENT
128730,73457,73642,15747,439,-166, NO_EVENT
128755,73448,73658,25719,491,-9, NO_EVENT
128780,73637,73593,7494,309,189, NO_EVENT
128805,73511,73608,8115,259,-126, NO_EVENT
128830,73665,73643,30846,530,154, NO_EVENT
128855,73621,73684,11273,337,-44, NO_EVENT
128880,73589,73660,13880,370,-79, NO_EVENT
128905,73593,73630,6166,239,-13, NO_EVENT
128930,73509,73621,9470,275,-84, NO_EVENT
128955,73668,73639,13111,340,159, NO_EVENT
128980,73591,73655,17834,431,-77, NO_EVENT
129005,73584,73579,4682,195,-7, NO_EVENT
129030,73549,73586,13201,340,-35, NO_EVENT
129055,73632,73637,5119,226,-58, NO_EVENT
129080,73650,73617,7489,288,77, NO_EVENT
129105,73713,73679,7095,257,63, NO_EVENT
129130,73589,73659,28354,506,-124, NO_EVENT
129155,73568,73581,798,83,-21, NO_EVENT
129180,73565,73573,14826,382,-3, NO_EVENT
129205,73537,73566,7259,277,-28, NO_EVENT
129230,73545,73652,5898,250,-116, NO_EVENT
129255,73473,73593,13850,352,-146, NO_EVENT
129280,73557,73627,10996,352,84, NO_EVENT
129305,73626,73706,24703,458,69, NO_EVENT
129330,73638,73619,9041,318,12, NO_EVENT
129355,73585,73618,8498,296,-53, NO_EVENT
129380,73680,73694,32338,580,95, NO_EVENT
129405,73527,73614,3473,164,-130, NO_EVENT
129430,73371,73634,19348,451,-259, NO_EVENT
129455,73638,73622,4983,354,267, NO_EVENT
129480,73500,73638,17148,396,-138, NO_EVENT
129505,73566,73580,14659,372,66, NO_EVENT
129530,73622,73656,18938,406,56, NO_EVENT
129555,73537,73638,4999,243,-85, NO_EVENT
129580,73603,73649,7113,246,66, NO_EVENT
129605,73675,73680,6707,260,35, NO_EVENT
129630,73555,73603,5079,185,-115, NO_EVENT
129655,73566,73637,8781,265,11, NO_EVENT
129680,73676,73682,31751,548,110, NO_EVENT
129705,73530,73621,7134,259,-146, NO_EVENT
129730,73617,73677,19501,425,87, NO_EVENT
129755,73506,73619,11744,335,-111, NO_EVENT
129780,73491,73646,19318,420,-133, NO_EVENT
129805,73517,73518,5808,216,-76, NO_EVENT
129830,73510,73595,35273,578,-7, NO_EVENT
129855,73551,73614,22384,463,41, NO_EVENT
129880,73550,73575,10407,307,-1, NO_EVENT
129905,73582,73575,5444,222,32, NO_EVENT
129930,73655,73630,18681,467,73, NO_EVENT
129955,73553,73606,2247,120,-52, NO_EVENT
129980,73362,73583,7196,274,-213, NO_EVENT
130005,73482,73620,16191,469,120, NO_EVENT
130030,73658,73669,18997,449,176, NO_EVENT
130055,73588,73623,13644,364,-70, NO_EVENT
130080,73876,73626,3774,299,288, NO_EVENT
130105,73714,73704,20513,402,-162, NO_EVENT
130130,73659,73624,17623,424,79, NO_EVENT
130155,73775,73629,26882,512,156, NO_EVENT
130180,73682,73656,15196,403,-93, NO_EVENT
130205,73565,73627,15999,358,-117, NO_EVENT
130230,73551,73654,9230,257,-14, NO_EVENT
130255,73711,73682,7769,295,160, NO_EVENT
130280,73633,73666,4543,187,-78, NO_EVENT
130305,73493,73632,6101,246,-103, NO_EVENT
130330,73636,73663,2900,166,-1, NO_EVENT
130355,73581,73675,39030,587,-55, NO_EVENT
130380,73590,73679,12000,354,9, NO_EVENT
130405,73626,73661,13430,320,36, NO_EVENT
130430,73639,73631,5685,236,13, NO_EVENT
130455,73670,73686,5819,236,31, NO_EVENT
130480,73779,73653,16277,336,224, NO_EVENT
130505,73437,73678,17153,395,-148, NO_EVENT
130530,73561,73615,17470,421,124, NO_EVENT
130555,73478,73646,10981,378,-83, NO_EVENT
130580,73656,73680,21011,449,178, NO_EVENT
130605,73643,73624,15164,359,-13, NO_EVENT
130630,73689,73671,5569,234,46, NO_EVENT
130655,73574,73637,7068,230,-102, NO_EVENT
130680,73517,73589,1557,127,-127, NO_EVENT
130705,73651,73645,24146,487,134, NO_EVENT
130730,73548,73608,9072,315,-103, NO_EVENT
130755,73589,73617,7522,272,41, NO_EVENT
130780,73714,73660,6138,238,125, NO_EVENT
130805,73680,73655,6049,223,-34, NO_EVENT
130830,73557,73673,10568,302,-38, NO_EVENT
130855,73533,73657,11156,344,-69, NO_EVENT
130880,73549,73612,15996,392,16, NO_EVENT
130905,73504,73607,12508,353,-45, NO_EVENT
130930,73642,73649,9720,349,138, NO_EVENT
130955,73564,73632,5627,250,-78, NO_EVENT
130980,73598,73645,16339,385,34, NO_EVENT
131005,73428,73607,9475,297,-283, NO_EVENT
131030,73622,73605,4006,209,15, NO_EVENT
131055,73533,73648,19796,430,-89, NO_EVENT
131080,73703,73681,17637,392,170, NO_EVENT
131105,73547,73660,9324,310,-156, NO_EVENT
131130,73647,73600,19576,435,100, NO_EVENT
131155,73618,73658,17592,415,-29, NO_EVENT
131180,73727,73663,33955,592,137, NO_EVENT
131205,73542,73594,625,83,-75, NO_EVENT
131230,73700,73710,19524,429,158, NO_EVENT
131255,73644,73645,15222,346,-56, NO_EVENT
131280,73542,73679,14958,371,-102, NO_EVENT
131305,73705,73561,23067,511,163, NO_EVENT
131330,73531,73652,16845,368,-174, NO_EVENT
131355,73420,73579,21610,469,-183, NO_EVENT
131380,73413,73611,12048,355,-161, NO_EVENT
131405,73519,73614,9642,322,106, NO_EVENT
131430,73570,73690,19740,434,51, NO_EVENT
131455,73364,73595,22641,529,-206, NO_EVENT
131480,73580,73651,26195,532,216, NO_EVENT
131505,73583,73705,35619,545,3, NO_EVENT
131530,73618,73633,32334,598,-44, NO_EVENT
131555,73622,73672,6179,228,-85, NO_EVENT
131580,73396,73590,20018,368,-226, NO_EVENT
131605,73461,73624,18568,467,65, NO_EVENT
131630,73433,73601,16093,422,-28, NO_EVENT
131655,73708,73687,31825,586,275, NO_EVENT
131680,73547,73655,10969,331,-161, NO_EVENT
131705,73644,73648,23454,509,97, NO_EVENT
131730,73671,73753,39862,526,48, NO_EVENT
131755,73549,73583,8528,289,-184, NO_EVENT
131780,73501,73682,11890,374,-48, NO_EVENT
131805,73650,73619,19327,453,149, NO_EVENT
131830,73585,73675,24477,458,-65, NO_EVENT
131855,73618,73661,11040,323,33, NO_EVENT
131880,73523,73625,8570,295,-95, NO_EVENT
131905,73598,73612,6960,270,-15, NO_EVENT
131930,73368,73555,9859,306,-221, NO_EVENT
131955,73489,73607,18971,486,121, NO_EVENT
131980,73592,73674,13832,433,103, NO_EVENT
132005,73697,73649,3947,192,105, NO_EVENT
132030,73653,73631,3149,162,-44, NO_EVENT
132055,73586,73653,21711,469,-67, NO_EVENT
132080,73718,73654,21696,463,134, NO_EVENT
132105,73572,73627,12737,340,-142, NO_EVENT
132130,73525,73644,26710,487,-47, NO_EVENT
132155,73646,73645,5147,253,121, NO_EVENT
132180,73575,73675,31102,550,-71, NO_EVENT
132205,73694,73634,9890,294,119, NO_EVENT
132230,73528,73660,9457,293,-166, NO_EVENT
132255,73512,73594,9428,295,17, NO_EVENT
132280,73532,73642,3944,231,-117, NO_EVENT
132305,73478,73604,26252,482,-54, NO_EVENT
132330,73637,73656,8921,342,159, NO_EVENT
132355,73551,73687,16474,408,-86, NO_EVENT
132380,73605,73693,17485,420,54, NO_EVENT
132405,73605,73620,5941,249,0, NO_EVENT
132430,73408,73665,22226,515,-229, NO_EVENT
132455,73514,73621,6515,262,-128, NO_EVENT
132480,73473,73637,19555,405,-41, NO_EVENT
132505,73622,73655,15298,438,149, NO_EVENT
132530,73511,73616,42681,634,-111, NO_EVENT
132555,73615,73630,11286,332,104, NO_EVENT
132580,73635,73653,13068,337,20, NO_EVENT
132605,73651,73656,3284,159,53, NO_EVENT
132630,73622,73683,12530,344,-85, NO_EVENT
132655,73690,73669,8218,275,68, NO_EVENT
132680,73694,73713,26685,534,4, NO_EVENT
132705,73411,73590,20089,444,-283, NO_EVENT
132730,73577,73627,12516,393,166, NO_EVENT
132755,73428,73571,19926,403,-149, NO_EVENT
132780,73639,73665,17183,359,-157, NO_EVENT
132805,73513,73654,10600,321,-25, NO_EVENT
132830,73643,73672,6618,285,130, NO_EVENT
132855,73482,73629,21371,445,-161, NO_EVENT
132880,73501,73625,19746,434,19, NO_EVENT
132905,73497,73621,12037,294,-4, NO_EVENT
132930,73614,73652,22591,440,117, NO_EVENT
132955,73605,73611,11743,354,24, NO_EVENT
132980,73651,73667,7316,243,60, NO_EVENT
133005,73337,73628,19172,442,-314, NO_EVENT
133030,73643,73656,16390,551,306, NO_EVENT
133055,73730,73663,16369,419,87, NO_EVENT
133080,73597,73666,10571,287,-133, NO_EVENT
133105,73644,73668,8308,274,47, NO_EVENT
133130,73644,73667,2708,176,-18, NO_EVENT
133155,73465,73584,23029,436,-21, NO_EVENT
133180,73468,73609,8162,261,3, NO_EVENT
133205,73517,73641,27321,488,49, NO_EVENT
133230,73461,73600,25220,471,-56, NO_EVENT
133255,73609,73640,24164,463,148, NO_EVENT
133280,73600,73613,7419,276,-9, NO_EVENT
133305,73597,73595,14858,401,-3, NO_EVENT
133330,73469,73631,36718,532,-135, NO_EVENT
133355,73390,73555,11633,316,-316, NO_EVENT
133380,73664,73638,14612,467,274, NO_EVENT
133405,73556,73654,10218,300,-108, NO_EVENT
133430,73605,73645,17058,397,49, NO_EVENT
133455,73660,73571,15064,370,55, NO_EVENT
133480,73489,73697,24790,525,-171, NO_EVENT
133505,73532,73645,7356,252,-69, NO_EVENT
133530,73653,73630,5559,229,8, NO_EVENT
133555,73580,73716,38228,574,-73, NO_EVENT
133580,73630,73670,17752,422,50, NO_EVENT
133605,73634,73661,24238,442,4, NO_EVENT
133630,73640,73658,22620,453,6, NO_EVENT
133655,73685,73670,11294,352,45, NO_EVENT
133680,73476,73626,6022,240,-165, NO_EVENT
133705,73451,73565,5156,179,-154, NO_EVENT
133730,73616,73614,15604,415,165, NO_EVENT
133755,73647,73665,22151,507,31, NO_EVENT
133780,73613,73669,25060,472,-34, NO_EVENT
133805,73623,73672,8015,270,10, NO_EVENT
133830,73519,73670,14436,389,-104, NO_EVENT
133855,73473,73597,3807,210,-210, NO_EVENT
133880,73696,73635,3810,183,35, NO_EVENT
133905,73534,73695,12974,344,-162, NO_EVENT
133930,73583,73658,18180,434,49, NO_EVENT
133955,73692,73639,32618,563,109, NO_EVENT
133980,73581,73660,17995,425,-111, NO_EVENT
134005,73553,73617,11215,306,-28, NO_EVENT
134030,73671,73730,16978,426,106, NO_EVENT
134055,73593,73639,10854,305,15, NO_EVENT
134080,73760,73615,26918,443,167, NO_EVENT
134105,73528,73638,24511,437,-232, NO_EVENT
134130,73552,73611,23473,439,24, NO_EVENT
134155,73652,73692,12702,307,100, NO_EVENT
134180,73554,73656,16809,386,-98, NO_EVENT
134205,73583,73657,1402,118,-60, NO_EVENT
134230,73499,73639,7213,307,-154, NO_EVENT
134255,73526,73603,13658,362,27, NO_EVENT
134280,73525,73637,17241,429,-1, NO_EVENT
134305,73660,73625,9967,308,135, NO_EVENT
134330,73453,73620,11045,380,-207, NO_EVENT
134355,73632,73652,16053,416,179, NO_EVENT
134380,73620,73652,6451,243,25, NO_EVENT
134405,73489,73637,5452,255,-188, NO_EVENT
134430,73575,73649,11317,359,86, NO_EVENT
134455,73643,73626,11944,291,68, NO_EVENT
134480,73438,73623,7314,315,-205, NO_EVENT
134505,73513,73622,15409,407,75, NO_EVENT
134530,73635,73689,32226,524,122, NO_EVENT
134555,73553,73584,16213,422,-60, NO_EVENT
134580,73424,73606,13054,339,-339, NO_EVENT
134605,73637,73641,12264,436,213, NO_EVENT
134630,73563,73644,10199,309,-74, NO_EVENT
134655,73524,73611,20561,464,-39, NO_EVENT
134680,73573,73622,5998,254,49, NO_EVENT
134705,73602,73688,14033,324,29, NO_EVENT
134730,73625,73634,15957,386,-3, NO_EVENT
134755,73581,73611,8418,262,32, NO_EVENT
134780,73725,73642,12371,337,144, NO_EVENT
134805,73622,73700,21587,417,-103, NO_EVENT
134830,73460,73600,17684,393,-162, NO_EVENT
134855,73438,73579,17864,426,-22, NO_EVENT
134880,73640,73634,15578,430,202, NO_EVENT
134905,73637,73638,7764,273,-19, NO_EVENT
134930,73701,73672,12199,324,131, NO_EVENT
134955,73557,73621,1824,149,-68, NO_EVENT
134980,73715,73636,21554,470,158, NO_EVENT
135005,73746,73677,13485,333,31, NO_EVENT
135030,73499,73596,21086,440,-247, NO_EVENT
135055,73514,73639,8117,297,15, NO_EVENT
135080,73588,73598,6987,263,74, NO_EVENT
135105,73650,73626,4054,179,98, NO_EVENT
135130,73446,73539,9113,297,-129, NO_EVENT
135155,73631,73566,12293,317,185, NO_EVENT
135180,73428,73602,13026,390,-203, NO_EVENT
135205,73638,73629,20300,447,210, NO_EVENT
135230,73526,73688,16375,446,-112, NO_EVENT
135255,73519,73653,13124,337,-7, NO_EVENT
135280,73486,73589,2676,155,-130, NO_EVENT
135305,73547,73636,6495,207,-185, NO_EVENT
135330,73561,73585,24863,472,14, NO_EVENT
135355,73775,73661,9455,274,214, NO_EVENT
135380,73650,73693,27996,493,-125, NO_EVENT
135405,73499,73640,31601,604,-151, NO_EVENT
135430,73765,73623,14167,314,266, NO_EVENT
135455,73638,73662,8024,281,-12, NO_EVENT
135480,73472,73576,9601,266,-166, NO_EVENT
135505,73552,73637,18407,451,80, NO_EVENT
135530,73726,73667,24847,496,174, NO_EVENT
135555,73657,73631,17458,418,-69, NO_EVENT
135580,73712,73668,18583,427,55, NO_EVENT
135605,73584,73678,33927,544,-128, NO_EVENT
135630,73513,73659,13604,343,-115, NO_EVENT
135655,73465,73660,9339,312,-291, NO_EVENT
135680,73579,73627,23981,491,114, NO_EVENT
135705,73419,73660,18793,513,-160, NO_EVENT
135730,73710,73649,13417,434,291, NO_EVENT
135755,73675,73657,13751,379,-35, NO_EVENT
135780,73713,73671,37955,594,38, NO_EVENT
135805,73425,73576,24757,479,-74, NO_EVENT
135830,73538,73656,22466,453,-62, NO_EVENT
135855,73541,73635,19091,432,3, NO_EVENT
135880,73695,73615,16325,396,154, NO_EVENT
135905,73482,73628,22501,410,-213, NO_EVENT
135930,73442,73642,26636,460,-40, NO_EVENT
135955,73641,73623,19001,400,199, NO_EVENT
135980,73747,73663,12068,318,218, NO_EVENT
136005,73553,73662,17099,328,-39, NO_EVENT
136030,73566,73618,21699,494,13, NO_EVENT
136055,73575,73587,21990,460,9, NO_EVENT
136080,73704,73631,26426,518,129, NO_EVENT
136105,73594,73638,3031,151,-110, NO_EVENT
136130,73634,73654,8671,267,40, NO_EVENT
136155,73528,73624,13596,373,-80, NO_EVENT
136180,73490,73616,11591,333,-155, NO_EVENT
136205,73481,73611,19058,433,-9, NO_EVENT
136230,73476,73669,30086,521,-5, NO_EVENT
136255,73435,73580,21122,473,-41, NO_EVENT
136280,73678,73620,20772,473,243, NO_EVENT
136305,73618,73632,8184,285,-60, NO_EVENT
136330,73624,73671,18703,409,8, NO_EVENT
136355,73477,73685,29310,481,-21, NO_EVENT
136380,73631,73620,5427,284,154, NO_EVENT
136405,73556,73656,11340,307,-75, NO_EVENT
136430,73524,73659,12888,359,-32, NO_EVENT
136455,73508,73673,6235,256,-16, NO_EVENT
136480,73610,73623,23984,525,102, NO_EVENT
136505,73573,73653,19438,410,-37, NO_EVENT
136530,73674,73637,37719,617,362, NO_EVENT
136555,73513,73565,4759,175,13, NO_EVENT
136580,73630,73641,9249,269,117, NO_EVENT
136605,73588,73638,20561,468,-42, NO_EVENT
136630,73675,73681,32147,496,87, NO_EVENT
136655,73458,73589,19108,437,-217, NO_EVENT
136680,73663,73601,17025,394,205, NO_EVENT
136705,73501,73683,21992,461,-138, NO_EVENT
136730,73705,73594,7537,253,21, NO_EVENT
136755,73597,73626,6009,223,-108, NO_EVENT
136780,73650,73670,5871,233,53, NO_EVENT
136805,73402,73682,26088,553,-248, NO_EVENT
136830,73640,73675,14184,437,238, NO_EVENT
136855,73578,73613,28006,535,-62, NO_EVENT
136880,73516,73694,16052,405,-250, NO_EVENT
136905,73520,73616,3274,180,-68, NO_EVENT
136930,73792,73668,9580,299,272, NO_EVENT
136955,73495,73660,18258,402,-297, NO_EVENT
136980,73487,73616,22307,417,-8, NO_EVENT
137005,73551,73627,20632,445,64, NO_EVENT
137030,73712,73666,9640,270,161, NO_EVENT
137055,73654,73665,8839,271,34, NO_EVENT
137080,73563,73589,8072,242,-99, NO_EVENT
137105,73686,73611,22528,460,123, NO_EVENT
137130,73547,73653,21985,400,-139, NO_EVENT
137155,73473,73657,13761,383,-74, NO_EVENT
137180,73518,73633,19793,439,45, NO_EVENT
137205,73629,73643,11538,341,111, NO_EVENT
137230,73530,73631,8646,289,-22, NO_EVENT
137255,73532,73618,6887,215,-161, NO_EVENT
137280,73697,73628,21370,446,165, NO_EVENT
137305,73504,73685,10677,355,-193, NO_EVENT
137330,73536,73642,16795,358,32, NO_EVENT
137355,73544,73661,14183,372,8, NO_EVENT
137380,73543,73639,18448,363,-1, NO_EVENT
137405,73627,73654,10470,303,-1, NO_EVENT
137430,73617,73647,20505,431,98, NO_EVENT
137455,73536,73635,15178,378,-81, NO_EVENT
137480,73484,73658,9563,358,-52, NO_EVENT
137505,73650,73697,26421,494,166, NO_EVENT
137530,73490,73653,20092,456,-160, NO_EVENT
137555,73793,73645,35892,505,303, NO_EVENT
137580,73604,73626,23794,512,16, NO_EVENT
137605,73526,73639,11720,347,-74, NO_EVENT
137630,73573,73629,6369,265,47, NO_EVENT
137655,73465,73617,26599,539,-108, NO_EVENT
137680,73358,73628,36470,595,-107, NO_EVENT
137705,73617,73626,31863,610,259, NO_EVENT
137730,73571,73632,18737,433,-46, NO_EVENT
137755,73663,73677,26542,541,187, NO_EVENT
137780,73703,73560,33531,527,395, NO_EVENT
137805,73586,73628,11378,332,-117, NO_EVENT
137830,73682,73684,25147,459,96, NO_EVENT
137855,73600,73621,19407,431,-82, NO_EVENT
137880,73663,73602,29173,515,63, NO_EVENT
137905,73700,73659,42494,605,37, NO_EVENT
137930,73580,73596,14389,404,39, NO_EVENT
137955,73536,73635,18913,406,-131, NO_EVENT
137980,73474,73626,14259,353,-62, NO_EVENT
138005,73482,73634,19268,396,8, NO_EVENT
138030,73458,73627,17457,433,-24, NO_EVENT
138055,73558,73618,17860,448,100, NO_EVENT
138080,73596,73655,12746,352,38, NO_EVENT
138105,73589,73606,16641,376,110, NO_EVENT
138130,73641,73607,21091,420,188, NO_EVENT
138155,73507,73612,5365,252,-134, NO_EVENT
138180,73449,73660,13889,402,-58, NO_EVENT
138205,73473,73626,17370,448,24, NO_EVENT
138230,73582,73615,16318,398,109, NO_EVENT
138255,73554,73601,20149,469,-28, NO_EVENT
138280,73515,73627,11553,315,-39, NO_EVENT
138305,73689,73705,13094,339,-101, NO_EVENT
138330,73653,73555,4416,210,116, NO_EVENT
138355,73571,73645,13093,326,-82, NO_EVENT
138380,73571,73657,14901,378,0, NO_EVENT
138405,73684,73670,45022,661,113, NO_EVENT
138430,73489,73623,16667,424,-195, NO_EVENT
138455,73612,73559,21583,423,123, NO_EVENT
138480,73568,73653,16391,380,-201, NO_EVENT
138505,73553,73573,22795,500,216, NO_EVENT
138530,73601,73698,12150,324,48, NO_EVENT
138555,73471,73635,8655,347,-130, NO_EVENT
138580,73630,73617,18109,313,159, NO_EVENT
138605,73546,73641,13069,345,-84, NO_EVENT
138630,73617,73635,19130,435,71, NO_EVENT
138655,73622,73630,9100,286,42, NO_EVENT
138680,73650,73599,3902,156,148, NO_EVENT
138705,73549,73635,21270,458,-101, NO_EVENT
138730,73386,73617,9850,407,-163, NO_EVENT
138755,73696,73625,25948,508,310, NO_EVENT
138780,73540,73638,13424,359,-156, NO_EVENT
138805,73553,73627,20384,412,13, NO_EVENT
138830,73653,73607,18634,444,103, NO_EVENT
138855,73488,73617,6087,274,-91, NO_EVENT
138880,73536,73618,9125,332,48, NO_EVENT
138905,73487,73661,24646,464,-49, NO_EVENT
138930,73558,73679,12628,388,71, NO_EVENT
138955,73499,73586,11216,335,-59, NO_EVENT
138980,73590,73611,20355,436,91, NO_EVENT
139005,73599,73646,22854,503,146, NO_EVENT
139030,73583,73601,18879,424,79, NO_EVENT
139055,73523,73595,5628,237,-60, NO_EVENT
139080,73478,73628,20745,462,-45, NO_EVENT
139105,73688,73576,15770,372,210, NO_EVENT
139130,73694,73671,4809,236,6, NO_EVENT
139155,73662,73658,6287,226,-32, NO_EVENT
139180,73613,73650,15578,408,-6, NO_EVENT
139205,73634,73657,9924,294,-71, NO_EVENT
139230,73520,73620,12572,341,-114, NO_EVENT
139255,73506,73618,18610,405,-14, NO_EVENT
139280,73747,73631,11345,326,241, NO_EVENT
139305,73631,73579,16306,341,-116, NO_EVENT
139330,73666,73634,14814,380,35, NO_EVENT
139355,73635,73624,16339,382,194, NO_EVENT
139380,73682,73645,37393,599,230, NO_EVENT
139405,73646,73588,2632,166,-36, NO_EVENT
139430,73702,73687,24365,458,56, NO_EVENT
139455,73731,73682,19866,432,29, NO_EVENT
139480,73797,73702,16321,394,66, NO_EVENT
139505,73573,73675,11930,276,-224, NO_EVENT
139530,73520,73601,16483,432,-103, NO_EVENT
139555,73674,73636,35103,594,129, NO_EVENT
139580,73639,73657,10056,288,-35, NO_EVENT
139605,73411,73655,18066,442,-228, NO_EVENT
139630,73741,73600,22914,422,330, NO_EVENT
139655,73621,73609,36089,554,-120, NO_EVENT
139680,73615,73653,9944,295,-6, NO_EVENT
139705,73641,73687,21830,468,57, NO_EVENT
139730,73692,73624,17706,409,118, NO_EVENT
139755,73727,73577,14593,320,35, NO_EVENT
139780,73619,73661,20190,399,-108, NO_EVENT
139805,73660,73647,8638,295,41, NO_EVENT
139830,73464,73606,23401,488,-196, NO_EVENT
139855,73623,73629,23047,437,159, NO_EVENT
139880,73678,73662,16174,447,7, NO_EVENT
139905,73610,73659,15082,349,75, NO_EVENT
139930,73675,73656,7636,225,65, NO_EVENT
139955,73570,73624,30593,548,-105, NO_EVENT
139980,73634,73641,21692,446,64, NO_EVENT
140005,73601,73609,13994,387,-33, NO_EVENT
140030,73630,73685,11165,314,29, NO_EVENT
140055,73626,73640,8678,297,-4, NO_EVENT
140080,73636,73662,20869,421,91, NO_EVENT
140105,73747,73645,11581,302,228, NO_EVENT
140130,73645,73684,16354,338,-102, NO_EVENT
140155,73537,73642,11113,341,-108, NO_EVENT
140180,73582,73668,11767,345,45, NO_EVENT
140205,73501,73655,14756,413,-81, NO_EVENT
140230,73721,73616,27283,476,220, NO_EVENT
140255,73628,73693,17552,371,-123, NO_EVENT
140280,73669,73558,9257,251,216, NO_EVENT
140305,73578,73685,5360,212,-91, NO_EVENT
140330,73562,73675,16987,301,-16, NO_EVENT
140355,73701,73642,13482,334,139, NO_EVENT
140380,73542,73644,8213,276,-159, NO_EVENT
140405,73620,73631,15868,387,78, NO_EVENT
140430,73714,73637,21027,412,234, NO_EVENT
140455,73646,73582,6898,226,226, NO_EVENT
140480,73444,73614,27397,543,-202, NO_EVENT
140505,73407,73641,33659,475,-37, NO_EVENT
140530,73570,73655,26982,545,163, NO_EVENT
140555,73424,73664,20148,531,-146, NO_EVENT
140580,73685,73652,18362,457,261, NO_EVENT
140605,73555,73623,23106,461,18, NO_EVENT
140630,73599,73589,6742,239,73, NO_EVENT
140655,73609,73672,5973,234,10, NO_EVENT
140680,73604,73647,19799,446,-5, NO_EVENT
140705,73385,73681,18688,462,-219, NO_EVENT
140730,73648,73639,30521,598,263, NO_EVENT
140755,73656,73671,16087,427,8, NO_EVENT
140780,73657,73605,26837,496,202, NO_EVENT
140805,73649,73638,9335,290,100, NO_EVENT
140830,73678,73703,11428,306,29, NO_EVENT
140855,73524,73655,27405,556,-154, NO_EVENT
140880,73598,73623,10856,302,74, NO_EVENT
140905,73660,73658,20761,463,62, NO_EVENT
140930,73677,73673,5677,248,17, NO_EVENT
140955,73572,73618,17365,426,108, NO_EVENT
140980,73581,73605,21464,487,-38, NO_EVENT
141005,73626,73641,11411,287,45, NO_EVENT
141030,73397,73619,27138,539,-229, NO_EVENT
141055,73497,73614,45988,611,100, NO_EVENT
141080,73462,73607,23411,489,-35, NO_EVENT
141105,73658,73640,16983,368,196, NO_EVENT
141130,73614,73689,13995,390,-114, NO_EVENT
141155,73799,73697,34179,535,128, NO_EVENT
141180,73643,73641,18633,422,-156, NO_EVENT
141205,73724,73683,10683,292,81, NO_EVENT
141230,73588,73687,29382,486,-136, NO_EVENT
141255,73735,73641,16803,434,147, NO_EVENT
141280,73632,73701,22066,423,-103, NO_EVENT
141305,73719,73724,13710,361,111, NO_EVENT
141330,73631,73655,17957,440,55, NO_EVENT
141355,73687,73614,1917,129,56, NO_EVENT
141380,73558,73702,19325,441,-129, NO_EVENT
141405,73671,73654,6192,258,113, NO_EVENT
141430,73719,73680,7146,234,48, NO_EVENT
141455,73593,73630,8186,251,-126, NO_EVENT
141480,73601,73567,24850,462,242, NO_EVENT
141505,73674,73639,25616,515,9, NO_EVENT
141530,73659,73683,45189,633,-15, NO_EVENT
141555,73455,73671,12566,423,-204, NO_EVENT
141580,73538,73637,17555,399,83, NO_EVENT
141605,73506,73628,8497,301,-32, NO_EVENT
141630,73636,73709,22466,466,130, NO_EVENT
141655,73560,73646,11034,249,-38, NO_EVENT
141680,73665,73648,13702,361,64, NO_EVENT
141705,73602,73631,15908,425,-63, NO_EVENT
141730,73662,73610,5759,212,60, NO_EVENT
141755,73416,73632,8067,368,-246, NO_EVENT
141780,73534,73614,27480,459,118, NO_EVENT
141805,73736,73665,10866,287,202, NO_EVENT
141830,73611,73712,13217,344,-73, NO_EVENT
141855,73591,73649,21259,399,75, NO_EVENT
141880,73699,73669,4966,215,108, NO_EVENT
141905,73579,73617,3387,157,-120, NO_EVENT
141930,73651,73662,35894,646,72, NO_EVENT
141955,73535,73632,17200,412,-116, NO_EVENT
141980,73599,73634,8975,310,64, NO_EVENT
142005,73590,73608,21695,477,39, NO_EVENT
142030,73635,73666,7754,284,112, NO_EVENT
142055,73573,73616,1072,82,-62, NO_EVENT
142080,73622,73623,7953,273,49, NO_EVENT
142105,73573,73678,32984,570,-49, NO_EVENT
142130,73482,73605,16183,420,-91, NO_EVENT
142155,73589,73644,13447,394,107, NO_EVENT
142180,73585,73629,29645,556,-201, NO_EVENT
142205,73553,73649,26156,468,4, NO_EVENT
142230,73666,73553,5361,229,229, NO_EVENT
142255,73555,73625,6563,214,-111, NO_EVENT
142280,73434,73638,6539,304,-121, NO_EVENT
142305,73605,73632,19158,458,171, NO_EVENT
142330,73451,73709,15044,504,-154, NO_EVENT
142355,73607,73617,18801,435,156, NO_EVENT
142380,73642,73642,21326,423,22, NO_EVENT
142405,73651,73603,1231,87,81, NO_EVENT
142430,73721,73640,20854,463,70, NO_EVENT
142455,73765,73663,14707,378,44, NO_EVENT
142480,73503,73685,27331,489,-262, NO_EVENT
142505,73648,73618,19669,408,145, NO_EVENT
142530,73695,73706,19840,440,47, NO_EVENT
142555,73707,73677,4510,228,32, NO_EVENT
142580,73731,73651,13524,341,185, NO_EVENT
142605,73615,73600,16331,426,-116, NO_EVENT
142630,73616,73576,12330,357,1, NO_EVENT
142655,73517,73712,23265,473,-99, NO_EVENT
142680,73478,73627,10989,309,-39, NO_EVENT
142705,73627,73577,13126,333,149, NO_EVENT
142730,73650,73585,31218,603,423, NO_EVENT
142755,73596,73631,16015,403,45, NO_EVENT
142780,73574,73562,4609,198,-22, NO_EVENT
142805,73540,73600,21143,462,-34, NO_EVENT
142830,73498,73656,13674,409,-42, NO_EVENT
142855,73423,73576,13415,388,-75, NO_EVENT
142880,73631,73640,26636,518,208, NO_EVENT
142905,73836,73608,25483,369,354, NO_EVENT
142930,73647,73637,26100,496,84, NO_EVENT
142955,73593,73635,8423,295,-54, NO_EVENT
142980,73635,73649,12213,353,42, NO_EVENT
143005,73465,73547,4167,189,-170, NO_EVENT
143030,73480,73559,30317,564,15, NO_EVENT
143055,73656,73637,8262,304,176, NO_EVENT
143080,73581,73679,11350,308,-161, NO_EVENT
143105,73546,73623,20075,459,125, NO_EVENT
143130,73597,73600,14337,375,51, NO_EVENT
143155,73485,73628,8480,306,-112, NO_EVENT
143180,73636,73615,5345,231,151, NO_EVENT
143205,73489,73690,28882,570,-147, NO_EVENT
143230,73678,73662,21698,431,189, NO_EVENT
143255,73661,73649,14930,413,61, NO_EVENT
143280,73642,73608,17112,409,86, NO_EVENT
143305,73568,73679,10583,329,-74, NO_EVENT
143330,73556,73638,18944,441,-12, NO_EVENT
143355,73654,73668,7342,247,98, NO_EVENT
143380,73415,73615,21297,436,-239, NO_EVENT
143405,73615,73616,12265,412,200, NO_EVENT
143430,73667,73597,12943,376,235, NO_EVENT
143455,73608,73667,10152,289,-33, NO_EVENT
143480,73643,73599,3818,188,-34, NO_EVENT
143505,73666,73661,13148,375,23, NO_EVENT
143530,73628,73682,3118,178,-38, NO_EVENT
143555,73588,73653,4002,183,-40, NO_EVENT
143580,73569,73566,15984,382,-19, NO_EVENT
143605,73576,73658,18566,414,7, NO_EVENT
143630,73596,73639,22963,452,126, NO_EVENT
143655,73723,73594,5148,252,88, NO_EVENT
143680,73689,73695,8672,276,-34, NO_EVENT
143705,73503,73651,14726,371,-186, NO_EVENT
143730,73682,73609,12471,316,179, NO_EVENT
143755,73465,73678,7454,379,-217, NO_EVENT
143780,73589,73625,15100,413,124, NO_EVENT
143805,73573,73645,10172,287,30, NO_EVENT
143830,73604,73534,13329,301,220, NO_EVENT
143855,73579,73629,3936,188,-25, NO_EVENT
143880,73531,73677,10302,303,-48, NO_EVENT
143905,73586,73674,12494,359,55, NO_EVENT
143930,73397,73633,8640,404,-189, NO_EVENT
143955,73652,73616,20303,469,255, NO_EVENT
143980,73651,73647,27408,561,227, NO_EVENT
144005,73679,73665,1709,119,-15, NO_EVENT
144030,73602,73629,6943,244,-77, NO_EVENT
144055,73547,73585,15960,421,-55, NO_EVENT
144080,73603,73666,23046,413,56, NO_EVENT
144105,73483,73637,5760,296,-120, NO_EVENT
144130,73594,73621,13509,378,111, NO_EVENT
144155,73589,73637,11833,342,18, NO_EVENT
144180,73674,73612,15500,420,70, NO_EVENT
144205,73624,73581,11520,307,-50, NO_EVENT
144230,73596,73596,13990,370,-28, NO_EVENT
144255,73561,73646,26828,497,-35, NO_EVENT
144280,73628,73595,9900,322,67, NO_EVENT
144305,73485,73621,24243,430,-143, NO_EVENT
144330,73597,73618,9278,306,37, NO_EVENT
144355,73613,73643,8788,292,0, NO_EVENT
144380,73553,73632,13053,372,-60, NO_EVENT
144405,73664,73586,10092,339,111, NO_EVENT
144430,73625,73603,3750,183,-39, NO_EVENT
144455,73695,73648,11655,364,70, NO_EVENT
144480,73625,73694,8080,255,-70, NO_EVENT
144505,73607,73668,6503,237,-25, NO_EVENT
144530,73748,73646,26576,504,330, NO_EVENT
144555,73675,73663,14966,390,-73, NO_EVENT
144580,73704,73636,9260,301,29, NO_EVENT
144605,73574,73619,14711,376,-130, NO_EVENT
144630,73602,73637,20545,492,28, NO_EVENT
144655,73630,73624,19925,464,28, NO_EVENT
144680,73721,73645,27493,516,136, NO_EVENT
144705,73688,73624,11461,316,122, NO_EVENT
144730,73647,73640,15149,359,-41, NO_EVENT
144755,73664,73620,8032,293,17, NO_EVENT
144780,73663,73632,8927,303,-1, NO_EVENT
144805,73619,73634,13747,372,-44, NO_EVENT
144830,73602,73643,10894,306,-17, NO_EVENT
144855,73573,73638,21312,452,11, NO_EVENT
144880,73599,73592,14252,393,190, NO_EVENT
144905,73654,73636,3433,176,55, NO_EVENT
144930,73494,73617,4065,207,-160, NO_EVENT
144955,73579,73595,21360,443,85, NO_EVENT
144980,73471,73621,5360,267,-108, NO_EVENT
145005,73608,73591,17057,430,137, NO_EVENT
145030,73607,73654,8596,294,53, NO_EVENT
145055,73633,73695,19968,421,-69, NO_EVENT
145080,73601,73525,4435,227,-32, NO_EVENT
145105,73574,73622,11844,312,-27, NO_EVENT
145130,73740,73641,1661,166,166, NO_EVENT
145155,73565,73614,20314,457,-175, NO_EVENT
145180,73710,73631,10751,324,145, NO_EVENT
145205,73646,73665,12747,351,-64, NO_EVENT
145230,73617,73616,20921,441,189, NO_EVENT
145255,73610,73565,1771,116,70, NO_EVENT
145280,73615,73612,16007,397,5, NO_EVENT
145305,73593,73610,19198,478,-22, NO_EVENT
145330,73638,73599,6074,224,45, NO_EVENT
145355,73593,73606,8602,278,-45, NO_EVENT
145380,73639,73559,15013,351,46, NO_EVENT
145405,73668,73698,25767,511,61, NO_EVENT
145430,73613,73594,9076,273,167, NO_EVENT
145455,73518,73620,11442,314,-95, NO_EVENT
145480,73652,73591,7858,241,134, NO_EVENT
145505,73661,73643,8217,261,9, NO_EVENT
145530,73592,73630,12391,367,-69, NO_EVENT
145555,73652,73596,10454,330,60, NO_EVENT
145580,73554,73637,10579,280,-14, NO_EVENT
145605,73579,73620,22251,507,-108, NO_EVENT
145630,73593,73616,9716,303,14, NO_EVENT
145655,73610,73592,13456,373,17, NO_EVENT
145680,73620,73648,20269,408,10, NO_EVENT
145705,73546,73598,10588,323,-74, NO_EVENT
145730,73726,73617,18235,390,180, NO_EVENT
145755,73607,73616,6587,281,122, NO_EVENT
145780,73559,73620,15233,364,14, NO_EVENT
145805,73645,73638,14459,404,86, NO_EVENT
145830,73624,73670,13632,366,-21, NO_EVENT
145855,73639,73671,10656,299,15, NO_EVENT
145880,73476,73633,26942,517,-163, NO_EVENT
145905,73608,73668,16630,428,132, NO_EVENT
145930,73661,73626,9270,330,214, NO_EVENT
145955,73577,73657,13349,358,-61, NO_EVENT
145980,73708,73593,15876,372,131, NO_EVENT
146005,73706,73599,24234,518,-2, NO_EVENT
146030,73598,73614,8143,276,-108, NO_EVENT
146055,73443,73676,7536,387,-155, NO_EVENT
146080,73574,73612,12398,363,131, NO_EVENT
146105,73604,73631,10204,317,-63, NO_EVENT
146130,73710,73681,17196,417,22, NO_EVENT
146155,73589,73623,13738,371,-121, NO_EVENT
146180,73543,73593,11420,330,-46, NO_EVENT
146205,73495,73594,14559,369,-48, NO_EVENT
146230,73557,73577,25944,487,62, NO_EVENT
146255,73586,73616,8801,266,29, NO_EVENT
146280,73551,73585,7582,262,31, NO_EVENT
146305,73644,73657,8015,229,66, NO_EVENT
146330,73645,73582,5235,201,1, NO_EVENT
146355,73565,73670,5465,203,-80, NO_EVENT
146380,73671,73641,5904,241,106, NO_EVENT
146405,73565,73619,8035,271,-106, NO_EVENT
146430,73584,73614,11017,306,19, NO_EVENT
146455,73600,73627,10565,340,95, NO_EVENT
146480,73611,73572,14961,412,89, NO_EVENT
146505,73611,73566,5920,236,0, NO_EVENT
146530,73576,73579,18327,377,-35, NO_EVENT
146555,73609,73578,6737,242,33, NO_EVENT
146580,73580,73598,7605,264,-29, NO_EVENT
146605,73634,73616,4413,214,54, NO_EVENT
146630,73716,73615,17923,438,319, NO_EVENT
146655,73635,73578,31426,522,42, NO_EVENT
146680,73627,73609,1566,131,18, NO_EVENT
146705,73570,73620,5554,191,-57, NO_EVENT
146730,73666,73611,4622,205,96, NO_EVENT
146755,73535,73640,8764,236,-131, NO_EVENT
146780,73600,73585,4409,176,65, NO_EVENT
146805,73740,73633,7782,261,140, NO_EVENT
146830,73601,73626,12735,356,123, NO_EVENT
146855,73592,73579,5924,207,126, NO_EVENT
146880,73576,73683,10804,276,-16, NO_EVENT
146905,73647,73721,17715,406,71, NO_EVENT
146930,73643,73629,3043,155,-4, NO_EVENT
146955,73480,73661,4873,264,-163, NO_EVENT
146980,73712,73621,13935,360,232, NO_EVENT
147005,73648,73576,14978,328,238, NO_EVENT
147030,73608,73601,2053,137,-49, NO_EVENT
147055,73548,73609,11370,316,-60, NO_EVENT
147080,73609,73644,9355,279,61, NO_EVENT
147105,73675,73653,9857,275,66, NO_EVENT
147130,73575,73637,2693,121,-100, NO_EVENT
147155,73741,73650,6372,205,166, NO_EVENT
147180,73573,73604,20416,409,88, NO_EVENT
147205,73626,73646,8783,290,135, NO_EVENT
147230,73640,73614,16257,411,14, NO_EVENT
147255,73580,73605,9926,333,-60, NO_EVENT
147280,73664,73600,12885,349,84, NO_EVENT
147305,73581,73618,3164,152,-83, NO_EVENT
147330,73699,73651,2557,144,118, NO_EVENT
147355,73608,73626,9431,305,74, NO_EVENT
147380,73653,73585,13227,353,196, NO_EVENT
147405,73595,73603,8425,315,-58, NO_EVENT
147430,73636,73567,1328,110,41, NO_EVENT
147455,73635,73647,16321,413,-1, NO_EVENT
147480,73607,73626,4028,195,-28, NO_EVENT
147505,73568,73603,12058,338,-39, NO_EVENT
147530,73543,73602,11831,359,-37, NO_EVENT
147555,73648,73645,12345,331,-44, NO_EVENT
147580,73630,73637,11210,321,-18, NO_EVENT
147605,73636,73574,4463,205,6, NO_EVENT
147630,73617,73631,13952,361,-19, NO_EVENT
147655,73579,73609,4520,218,-38, NO_EVENT
147680,73615,73669,3943,173,36, NO_EVENT
147705,73645,73683,2329,154,-33, NO_EVENT
147730,73700,73678,9206,290,2, NO_EVENT
147755,73678,73625,2748,156,-22, NO_EVENT
147780,73637,73627,6711,273,-41, NO_EVENT
147805,73562,73628,4372,201,-75, NO_EVENT
147830,73521,73538,1511,120,-41, NO_EVENT
147855,73539,73566,6928,243,18, NO_EVENT
147880,73620,73667,5585,212,3, NO_EVENT
147905,73633,73611,15021,396,20, NO_EVENT
147930,73620,73659,11734,372,-13, NO_EVENT
147955,73647,73635,2965,173,27, NO_EVENT
147980,73653,73592,8390,274,6, NO_EVENT
148005,73564,73623,7540,268,-89, NO_EVENT
148030,73589,73583,11398,356,25, NO_EVENT
148055,73615,73604,10559,317,-49, NO_EVENT
148080,73636,73649,7134,254,22, NO_EVENT
148105,73708,73592,5002,211,72, NO_EVENT
148130,73580,73604,649,128,-128, NO_EVENT
148155,73762,73644,14994,404,182, NO_EVENT
148180,73628,73636,4188,222,-134, NO_EVENT
148205,73611,73594,4582,203,-17, NO_EVENT
148230,73648,73639,7370,241,81, NO_EVENT
148255,73537,73652,24662,437,-59, NO_EVENT
148280,73562,73532,8481,256,25, NO_EVENT
148305,73543,73666,8294,282,-19, NO_EVENT
148330,73687,73625,5261,219,144, NO_EVENT
148355,73566,73616,3464,169,-121, NO_EVENT
148380,73540,73552,5448,244,-26, NO_EVENT
148405,73732,73606,7200,256,192, NO_EVENT
148430,73618,73650,3282,158,26, NO_EVENT
148455,73651,73605,2762,136,100, NO_EVENT
148480,73649,73653,11400,300,-2, NO_EVENT
148505,73600,73642,18620,434,-49, NO_EVENT
148530,73721,73629,4463,218,121, NO_EVENT
148555,73617,73583,4345,202,-104, NO_EVENT
148580,73616,73674,7436,252,-1, NO_EVENT
148605,73640,73678,12671,365,-75, NO_EVENT
148630,73634,73654,3546,176,-57, NO_EVENT
148655,73584,73596,12731,333,-50, NO_EVENT
148680,73575,73609,1736,120,-9, NO_EVENT
148705,73566,73629,3561,163,-9, NO_EVENT
148730,73715,73648,12287,331,149, NO_EVENT
148755,73495,73653,11901,357,-220, NO_EVENT
148780,73639,73638,14478,367,27, NO_EVENT
148805,73598,73580,12352,357,99, NO_EVENT
148830,73597,73558,1112,98,-1, NO_EVENT
148855,73596,73607,18486,401,-1, NO_EVENT
148880,73624,73674,44709,614,28, NO_EVENT
148905,73643,73672,3743,181,19, NO_EVENT
148930,73589,73642,3192,158,-54, NO_EVENT
148955,73581,73636,10355,320,-115, NO_EVENT
148980,73624,73553,10239,313,223, NO_EVENT
149005,73595,73641,7449,273,-29, NO_EVENT
149030,73596,73679,2309,136,1, NO_EVENT
149055,73525,73602,8798,275,-71, NO_EVENT
149080,73519,73595,14889,369,-6, NO_EVENT
149105,73465,73563,6745,239,-54, NO_EVENT
149130,73570,73566,5389,248,16, NO_EVENT
149155,73590,73618,9764,289,32, NO_EVENT
149180,73565,73628,7544,289,-25, NO_EVENT
149205,73613,73639,4104,173,48, NO_EVENT
149230,73591,73578,9709,325,-22, NO_EVENT
149255,73526,73616,9394,301,-65, NO_EVENT
149280,73525,73584,13172,357,-1, NO_EVENT
149305,73664,73651,3712,172,57, NO_EVENT
149330,73596,73554,16435,413,74, NO_EVENT
149355,73779,73675,4998,227,183, NO_EVENT
149380,73701,73680,4727,182,-78, NO_EVENT
149405,73661,73578,7670,220,-40, NO_EVENT
149430,73700,73621,2704,144,39, NO_EVENT
149455,73614,73594,3215,185,-86, NO_EVENT
149480,73637,73641,8248,280,-14, NO_EVENT
149505,73660,73619,9624,291,184, NO_EVENT
149530,73576,73602,14983,391,-84, NO_EVENT
149555,73586,73647,20548,463,10, NO_EVENT
149580,73580,73653,8665,291,-6, NO_EVENT
149605,73712,73624,6019,243,132, NO_EVENT
149630,73545,73636,28091,523,-167, NO_EVENT
149655,73547,73609,3124,181,-32, NO_EVENT
149680,73677,73627,7709,286,101, NO_EVENT
149705,73544,73627,7031,244,-133, NO_EVENT
149730,73674,73605,6795,251,130, NO_EVENT
149755,73512,73610,11869,356,-162, NO_EVENT
149780,73612,73569,10480,318,100, NO_EVENT
149805,73457,73545,4697,177,-155, NO_EVENT
149830,73729,73695,37957,603,107, NO_EVENT
149855,73627,73612,13703,355,-6, NO_EVENT
149880,73576,73604,975,75,-51, NO_EVENT
149905,73654,73593,4486,203,78, NO_EVENT
149930,73585,73590,9744,295,-69, NO_EVENT
149955,73795,73628,15933,420,210, NO_EVENT
149980,73613,73648,6343,252,-182, NO_EVENT
150005,73591,73648,26147,536,-23, NO_EVENT
150030,73539,73596,15999,379,-29, NO_EVENT
150055,73587,73611,6364,234,48, NO_EVENT
150080,73646,73642,5399,209,59, NO_EVENT
150105,73652,73594,20813,433,6, NO_EVENT
150130,73539,73598,3807,196,-113, NO_EVENT
150155,73536,73604,15793,376,-3, NO_EVENT
150180,73519,73596,3602,170,-17, NO_EVENT
150205,73554,73618,10880,306,-61, NO_EVENT
150230,73607,73589,4150,178,83, NO_EVENT
150255,73559,73596,7568,239,-48, NO_EVENT
150280,73625,73600,3212,176,66, NO_EVENT
150305,73568,73572,3176,153,-57, NO_EVENT
150330,73645,73597,2435,134,77, NO_EVENT
150355,73525,73599,5572,218,-120, NO_EVENT
150380,73591,73551,9916,339,37, NO_EVENT
150405,73632,73546,7205,221,7, NO_EVENT
150430,73654,73553,7982,219,22, NO_EVENT
150455,73599,73634,6425,246,-55, NO_EVENT
150480,73617,73663,6021,226,18, NO_EVENT
150505,73619,73654,18865,421,2, NO_EVENT
150530,73462,73637,7423,272,-157, NO_EVENT
150555,73591,73587,3571,209,6, NO_EVENT
150580,73591,73673,4823,221,-116, NO_EVENT
150605,73605,73568,3017,155,14, NO_EVENT
150630,73619,73617,4981,216,14, NO_EVENT
150655,73622,73631,18205,424,3, NO_EVENT
150680,73615,73631,23995,466,-7, NO_EVENT
150705,73602,73670,10780,295,-13, NO_EVENT
150730,73540,73622,6012,226,-153, NO_EVENT
150755,73570,73648,15868,363,-116, NO_EVENT
150780,73534,73587,16814,398,-36, NO_EVENT
150805,73636,73648,8127,296,102, NO_EVENT
150830,73666,73633,4207,186,30, NO_EVENT
150855,73578,73671,2742,197,-88, NO_EVENT
150880,73565,73613,3523,164,-13, NO_EVENT
150905,73679,73657,17222,443,47, NO_EVENT
150930,73576,73625,15334,342,50, NO_EVENT
150955,73535,73609,2661,152,-41, NO_EVENT
150980,73597,73635,5485,259,62, NO_EVENT
151005,73609,73645,14493,358,12, NO_EVENT
151030,73759,73589,7012,265,150, NO_EVENT
151055,73465,73627,11513,299,-294, NO_EVENT
151080,73477,73608,6934,285,-165, NO_EVENT
151105,73649,73583,24362,524,90, NO_EVENT
151130,73722,73628,5192,227,73, NO_EVENT
151155,73740,73616,15880,375,18, NO_EVENT
151180,73706,73687,9162,315,-34, NO_EVENT
151205,73635,73661,8815,269,-71, NO_EVENT
151230,73589,73620,7856,287,-46, NO_EVENT
151255,73690,73618,12281,349,56, NO_EVENT
151280,73570,73633,1423,128,-62, NO_EVENT
151305,73606,73615,7421,268,36, NO_EVENT
151330,73717,73662,19869,431,111, NO_EVENT
151355,73613,73663,15953,401,-104, NO_EVENT
151380,73559,73627,9678,289,-54, NO_EVENT
151405,73499,73614,12875,320,-60, NO_EVENT
151430,73618,73636,18398,429,34, NO_EVENT
151455,73653,73634,953,83,1, NO_EVENT
151480,73699,73607,9672,304,46, NO_EVENT
151505,73568,73603,4968,215,-131, NO_EVENT
151530,73699,73647,3610,133,131, NO_EVENT
151555,73783,73575,15981,422,84, NO_EVENT
151580,73459,73617,11763,324,-324, NO_EVENT
151605,73536,73590,16372,415,-51, NO_EVENT
151630,73633,73665,12062,290,9, NO_EVENT
151655,73615,73692,3435,192,-18, NO_EVENT
151680,73683,73600,13487,347,68, NO_EVENT
151705,73666,73634,4928,173,-17, NO_EVENT
151730,73678,73577,3645,195,12, NO_EVENT
151755,73593,73665,7843,279,-85, NO_EVENT
151780,73768,73641,8089,230,175, NO_EVENT
151805,73508,73657,10945,323,-95, NO_EVENT
151830,73657,73567,6476,235,224, NO_EVENT
151855,73600,73638,10625,329,-57, NO_EVENT
151880,73685,73678,26639,502,85, NO_EVENT
151905,73583,73553,22075,396,-102, NO_EVENT
151930,73607,73607,13420,397,24, NO_EVENT
151955,73507,73606,14786,366,-100, NO_EVENT
151980,73562,73619,2977,145,-21, NO_EVENT
152005,73608,73590,3667,185,75, NO_EVENT
152030,73600,73654,6410,243,-8, NO_EVENT
152055,73615,73636,12303,326,15, NO_EVENT
152080,73706,73641,14302,314,91, NO_EVENT
152105,73717,73592,20187,429,11, NO_EVENT
152130,73615,73643,10046,293,-102, NO_EVENT
152155,73675,73648,6814,241,126, NO_EVENT
152180,73711,73583,2690,169,164, NO_EVENT
152205,73614,73602,7077,252,-97, NO_EVENT
152230,73627,73602,21932,421,13, NO_EVENT
152255,73578,73672,16269,345,-49, NO_EVENT
152280,73649,73578,19717,456,71, NO_EVENT
152305,73500,73601,10688,319,-149, NO_EVENT
152330,73587,73656,3290,181,-84, NO_EVENT
152355,73642,73681,5399,236,-46, NO_EVENT
152380,73563,73593,7509,252,-79, NO_EVENT
152405,73575,73600,1725,123,12, NO_EVENT
152430,73536,73626,9936,267,-39, NO_EVENT
152455,73546,73608,15273,385,10, NO_EVENT
152480,73553,73641,14605,357,7, NO_EVENT
152505,73537,73658,13509,372,-70, NO_EVENT
152530,73614,73622,5082,222,4, NO_EVENT
152555,73609,73616,17655,444,-5, NO_EVENT
152580,73608,73671,12287,340,-1, NO_EVENT
152605,73571,73586,8536,258,-37, NO_EVENT
152630,73635,73585,7796,273,64, NO_EVENT
152655,73661,73687,9451,292,26, NO_EVENT
152680,73622,73619,5844,254,-12, NO_EVENT
152705,73636,73588,4834,176,14, NO_EVENT
152730,73648,73627,2697,164,12, NO_EVENT
152755,73630,73619,17057,456,-18, NO_EVENT
152780,73583,73592,3173,163,-47, NO_EVENT
152805,73549,73636,8565,280,-34, NO_EVENT
152830,73561,73693,20084,407,12, NO_EVENT
152855,73613,73622,13024,393,-34, NO_EVENT
152880,73595,73701,7525,271,-97, NO_EVENT
152905,73619,73616,23914,468,24, NO_EVENT
152930,73602,73581,9229,272,-17, NO_EVENT
152955,73600,73614,5674,235,-2, NO_EVENT
152980,73817,73594,21604,464,217, NO_EVENT
153005,73451,73653,27608,464,-366, NO_EVENT
153030,73566,73670,10712,295,43, NO_EVENT
153055,73470,73585,7125,209,-207, NO_EVENT
153080,73628,73663,27074,559,158, NO_EVENT
153105,73618,73641,8759,268,-10, NO_EVENT
153130,73710,73575,9506,290,92, NO_EVENT
153155,73699,73613,8577,245,-11, NO_EVENT
153180,73449,73609,11029,295,-250, NO_EVENT
153205,73568,73602,1673,127,22, NO_EVENT
153230,73629,73645,8258,290,10, NO_EVENT
153255,73682,73660,10922,347,53, NO_EVENT
153280,73587,73562,3849,219,-95, NO_EVENT
153305,73519,73677,42313,619,-68, NO_EVENT
153330,73619,73621,16819,414,100, NO_EVENT
153355,73588,73634,14030,363,-31, NO_EVENT
153380,73501,73584,11760,339,-87, NO_EVENT
153405,73646,73661,28544,522,40, NO_EVENT
153430,73684,73558,7939,259,95, NO_EVENT
153455,73700,73633,17316,390,16, NO_EVENT
153480,73599,73660,17029,379,-101, NO_EVENT
153505,73683,73632,22606,477,84, NO_EVENT
153530,73615,73604,6170,209,-68, NO_EVENT
153555,73573,73620,4968,222,-42, NO_EVENT
153580,73590,73640,5758,214,-40, NO_EVENT
153605,73651,73585,4871,203,69, NO_EVENT
153630,73629,73615,8524,297,-22, NO_EVENT
153655,73521,73652,25738,485,-108, NO_EVENT
153680,73632,73621,3573,176,111, NO_EVENT
153705,73622,73593,17520,451,-10, NO_EVENT
153730,73613,73638,6959,252,-9, NO_EVENT
153755,73561,73609,5322,204,17, NO_EVENT
153780,73656,73595,5938,203,5, NO_EVENT
153805,73582,73615,5812,254,-74, NO_EVENT
153830,73604,73585,4788,223,22, NO_EVENT
153855,73635,73666,16654,392,31, NO_EVENT
153880,73565,73610,11909,302,-70, NO_EVENT
153905,73753,73625,17521,380,188, NO_EVENT
153930,73599,73654,12364,340,-61, NO_EVENT
153955,73619,73668,20232,379,75, NO_EVENT
153980,73559,73623,10929,331,-60, NO_EVENT
154005,73695,73619,21860,491,136, NO_EVENT
154030,73649,73575,9907,298,-46, NO_EVENT
154055,73636,73633,18492,413,-13, NO_EVENT
154080,73635,73653,1344,115,-1, NO_EVENT
154105,73620,73648,2420,160,-58, NO_EVENT
154130,73624,73626,260,48,-24, NO_EVENT
154155,73626,73682,10492,329,2, NO_EVENT
154180,73733,73677,14578,374,107, NO_EVENT
154205,73618,73634,14328,372,-115, NO_EVENT
154230,73653,73582,6514,242,35, NO_EVENT
154255,73691,73691,9794,300,38, NO_EVENT
154280,73555,73665,21568,446,22, NO_EVENT
154305,73724,73693,14067,332,119, NO_EVENT
154330,73760,73716,93406,957,36, NO_EVENT
154355,73713,73664,21716,446,-47, NO_EVENT
154380,73807,73731,10274,317,94, NO_EVENT
154405,73897,73800,20126,463,90, NO_EVENT
154430,73981,74002,24953,386,84, NO_EVENT
154455,76332,75349,517535,1687,1636, NO_EVENT
154480,80885,78631,1687165,4553,4553, NO_EVENT
154505,84074,82300,922444,3189,3189, NO_EVENT
154530,191982,133635,99979324,107908,107908, TOUCHED
154555,210775,211808,19698019,22512,18793, TOUCHED
154580,215749,212089,7226886,6435,1296, TOUCHED
154605,214373,213740,3271744,3840,-1376, TOUCHED
154630,95605,188616,19194643,118768,-118768, UNTOUCHED
154655,83127,87627,14769425,12478,-12478, NO_EVENT
154680,82237,83010,202170,1169,-890, NO_EVENT
154705,80469,81625,517125,1899,-1768, NO_EVENT
154730,78005,79602,973713,3033,-3033, NO_EVENT
154755,78183,78047,105835,1000,178, NO_EVENT
154780,78722,78439,581644,2266,-1185, NO_EVENT
154805,77227,77827,1377603,3431,-1495, NO_EVENT
154830,79261,78405,894446,2692,2034, NO_EVENT
154855,83516,82122,1867609,4255,4255, NO_EVENT
154880,178918,173757,46017750,32493,22697, TOUCHED
154905,158731,176019,28106024,21573,-20187, TOUCHED
154930,155963,161012,25112179,11566,-2768, TOUCHED
154955,82780,121213,23687048,73675,-73183, UNTOUCHED
154980,78132,80666,2114481,4648,-4648, NO_EVENT
155005,75612,77216,926455,2831,-2520, NO_EVENT
155030,75259,75774,204547,1105,-353, NO_EVENT
155055,74912,74909,34838,568,-255, NO_EVENT
155080,75264,75132,87126,943,291, NO_EVENT
155105,79359,76890,2744153,4099,4095, NO_EVENT
155130,78499,77800,844390,2788,-860, NO_EVENT
155155,81902,80429,1585454,3403,3403, NO_EVENT
155180,86561,83157,651203,4185,4185, NO_EVENT
155205,211221,135225,163722556,124660,124660, TOUCHED
155230,209069,208544,1107059,3604,-2152, TOUCHED
155255,199539,209405,4082107,10365,-9530, TOUCHED
155280,90059,130417,22036102,109480,-109480, UNTOUCHED
155305,83452,86399,4599144,6607,-6607, NO_EVENT
155330,82650,83224,70995,816,-802, NO_EVENT
155355,82243,82565,104708,909,-407, NO_EVENT
155380,82267,82182,15387,321,-41, NO_EVENT
155405,81770,82022,66770,640,-497, NO_EVENT
155430,82251,82028,47522,593,481, NO_EVENT
155455,82354,82137,41741,586,540, NO_EVENT
155480,82810,82408,46072,577,456, NO_EVENT
155505,122014,85116,57202817,39204,39204, TOUCHED
155530,204652,171388,79024523,82638,82638, TOUCHED
155555,211206,210102,17530342,9170,6554, TOUCHED
155580,92627,170573,57883237,118579,-118579, UNTOUCHED
155605,82843,84875,3302362,5143,-5143, NO_EVENT
155630,81686,82332,86299,1157,-1157, NO_EVENT
155655,79944,80821,457718,1756,-1742, NO_EVENT
155680,79080,79311,702134,2344,-1622, NO_EVENT
155705,77658,78561,276415,1422,-1422, NO_EVENT
155730,77555,78645,645866,2369,-843, NO_EVENT
155755,77635,78146,1055914,2475,80, NO_EVENT
155780,79175,78393,731052,2405,-126, NO_EVENT
155805,77826,78440,314732,1417,-1349, NO_EVENT
155830,81289,79208,1360010,3099,3099, NO_EVENT
155855,84188,82517,709926,2899,2899, NO_EVENT
155880,186860,136275,110317328,104593,102672, TOUCHED
155905,199884,196603,65550538,17409,13024, TOUCHED
155930,208406,197384,63812463,18700,8522, TOUCHED
155955,202051,202599,6616883,7330,-6355, TOUCHED
155980,200201,195514,8339037,9586,-1850, TOUCHED
156005,93369,179026,116940377,106832,-106832, UNTOUCHED
156030,84824,88515,5725611,8545,-8545, NO_EVENT
156055,82831,83403,368747,1993,-1993, NO_EVENT
156080,81913,82361,59900,918,-918, NO_EVENT
156105,81330,81333,291047,1471,-382, NO_EVENT
156130,80337,80614,306899,1385,-993, NO_EVENT
156155,81745,81085,276572,1517,1408, NO_EVENT
156180,84563,82741,262208,2343,2278, NO_EVENT
156205,191621,120290,83737611,107058,107058, TOUCHED
156230,189322,185002,41112154,13788,-2299, TOUCHED
156255,180287,184005,12146976,9035,-9035, TOUCHED
156280,193642,193864,169823,861,-683, TOUCHED
156305,188845,193967,10372435,8153,-4797, TOUCHED
156330,85847,108111,64377714,102998,-102998, UNTOUCHED
156355,83440,83793,589933,3074,-2407, NO_EVENT
156380,82197,82755,96190,1243,-1243, NO_EVENT
156405,82385,82269,94720,1011,-310, NO_EVENT
156430,82140,82143,32680,505,-245, NO_EVENT
156455,81905,82104,15321,352,-235, NO_EVENT
156480,83298,82553,32503,920,840, NO_EVENT
156505,85928,83461,546837,2956,2630, NO_EVENT
156530,185745,131076,115582092,99817,99817, TOUCHED
156555,197410,195079,21037062,9605,7451, TOUCHED
156580,201556,201060,6822964,6034,4146, TOUCHED
156605,201094,201926,542339,1641,-462, TOUCHED
156630,104988,173413,12641289,97282,-96106, TOUCHED
156655,88843,92324,8429016,8577,-8577, UNTOUCHED
156680,84699,86635,2444371,4530,-4144, NO_EVENT
156705,83090,83286,35848,558,-543, NO_EVENT
156730,82829,83023,107555,781,-261, NO_EVENT
156755,82250,82402,28392,579,-579, NO_EVENT
156780,81349,81712,141699,932,-901, NO_EVENT
156805,80091,80043,430938,1768,-399, NO_EVENT
156830,79542,79324,405849,1827,-549, NO_EVENT
156855,78858,78863,371608,1874,950, NO_EVENT
156880,79007,79129,163850,1076,149, NO_EVENT
156905,78552,78600,102492,1016,-455, NO_EVENT
156930,78818,79252,640397,2298,266, NO_EVENT
156955,78785,79066,842384,2537,-33, NO_EVENT
156980,78391,78661,209934,1405,-394, NO_EVENT
157005,78371,78804,311368,1684,-20, NO_EVENT
157030,77529,77503,881531,3038,-842, NO_EVENT
157055,76190,76682,460198,2102,-643, NO_EVENT
157080,76655,76216,266950,1423,465, NO_EVENT
157105,78630,77887,765941,2299,1975, NO_EVENT
157130,82157,80543,1572820,3527,3527, NO_EVENT
157155,219385,110134,65008921,135800,135800, TOUCHED
157180,218613,218654,445610,1393,-772, TOUCHED
157205,95088,196225,51211556,124545,-123525, UNTOUCHED
157230,83178,87086,18326438,11955,-11910, NO_EVENT
157255,79069,81445,1465625,4109,-4109, NO_EVENT
157280,77496,78699,623540,2369,-1573, NO_EVENT
157305,76991,78034,809196,2347,-505, NO_EVENT
157330,76809,78139,1290091,2934,-182, NO_EVENT
157355,78372,78028,253819,1719,1563, NO_EVENT
157380,80189,79697,205346,1218,45, NO_EVENT
157405,82043,81151,457948,1854,1854, NO_EVENT
157430,82486,82226,16502,443,443, NO_EVENT
157455,83204,83259,23818,430,62, NO_EVENT
157480,138630,111779,150549560,52801,52801, TOUCHED
157505,219371,219143,149674,784,-155, TOUCHED
157530,171721,211200,125470411,47650,-47650, TOUCHED
157555,84720,96787,160264282,87001,-87001, UNTOUCHED
157580,82923,83443,370334,1797,-1797, NO_EVENT
157605,82165,82635,255916,1430,-1430, NO_EVENT
157630,80622,81724,204332,1615,-1543, NO_EVENT
157655,79202,80260,382470,1669,-1420, NO_EVENT
157680,79116,79611,105881,1082,-1082, NO_EVENT
157705,79547,79341,33912,466,431, NO_EVENT
157730,81102,80309,607414,2286,1555, NO_EVENT
157755,82160,81753,219722,1190,1058, NO_EVENT
157780,86099,84025,2300056,3939,3939, NO_EVENT
157805,219509,177424,1489203,87349,87349, TOUCHED
157830,219558,219077,174985,882,49, TOUCHED
157855,95796,171999,57385004,123762,-123762, UNTOUCHED
157880,82925,86263,11882281,12871,-12871, NO_EVENT
157905,80916,81806,633266,2268,-1964, NO_EVENT
157930,79291,79473,559970,2033,-1625, NO_EVENT
157955,75405,76498,1114399,3886,-3886, NO_EVENT
157980,74027,74637,331637,1427,-1378, NO_EVENT
158005,73789,73905,42269,635,-238, NO_EVENT
158030,73745,73806,2712,137,9, NO_EVENT
158055,73483,73707,9533,350,-290, NO_EVENT
158080,73669,73746,22739,514,186, NO_EVENT
158105,73604,73712,5014,226,-65, NO_EVENT
158130,73638,73619,15288,397,34, NO_EVENT
158155,73531,73647,29036,551,-107, NO_EVENT
158180,73556,73575,14831,399,25, NO_EVENT
158205,73416,73601,19845,360,-270, NO_EVENT
158230,73526,73587,10859,300,-22, NO_EVENT
158255,73656,73601,19273,372,130, NO_EVENT
158280,73590,73662,10210,315,-66, NO_EVENT
158305,73613,73601,11210,308,23, NO_EVENT
158330,73554,73635,3902,195,-59, NO_EVENT
158355,73507,73591,3167,174,-47, NO_EVENT
158380,73450,73637,19967,418,-160, NO_EVENT
158405,73628,73564,3963,184,21, NO_EVENT
158430,73547,73602,7386,254,-81, NO_EVENT
158455,73668,73622,25853,475,121, NO_EVENT
158480,73619,73617,7275,241,-49, NO_EVENT
158505,73570,73587,2174,138,-49, NO_EVENT
158530,73692,73574,6217,231,122, NO_EVENT
158555,73574,73661,28257,493,-69, NO_EVENT
158580,73648,73659,3268,162,-15, NO_EVENT
158605,73740,73728,26321,507,92, NO_EVENT
158630,73832,73761,8601,279,92, NO_EVENT
158655,73875,73786,17318,409,43, NO_EVENT
158680,74399,74014,59200,653,524, NO_EVENT
158705,79428,76268,1916867,4703,4298, NO_EVENT
158730,83177,81593,1509387,3749,3749, NO_EVENT
158755,217462,158226,123744257,134285,134285, TOUCHED
158780,215834,216488,356595,1628,-1628, TOUCHED
158805,216556,216852,153185,1399,722, TOUCHED
158830,83620,128996,93072380,133871,-133871, UNTOUCHED
158855,81775,82648,772760,2462,-1845, NO_EVENT
158880,80212,80685,618131,2104,-1719, NO_EVENT
158905,78336,79075,339666,1876,-1876, NO_EVENT
158930,79189,79554,485456,1991,-1558, NO_EVENT
158955,79797,79055,334610,1577,608, NO_EVENT
158980,77242,78600,559828,2555,-2555, NO_EVENT
159005,78228,78637,573979,2375,986, NO_EVENT
159030,81770,80204,1132463,3542,3542, NO_EVENT
159055,87881,83209,2348089,6111,6111, NO_EVENT
159080,215818,158229,52276119,127937,127937, TOUCHED
159105,215682,216364,377122,1320,-136, TOUCHED
159130,216697,216711,568723,1721,1015, TOUCHED
159155,93033,188378,115982553,124722,-123664, UNTOUCHED
159180,83068,86279,9043715,9965,-9965, NO_EVENT
159205,81923,82976,667589,2254,-1145, NO_EVENT
159230,79746,81264,511086,2398,-2398, NO_EVENT
159255,78530,79444,327511,1906,-1216, NO_EVENT
159280,78681,78858,1349725,3376,375, NO_EVENT
159305,79516,78671,380061,1979,835, NO_EVENT
159330,81341,79682,806700,2670,2459, NO_EVENT
159355,84047,82396,830850,2706,2706, NO_EVENT
159380,153711,131791,40427045,110913,69664, TOUCHED
159405,215903,191575,96936665,63336,62192, TOUCHED
159430,100134,156328,141530345,115769,-115769, TOUCHED
159455,86567,90374,7970310,8519,-8519, UNTOUCHED
159480,83820,84106,1178390,2935,-2255, NO_EVENT
159505,82183,82866,326701,1637,-1637, NO_EVENT
159530,81748,81994,120671,891,-435, NO_EVENT
159555,80756,81364,130409,992,-992, NO_EVENT
159580,81270,81254,318206,1573,-527, NO_EVENT
159605,81832,81698,127603,951,562, NO_EVENT
159630,83329,82681,156366,1497,1497, NO_EVENT
159655,112854,94730,13949752,29359,29193, TOUCHED
159680,216808,199972,71301445,103954,103954, TOUCHED
159705,217320,216360,791086,1871,512, TOUCHED
159730,215554,215751,217088,1766,-1766, TOUCHED
159755,137611,196985,53398616,79422,-77943, TOUCHED
159780,84053,91313,116862229,53558,-53558, UNTOUCHED
159805,82727,83401,181103,1282,-917, NO_EVENT
159830,81867,82319,54431,772,-772, NO_EVENT
159855,80926,81358,266244,1512,-941, NO_EVENT
159880,79770,80641,394379,1919,-1156, NO_EVENT
159905,80711,80293,234135,1420,941, NO_EVENT
159930,82120,81566,218583,1409,1409, NO_EVENT
159955,83529,82958,300307,1457,1409, NO_EVENT
159980,217381,148461,112485421,129334,129334, TOUCHED
160005,217140,217069,85574,609,-241, TOUCHED
160030,216044,216981,120561,1096,-1096, TOUCHED
160055,216041,216214,31798,359,-3, TOUCHED
160080,208567,214971,10406938,8361,-7474, TOUCHED
160105,90127,133506,111846798,118440,-118440, UNTOUCHED
160130,83542,85627,4718683,6585,-6585, NO_EVENT
160155,82323,83062,582597,1988,-1957, NO_EVENT
160180,81468,81863,89808,855,-855, NO_EVENT
160205,80102,80478,227919,1688,-1366, NO_EVENT
160230,78685,79299,346267,1336,-1135, NO_EVENT
160255,76536,77840,375367,2149,-2149, NO_EVENT
160280,74741,75775,367449,1889,-1174, NO_EVENT
160305,74021,74575,156319,1180,-720, NO_EVENT
160330,73749,73907,85917,875,-272, NO_EVENT
160355,73783,73756,9222,315,34, NO_EVENT
160380,73795,73793,655,75,12, NO_EVENT
160405,73613,73740,19173,424,-79, NO_EVENT
160430,73533,73615,2768,174,-79, NO_EVENT
160455,73380,73601,23442,505,-153, NO_EVENT
160480,73751,73603,28649,535,371, NO_EVENT
160505,73653,73657,21826,388,-98, NO_EVENT
160530,73558,73596,40127,646,-95, NO_EVENT
160555,73539,73615,18741,406,-19, NO_EVENT
160580,73557,73594,7871,276,-76, NO_EVENT
160605,73534,73631,7504,288,-84, NO_EVENT
160630,73425,73543,22809,435,-109, NO_EVENT
160655,73596,73656,10117,375,171, NO_EVENT
160680,73601,73616,7929,288,5, NO_EVENT
160705,73651,73623,10900,318,50, NO_EVENT
160730,73815,73693,5192,211,164, NO_EVENT
160755,73614,73648,17978,401,-20, NO_EVENT
160780,73510,73583,7530,261,-91, NO_EVENT
160805,73579,73612,8460,297,69, NO_EVENT
160830,73503,73607,10729,331,-76, NO_EVENT
160855,73663,73663,21884,465,160, NO_EVENT
160880,73679,73614,15536,397,16, NO_EVENT
160905,73531,73643,8644,270,-148, NO_EVENT
160930,73624,73615,5503,229,-43, NO_EVENT
160955,73384,73590,9505,337,-243, NO_EVENT
160980,73366,73630,34335,626,-18, NO_EVENT
161005,73410,73555,24583,424,44, NO_EVENT
161030,73503,73595,24746,466,93, NO_EVENT
161055,73601,73632,8001,305,98, NO_EVENT
161080,73435,73644,27111,507,-166, NO_EVENT
161105,73604,73623,6108,228,-142, NO_EVENT
161130,73560,73627,2993,163,-68, NO_EVENT
161155,73533,73644,15889,387,-27, NO_EVENT
161180,73714,73649,18832,374,181, NO_EVENT
161205,73544,73667,15564,391,-170, NO_EVENT
161230,73598,73643,9788,310,54, NO_EVENT
161255,73562,73631,22561,490,-36, NO_EVENT
161280,73608,73584,5548,225,22, NO_EVENT
161305,73413,73636,12041,349,-203, NO_EVENT
161330,73606,73596,13799,338,64, NO_EVENT
161355,73589,73614,18046,427,-17, NO_EVENT
161380,73616,73683,17162,355,27, NO_EVENT
161405,73595,73655,9295,309,-21, NO_EVENT
161430,73692,73609,13873,392,97, NO_EVENT
161455,73424,73609,28678,486,-268, NO_EVENT
161480,73581,73626,3145,168,-8, NO_EVENT
161505,73599,73603,6111,217,-46, NO_EVENT
161530,73437,73640,33874,548,-162, NO_EVENT
161555,73702,73647,18477,491,265, NO_EVENT
161580,73608,73646,5701,236,-94, NO_EVENT
161605,73578,73637,4075,196,-30, NO_EVENT
161630,73464,73612,17618,437,-114, NO_EVENT
161655,73535,73630,7819,284,-57, NO_EVENT
161680,73423,73574,11905,329,-234, NO_EVENT
161705,73645,73665,15943,493,222, NO_EVENT
161730,73530,73597,4973,219,-115, NO_EVENT
161755,73443,73681,22425,512,-87, NO_EVENT
161780,73605,73592,18927,371,162, NO_EVENT
161805,73526,73580,1737,106,-79, NO_EVENT
161830,73625,73667,16669,395,-3, NO_EVENT
161855,73659,73655,16664,391,53, NO_EVENT
161880,73537,73633,15473,364,-122, NO_EVENT
161905,73571,73598,32837,610,34, NO_EVENT
161930,73598,73662,17474,352,27, NO_EVENT
161955,73617,73620,12075,365,19, NO_EVENT
161980,73490,73664,21334,444,-127, NO_EVENT
162005,73516,73639,4320,217,-99, NO_EVENT
162030,73664,73654,3243,177,100, NO_EVENT
162055,73715,73642,14650,344,51, NO_EVENT
162080,73778,73651,10765,265,63, NO_EVENT
162105,73580,73659,16633,403,-198, NO_EVENT
162130,73747,73653,14979,384,167, NO_EVENT
162155,73519,73664,20487,399,-228, NO_EVENT
162180,73679,73622,8738,305,16, NO_EVENT
162205,73649,73658,5413,243,20, NO_EVENT
162230,73641,73633,10451,356,-8, NO_EVENT
162255,73616,73614,12634,329,-25, NO_EVENT
162280,73648,73671,13098,352,32, NO_EVENT
162305,73588,73625,26058,548,-60, NO_EVENT
162330,73645,73668,3204,180,57, NO_EVENT
162355,73482,73655,14523,390,-136, NO_EVENT
162380,73530,73634,7837,253,13, NO_EVENT
162405,73493,73657,18186,411,-37, NO_EVENT
162430,73550,73566,29176,551,57, NO_EVENT
162455,73650,73637,15847,386,100, NO_EVENT
162480,73611,73678,17272,388,-39, NO_EVENT
162505,73542,73644,17311,362,-69, NO_EVENT
162530,73658,73666,3855,170,76, NO_EVENT
162555,73649,73669,7980,262,34, NO_EVENT
162580,73510,73668,20538,432,-139, NO_EVENT
162605,73548,73639,12069,352,38, NO_EVENT
162630,73571,73669,14079,382,23, NO_EVENT
162655,73617,73682,19087,414,46, NO_EVENT
162680,73495,73643,12578,332,-122, NO_EVENT
162705,73420,73616,25929,530,-208, NO_EVENT
162730,73651,73628,4081,195,58, NO_EVENT
162755,73626,73588,19628,464,-25, NO_EVENT
162780,73453,73650,11319,339,-173, NO_EVENT
162805,73564,73640,20723,482,111, NO_EVENT
162830,73595,73623,8550,289,31, NO_EVENT
162855,73587,73633,6809,220,-8, NO_EVENT
162880,73610,73621,5572,235,-47, NO_EVENT
162905,73612,73623,4294,176,18, NO_EVENT
162930,73485,73601,13675,362,-127, NO_EVENT
162955,73587,73667,21925,445,102, NO_EVENT
162980,73705,73583,15535,364,118, NO_EVENT
163005,73600,73623,6284,227,-105, NO_EVENT
163030,73539,73646,20234,426,-61, NO_EVENT
163055,73470,73650,23301,505,-132, NO_EVENT
163080,73523,73603,38556,616,-54, NO_EVENT
163105,73589,73638,4899,216,-48, NO_EVENT
163130,73495,73647,12230,341,-94, NO_EVENT
163155,73680,73651,16861,435,185, NO_EVENT
163180,73530,73615,12449,332,-150, NO_EVENT
163205,73707,73678,21027,465,177, NO_EVENT
163230,73545,73650,7212,259,-162, NO_EVENT
163255,73575,73610,1714,119,-74, NO_EVENT
163280,73488,73576,6757,238,-109, NO_EVENT
163305,73572,73672,16283,424,84, NO_EVENT
163330,73641,73633,12783,357,69, NO_EVENT
163355,73608,73673,21929,437,-33, NO_EVENT
163380,73700,73657,10405,316,92, NO_EVENT
163405,73452,73677,16143,425,-248, NO_EVENT
163430,73720,73710,13605,337,16, NO_EVENT
163455,73603,73630,1130,100,-40, NO_EVENT
163480,73547,73632,16286,336,-56, NO_EVENT
163505,73536,73599,13202,366,-11, NO_EVENT
163530,73639,73650,11621,320,103, NO_EVENT
163555,73575,73618,12180,366,-64, NO_EVENT
163580,73629,73632,8213,275,54, NO_EVENT
163605,73499,73628,10544,318,-68, NO_EVENT
163630,73491,73570,7250,222,-177, NO_EVENT
163655,73462,73640,11474,373,-29, NO_EVENT
163680,73656,73623,15526,412,194, NO_EVENT
163705,73547,73677,14975,379,-109, NO_EVENT
163730,73670,73599,10515,321,123, NO_EVENT
163755,73661,73650,24101,526,-9, NO_EVENT
163780,73538,73595,7373,239,-143, NO_EVENT
163805,73815,73649,14863,336,205, NO_EVENT
163830,73500,73612,15897,370,-315, NO_EVENT
163855,73543,73621,17399,421,43, NO_EVENT
163880,73672,73667,19250,398,129, NO_EVENT
163905,73634,73648,13624,349,-38, NO_EVENT
163930,73514,73664,13399,387,-120, NO_EVENT
163955,73575,73623,12439,370,-122, NO_EVENT
163980,73488,73619,18470,423,-101, NO_EVENT
164005,73468,73624,17481,436,-20, NO_EVENT
164030,73405,73592,28772,506,-63, NO_EVENT
164055,73567,73593,18217,408,162, NO_EVENT
164080,73591,73655,6820,223,24, NO_EVENT
164105,73578,73626,15075,373,-13, NO_EVENT
164130,73548,73666,17447,402,-75, NO_EVENT
164155,73586,73633,31906,622,-63, NO_EVENT
164180,73643,73644,8150,313,57, NO_EVENT
164205,73711,73633,12094,349,68, NO_EVENT
164230,73541,73700,7683,313,-170, NO_EVENT
164255,73509,73613,21234,484,-32, NO_EVENT
164280,73511,73610,17213,344,2, NO_EVENT
164305,73461,73637,16609,439,-149, NO_EVENT
164330,73495,73634,9531,305,-220, NO_EVENT
164355,73481,73643,11138,352,-14, NO_EVENT
164380,73493,73585,25794,476,12, NO_EVENT
164405,73560,73628,22210,457,67, NO_EVENT
164430,73695,73627,10990,330,135, NO_EVENT
164455,73608,73678,19158,374,-87, NO_EVENT
164480,73383,73570,16519,359,-149, NO_EVENT
164505,73503,73606,6811,247,-120, NO_EVENT
164530,73401,73592,13809,388,-102, NO_EVENT
164555,73592,73615,35636,612,191, NO_EVENT
164580,73526,73655,23080,482,-66, NO_EVENT
164605,73390,73597,18987,487,-136, NO_EVENT
164630,73591,73628,40998,661,201, NO_EVENT
164655,73600,73644,7793,282,1, NO_EVENT
164680,73592,73657,4803,159,7, NO_EVENT
164705,73531,73587,13460,377,-61, NO_EVENT
164730,73557,73653,14186,355,26, NO_EVENT
164755,73487,73585,18685,454,-70, NO_EVENT
164780,73436,73643,36191,517,-51, NO_EVENT
164805,73563,73608,10084,330,127, NO_EVENT
164830,73639,73648,7210,249,76, NO_EVENT
164855,73546,73647,21713,427,-35, NO_EVENT
164880,73585,73621,3896,186,-30, NO_EVENT
164905,73572,73650,16685,388,-13, NO_EVENT
164930,73769,73644,22049,497,197, NO_EVENT
164955,73396,73660,10332,391,-373, NO_EVENT
164980,73601,73582,17318,398,205, NO_EVENT
165005,73629,73654,8475,283,28, NO_EVENT
165030,73459,73647,55627,653,-92, NO_EVENT
165055,73514,73572,10184,279,-80, NO_EVENT
165080,73531,73606,7719,271,17, NO_EVENT
165105,73593,73652,12964,358,62, NO_EVENT
165130,73453,73667,22760,495,-140, NO_EVENT
165155,73499,73617,16761,373,46, NO_EVENT
165180,73640,73626,13191,352,141, NO_EVENT
165205,73563,73641,22665,481,-63, NO_EVENT
165230,73588,73637,1513,114,-60, NO_EVENT
165255,73489,73583,15998,415,-99, NO_EVENT
165280,73397,73574,10113,352,-92, NO_EVENT
165305,73651,73600,43825,603,254, NO_EVENT
165330,73665,73659,22064,515,14, NO_EVENT
165355,73594,73690,10970,300,-71, NO_EVENT
165380,73622,73694,5435,195,-48, NO_EVENT
165405,73691,73598,8635,265,95, NO_EVENT
165430,73618,73569,19250,468,-73, NO_EVENT
165455,73536,73618,22566,464,-82, NO_EVENT
165480,73627,73668,15813,368,91, NO_EVENT
165505,73560,73613,27141,490,-67, NO_EVENT
165530,73529,73639,9296,284,-31, NO_EVENT
165555,73773,73692,17670,385,117, NO_EVENT
165580,73577,73653,12837,317,30, NO_EVENT
165605,73532,73587,10884,337,-45, NO_EVENT
165630,73526,73680,26429,441,-6, NO_EVENT
165655,73464,73694,46329,645,-62, NO_EVENT
165680,73638,73604,14454,380,174, NO_EVENT
165705,73681,73674,19826,390,43, NO_EVENT
165730,73570,73670,13233,349,-39, NO_EVENT
165755,73473,73590,5552,245,-150, NO_EVENT
165780,73514,73675,25467,519,41, NO_EVENT
165805,73595,73672,19232,445,81, NO_EVENT
165830,73627,73678,19118,438,32, NO_EVENT
165855,73668,73659,20900,473,41, NO_EVENT
165880,73610,73699,30568,485,-58, NO_EVENT
165905,73652,73650,4359,215,-36, NO_EVENT
165930,73494,73623,8810,318,-118, NO_EVENT
165955,73623,73660,15272,334,129, NO_EVENT
165980,73630,73630,28197,467,7, NO_EVENT
166005,73604,73672,14441,332,-26, NO_EVENT
166030,73729,73593,26023,472,125, NO_EVENT
166055,73701,73745,39293,579,-28, NO_EVENT
166080,73614,73672,18314,435,5, NO_EVENT
166105,73695,73712,11501,350,-49, NO_EVENT
166130,73629,73692,19563,451,-66, NO_EVENT
166155,73678,73611,22732,428,49, NO_EVENT
166180,73506,73664,14271,378,-172, NO_EVENT
166205,73564,73729,25298,527,58, NO_EVENT
166230,73516,73568,13063,364,-48, NO_EVENT
166255,73711,73705,5707,231,81, NO_EVENT
166280,73737,73742,17083,413,93, NO_EVENT
166305,73690,73730,27148,495,-47, NO_EVENT
166330,73670,73693,29741,564,-20, NO_EVENT
166355,73864,73782,20213,442,194, NO_EVENT
166380,73551,73743,17392,389,-313, NO_EVENT
166405,73556,73721,25327,477,5, NO_EVENT
166430,73568,73781,22387,462,-253, NO_EVENT
166455,73681,73699,5692,248,3, NO_EVENT
166480,73718,73786,7023,210,37, NO_EVENT
166505,73456,73663,29241,562,-262, NO_EVENT
166530,73716,73798,46663,777,260, NO_EVENT
166555,73688,73732,16273,422,-28, NO_EVENT
166580,73601,73701,19952,412,-87, NO_EVENT
166605,73775,73774,8972,270,102, NO_EVENT
166630,73744,73784,1231,102,-31, NO_EVENT
166655,73820,73807,19120,389,76, NO_EVENT
166680,73673,73813,8187,294,-147, NO_EVENT
166705,73752,73785,21060,469,79, NO_EVENT
166730,73821,73818,4847,203,69, NO_EVENT
166755,73654,73771,10446,290,-168, NO_EVENT
166780,73740,73769,5551,204,-42, NO_EVENT
166805,73875,73856,24007,459,135, NO_EVENT
166830,73924,73835,9325,281,49, NO_EVENT
166855,73827,73889,34282,516,-97, NO_EVENT
166880,73657,73790,13312,340,-170, NO_EVENT
166905,73949,73867,28743,514,292, NO_EVENT
166930,73771,73821,2673,150,21, NO_EVENT
166955,74005,73922,6544,234,234, NO_EVENT
166980,73844,74036,17027,399,-161, NO_EVENT
167005,73854,73894,10872,296,10, NO_EVENT
167030,73920,74030,11416,352,66, NO_EVENT
167055,73884,74033,14834,288,-36, NO_EVENT
167080,73983,74220,53980,662,-105, NO_EVENT
167105,74470,74267,18320,487,487, NO_EVENT
167130,74825,74569,32758,486,355, NO_EVENT
167155,74697,74627,41073,602,-128, NO_EVENT
167180,74424,74661,62767,762,-273, NO_EVENT
167205,74540,74760,44621,526,-106, NO_EVENT
167230,74855,74754,42463,672,315, NO_EVENT
167255,74538,74863,23878,553,-317, NO_EVENT
167280,74922,74662,55569,727,384, NO_EVENT
167305,74290,74514,27839,448,-190, NO_EVENT
167330,74281,74445,39743,642,-246, NO_EVENT
167355,74171,74195,24068,452,-110, NO_EVENT
167380,74112,74208,42885,627,-59, NO_EVENT
167405,74192,74002,34931,492,80, NO_EVENT
167430,73949,74042,15679,321,-243, NO_EVENT
167455,74073,74024,2966,150,45, NO_EVENT
167480,73736,73880,26112,502,-337, NO_EVENT
167505,73897,73894,13113,340,161, NO_EVENT
167530,73815,73900,24600,450,-82, NO_EVENT
167555,73782,73845,24386,493,-33, NO_EVENT
167580,73728,73819,16684,381,-54, NO_EVENT
167605,73762,73797,9411,288,83, NO_EVENT
167630,73678,73768,4037,173,-125, NO_EVENT
167655,73825,73831,33060,498,147, NO_EVENT
167680,73964,73852,12190,304,139, NO_EVENT
167705,73848,73925,12883,345,-116, NO_EVENT
167730,73825,73831,15516,360,-23, NO_EVENT
167755,73911,73808,22442,464,280, NO_EVENT
167780,73698,73823,4723,206,-136, NO_EVENT
167805,73848,73811,8999,271,150, NO_EVENT
167830,73860,73860,15505,423,12, NO_EVENT
167855,73858,73838,10947,306,-2, NO_EVENT
167880,73818,73826,19639,425,-40, NO_EVENT
167905,73862,73810,16123,366,44, NO_EVENT
167930,73845,73847,28243,475,59, NO_EVENT
167955,73794,73784,4221,183,52, NO_EVENT
167980,73563,73802,49065,669,-231, NO_EVENT
168005,73944,73832,17187,499,381, NO_EVENT
168030,73554,73775,36928,592,-390, NO_EVENT
168055,73762,73797,28608,548,208, NO_EVENT
168080,73887,73788,24941,476,271, NO_EVENT
168105,73603,73795,21043,479,-135, NO_EVENT
168130,73844,73799,19905,428,241, NO_EVENT
168155,73987,73809,37755,534,143, NO_EVENT
168180,73771,73883,24588,430,-216, NO_EVENT
168205,73732,73752,11148,310,-39, NO_EVENT
168230,73739,73786,4205,154,7, NO_EVENT
168255,73788,73779,22430,454,81, NO_EVENT
168280,73530,73688,8395,274,-274, NO_EVENT
168305,73701,73811,13774,481,171, NO_EVENT
168330,73606,73761,29414,547,-95, NO_EVENT
168355,73669,73849,27097,479,63, NO_EVENT
168380,73809,73749,3436,142,140, NO_EVENT
168405,73815,73771,19500,449,157, NO_EVENT
168430,73750,73849,6777,249,-23, NO_EVENT
168455,73596,73770,11996,375,-154, NO_EVENT
168480,73601,73750,10899,360,5, NO_EVENT
168505,73677,73799,20347,474,76, NO_EVENT
168530,73492,73736,8987,376,-185, NO_EVENT
168555,73744,73693,30963,567,252, NO_EVENT
168580,73649,73740,25588,534,135, NO_EVENT
168605,73812,73753,4023,181,39, NO_EVENT
168630,73787,73841,7141,249,-25, NO_EVENT
168655,73670,73774,26199,483,-117, NO_EVENT
168680,73504,73779,35137,669,-166, NO_EVENT
168705,73739,73740,16496,444,235, NO_EVENT
168730,73652,73740,15286,376,-87, NO_EVENT
168755,73755,73738,20098,420,171, NO_EVENT
168780,73656,73756,6992,258,-99, NO_EVENT
168805,73704,73781,36294,587,48, NO_EVENT
168830,73692,73822,27873,495,-12, NO_EVENT
168855,73633,73806,17093,367,-59, NO_EVENT
168880,73614,73830,37804,551,-19, NO_EVENT
168905,73694,73759,9210,301,-128, NO_EVENT
168930,73712,73823,4097,232,-119, NO_EVENT
168955,73881,73775,30236,544,169, NO_EVENT
168980,73585,73769,27630,541,-296, NO_EVENT
169005,73705,73766,32389,513,120, NO_EVENT
169030,73762,73756,9017,269,57, NO_EVENT
169055,73767,73801,22205,496,5, NO_EVENT
169080,73613,73808,17069,390,-125, NO_EVENT
169105,73702,73793,4373,213,-66, NO_EVENT
169130,73648,73880,20585,431,-54, NO_EVENT
169155,73712,73800,21467,453,64, NO_EVENT
169180,73796,73765,14012,379,84, NO_EVENT
169205,73731,73800,16018,362,-65, NO_EVENT
169230,73773,73779,39124,659,64, NO_EVENT
169255,73784,73802,6751,261,-4, NO_EVENT
169280,73850,73804,19508,489,66, NO_EVENT
169305,73691,73780,11835,324,-159, NO_EVENT
169330,73757,73791,16596,367,66, NO_EVENT
169355,73668,73825,21675,486,-89, NO_EVENT
169380,73908,73812,13249,353,240, NO_EVENT
169405,73824,73816,15621,336,101, NO_EVENT
169430,73862,73800,5338,201,139, NO_EVENT
169455,73680,73821,40228,606,-182, NO_EVENT
169480,73803,73798,13673,390,123, NO_EVENT
169505,73759,73814,16084,385,-44, NO_EVENT
169530,73839,73805,10118,265,80, NO_EVENT
169555,73774,73840,16296,416,133, NO_EVENT
169580,73810,73850,8154,259,111, NO_EVENT
169605,73837,73868,23748,486,27, NO_EVENT
169630,73784,73815,20223,496,-53, NO_EVENT
169655,74073,73908,30480,456,289, NO_EVENT
169680,73818,73871,20921,413,-255, NO_EVENT
169705,73850,73892,10924,313,32, NO_EVENT
169730,73671,73898,16094,394,-249, NO_EVENT
169755,73998,73930,31728,496,327, NO_EVENT
169780,74015,73904,29063,511,17, NO_EVENT
169805,73986,73926,19346,422,-29, NO_EVENT
169830,74010,74066,5731,221,24, NO_EVENT
169855,73998,74090,13509,346,-12, NO_EVENT
169880,73919,74130,45317,532,66, NO_EVENT
169905,74444,74366,16224,632,525, NO_EVENT
169930,74320,74469,21083,421,-124, NO_EVENT
169955,74695,74738,66875,809,375, NO_EVENT
169980,74906,74880,63941,802,211, NO_EVENT
170005,75268,75307,15550,348,126, NO_EVENT
170030,75189,75437,34971,502,-79, NO_EVENT
170055,75421,75491,36681,528,232, NO_EVENT
170080,75545,75640,23950,522,124, NO_EVENT
170105,75639,75902,24105,612,94, NO_EVENT
170130,75454,75803,35326,718,-185, NO_EVENT
170155,76222,75906,84384,815,768, NO_EVENT
170180,76261,75857,60725,670,613, NO_EVENT
170205,75786,76340,273918,1249,-475, NO_EVENT
170230,76018,76173,37904,611,232, NO_EVENT
170255,76308,76275,205791,1274,754, NO_EVENT
170280,76251,76284,71083,883,-57, NO_EVENT
170305,76032,76215,276656,1608,-219, NO_EVENT
170330,75713,76128,69794,850,-565, NO_EVENT
170355,76400,76258,46089,747,687, NO_EVENT
170380,76419,76392,53666,656,19, NO_EVENT
170405,76125,76099,59813,641,381, NO_EVENT
170430,76153,76336,9829,338,28, NO_EVENT
170455,76275,76317,49567,693,122, NO_EVENT
170480,75887,76386,297128,1685,-268, NO_EVENT
170505,76613,76271,114595,1085,726, NO_EVENT
170530,75994,76097,119037,1084,-619, NO_EVENT
170555,76205,76146,168170,1191,350, NO_EVENT
170580,75935,76197,226385,1392,-270, NO_EVENT
170605,76420,76071,113172,949,485, NO_EVENT
170630,75682,75806,38097,577,-252, NO_EVENT
170655,75396,75976,81243,1013,-286, NO_EVENT
170680,75559,75570,62707,826,163, NO_EVENT
170705,75129,75558,70813,907,-430, NO_EVENT
170730,75196,75457,21940,528,-312, NO_EVENT
170755,74900,75288,33457,670,-296, NO_EVENT
170780,75435,75182,66332,706,535, NO_EVENT
170805,75458,75103,34172,550,550, NO_EVENT
170830,74800,74896,31414,812,-658, NO_EVENT
170855,74851,74717,35446,452,51, NO_EVENT
170880,74655,74587,31653,454,-196, NO_EVENT
170905,74218,74444,30861,495,-437, NO_EVENT
170930,74387,74480,81523,864,-72, NO_EVENT
170955,74106,74325,20742,499,-281, NO_EVENT
170980,73972,74092,42136,622,-134, NO_EVENT
171005,73879,74085,23719,458,-93, NO_EVENT
171030,74234,74081,76903,784,355, NO_EVENT
171055,73973,73907,20038,421,90, NO_EVENT
171080,73821,73980,22204,421,-72, NO_EVENT
171105,73865,73906,19287,415,44, NO_EVENT
171130,73749,73869,28963,491,-116, NO_EVENT
171155,73962,73798,35333,573,213, NO_EVENT
171180,73959,73891,16509,394,-3, NO_EVENT
171205,73898,73871,20224,462,131, NO_EVENT
171230,73863,73869,20773,428,62, NO_EVENT
171255,73722,73909,26426,402,-141, NO_EVENT
171280,73778,73786,20500,437,56, NO_EVENT
171305,73927,73812,17132,415,149, NO_EVENT
171330,73948,73917,39729,627,21, NO_EVENT
171355,73850,73832,16011,353,-98, NO_EVENT
171380,73950,73855,17853,351,209, NO_EVENT
171405,73758,73825,10570,349,-52, NO_EVENT
171430,73537,73831,32655,598,-221, NO_EVENT
171455,73829,73879,40525,739,292, NO_EVENT
171480,73904,73875,15611,386,75, NO_EVENT
171505,73955,73957,16125,384,51, NO_EVENT
171530,73839,73831,7533,305,29, NO_EVENT
171555,73855,73846,15442,392,169, NO_EVENT
171580,73972,73832,23363,506,117, NO_EVENT
171605,73848,73898,20988,428,-124, NO_EVENT
171630,73764,73931,26510,489,-84, NO_EVENT
171655,73700,73823,30282,486,-64, NO_EVENT
171680,73887,73840,8811,303,58, NO_EVENT
171705,73867,73900,12458,323,-31, NO_EVENT
171730,73582,73839,18494,499,-285, NO_EVENT
171755,73744,73811,20306,520,162, NO_EVENT
171780,73726,73796,12484,350,-18, NO_EVENT
171805,73690,73891,33342,527,-36, NO_EVENT
171830,73792,73872,21229,427,102, NO_EVENT
171855,73828,73812,11369,303,179, NO_EVENT
171880,73726,73807,3993,165,-129, NO_EVENT
171905,73926,73836,26146,510,200, NO_EVENT
171930,73596,73848,14132,448,-330, NO_EVENT
171955,73731,73816,42454,670,135, NO_EVENT
171980,73832,73845,13629,356,101, NO_EVENT
172005,73847,73832,6209,254,1, NO_EVENT
172030,73739,73792,20753,434,72, NO_EVENT
172055,73665,73817,16157,376,-74, NO_EVENT
172080,73792,73764,9369,289,127, NO_EVENT
172105,73610,73834,16402,434,-182, NO_EVENT
172130,73775,73759,16269,405,165, NO_EVENT
172155,73771,73857,16170,370,-4, NO_EVENT
172180,73681,73763,11648,326,-133, NO_EVENT
172205,73747,73758,4877,201,55, NO_EVENT
172230,73715,73836,31505,464,-32, NO_EVENT
172255,73853,73790,12324,336,138, NO_EVENT
172280,73781,73739,62758,780,-72, NO_EVENT
172305,73807,73755,13319,380,26, NO_EVENT
172330,73727,73795,15494,369,43, NO_EVENT
172355,73877,73794,16892,408,142, NO_EVENT
172380,73815,73810,51605,664,-62, NO_EVENT
172405,73613,73822,42083,640,-202, NO_EVENT
172430,73641,73764,18272,440,28, NO_EVENT
172455,73823,73781,35895,614,182, NO_EVENT
172480,73706,73764,42504,599,-117, NO_EVENT
172505,73926,73837,13661,357,134, NO_EVENT
172530,73602,73833,18364,352,-284, NO_EVENT
172555,73823,73845,7300,369,221, NO_EVENT
172580,73698,73796,17464,406,-125, NO_EVENT
172605,73639,73891,51826,683,-59, NO_EVENT
172630,73817,73821,8284,324,178, NO_EVENT
172655,73904,73873,27486,508,99, NO_EVENT
172680,73651,73854,24656,414,-121, NO_EVENT
172705,73884,73869,3000,274,233, NO_EVENT
172730,73981,73839,21243,400,97, NO_EVENT
172755,73869,74037,34073,521,-112, NO_EVENT
172780,74466,74200,45617,597,597, NO_EVENT
172805,75306,74807,146293,1269,1269, NO_EVENT
172830,79301,76470,997928,3782,3782, NO_EVENT
172855,82164,80837,1121893,2863,2863, NO_EVENT
172880,168361,104044,26431281,86197,86197, TOUCHED
172905,163263,166614,4446833,5098,-5098, TOUCHED
172930,166512,161875,14219915,8991,3249, TOUCHED
172955,163080,160793,9334055,9366,-3432, TOUCHED
172980,166410,164537,1834708,3330,3330, TOUCHED
173005,133878,162133,90208591,34779,-32532, TOUCHED
173030,83875,96921,100723729,50003,-50003, UNTOUCHED
173055,82242,83511,490544,2052,-1633, NO_EVENT
173080,81482,81935,209739,1358,-760, NO_EVENT
173105,78515,80033,502731,2967,-2967, NO_EVENT
173130,79415,79426,403128,2138,900, NO_EVENT
173155,80345,79192,616760,2145,930, NO_EVENT
173180,78759,79061,239178,1344,-810, NO_EVENT
173205,79813,79332,752993,2397,1054, NO_EVENT
173230,79629,79897,40379,572,-300, NO_EVENT
173255,79771,80100,148181,1145,142, NO_EVENT
173280,79607,79629,191357,1234,-352, NO_EVENT
173305,80823,79738,341404,1800,1216, NO_EVENT
173330,79373,80021,80487,1450,-1450, NO_EVENT
173355,79203,79464,441532,2294,-170, NO_EVENT
173380,79294,79041,598561,2310,91, NO_EVENT
173405,78098,78975,483623,1858,-1355, NO_EVENT
173430,75686,76742,199198,2412,-2412, NO_EVENT
173455,75284,75893,157117,1283,-402, NO_EVENT
173480,75102,75420,48466,591,-534, NO_EVENT
173505,74736,75056,80991,833,-366, NO_EVENT
173530,74618,74699,87491,839,-118, NO_EVENT
173555,74605,74599,10461,269,-13, NO_EVENT
173580,74916,74739,14742,363,246, NO_EVENT
173605,74540,74742,42014,614,-376, NO_EVENT
173630,74724,74992,51424,725,184, NO_EVENT
173655,75350,75184,42810,636,626, NO_EVENT
173680,77652,76498,270089,1774,1774, NO_EVENT
173705,80803,79624,1161438,3151,3151, NO_EVENT
173730,172442,106387,105671753,90478,90478, TOUCHED
173755,165953,166221,10460861,9392,-6489, TOUCHED
173780,155309,160500,15802277,10644,-10644, TOUCHED
173805,107228,139091,7695971,53036,-48081, TOUCHED
173830,83093,86035,23332929,24135,-24135, UNTOUCHED
173855,80874,81948,182527,1536,-1402, NO_EVENT
173880,78732,79947,1297534,2587,-2142, NO_EVENT
173905,76532,77348,961648,2601,-2200, NO_EVENT
173930,75370,75777,122679,1162,-1162, NO_EVENT
173955,74992,75350,78932,856,-448, NO_EVENT
173980,74638,74942,82893,781,-354, NO_EVENT
174005,74591,74738,58923,760,-47, NO_EVENT
174030,74539,74543,11147,343,-52, NO_EVENT
174055,74225,74550,52055,769,-314, NO_EVENT
174080,74664,74492,166462,1255,566, NO_EVENT
174105,74421,74482,52014,611,-243, NO_EVENT
174130,74717,74685,34815,620,296, NO_EVENT
174155,74527,74784,64582,755,-190, NO_EVENT
174180,74934,74740,22967,438,194, NO_EVENT
174205,75021,75069,35453,432,109, NO_EVENT
174230,75351,75060,57322,641,330, NO_EVENT
174255,75162,75224,91584,991,-189, NO_EVENT
174280,75526,75289,27880,483,364, NO_EVENT
174305,75883,75633,52862,650,425, NO_EVENT
174330,77546,76653,123866,1663,1663, NO_EVENT
174355,79324,78787,555327,2355,1778, NO_EVENT
174380,82485,81260,764317,3161,3161, NO_EVENT
174405,181726,128528,141373393,97893,97893, TOUCHED
174430,176994,182586,3928685,7273,-4732, TOUCHED
174455,180575,179520,3011898,3809,3581, TOUCHED
174480,83609,101142,56976690,96966,-96966, UNTOUCHED
174505,81583,82629,391762,1949,-1949, NO_EVENT
174530,80156,81172,239591,1618,-1427, NO_EVENT
174555,78020,79289,595618,2294,-2136, NO_EVENT
174580,77236,77514,102671,867,-409, NO_EVENT
174605,76600,77406,317186,1910,-636, NO_EVENT
174630,77604,77001,352497,1566,1004, NO_EVENT
174655,76930,77334,216605,1432,-674, NO_EVENT
174680,79109,77674,650165,2179,2179, NO_EVENT
174705,77685,77471,443076,1937,-682, NO_EVENT
174730,76235,77243,163179,1638,-1450, NO_EVENT
174755,77450,77006,291496,1506,1215, NO_EVENT
174780,77348,77485,778116,2497,-102, NO_EVENT
174805,78348,77818,622357,2426,1000, NO_EVENT
174830,79856,78900,944030,2746,1297, NO_EVENT
174855,81119,80532,478428,2049,1263, NO_EVENT
174880,82786,82244,143908,1667,1667, NO_EVENT
174905,173686,104813,166254913,89876,89876, TOUCHED
174930,168406,172863,1396750,5301,-5280, TOUCHED
174955,173239,172173,6918416,6036,4833, TOUCHED
174980,172101,173566,1109110,2708,-1138, TOUCHED
175005,83773,106536,131812007,88328,-88328, UNTOUCHED
175030,82734,83817,219547,1579,-1039, NO_EVENT
175055,82292,82533,90238,901,-442, NO_EVENT
175080,81817,81973,61532,616,-475, NO_EVENT
175105,79977,80979,196158,1436,-1395, NO_EVENT
175130,79799,80148,123036,877,-178, NO_EVENT
175155,78216,79068,652972,1747,-1583, NO_EVENT
175180,77098,77722,657461,2260,-1118, NO_EVENT
175205,75980,76303,27432,552,-552, NO_EVENT
175230,75324,75829,58144,987,-656, NO_EVENT
175255,75381,75392,100608,952,57, NO_EVENT
175280,75042,75201,83169,845,261, NO_EVENT
175305,75186,75177,14806,342,144, NO_EVENT
175330,75881,75520,38887,695,695, NO_EVENT
175355,78747,76666,872978,2866,2866, NO_EVENT
175380,82189,79683,1544995,4493,3442, NO_EVENT
175405,173204,117788,88431914,91015,91015, TOUCHED
175430,172272,169492,14436731,8346,-932, TOUCHED
175455,172522,171531,842718,2186,2186, TOUCHED
175480,117437,161520,142625580,55991,-55085, TOUCHED
175505,82037,84099,4436410,6105,-6105, UNTOUCHED
175530,79689,81333,716787,2525,-2348, NO_EVENT
175555,76525,78244,488470,3164,-3164, NO_EVENT
175580,75419,75829,330568,1534,-1106, NO_EVENT
175605,74538,74652,35377,440,-241, NO_EVENT
175630,73997,74401,84175,859,-541, NO_EVENT
175655,74094,74136,4905,232,97, NO_EVENT
175680,74266,74075,15752,340,172, NO_EVENT
175705,73953,74136,20403,356,-313, NO_EVENT
175730,74106,74064,33650,551,161, NO_EVENT
175755,73999,73948,16573,413,-107, NO_EVENT
175780,74122,74052,47031,670,123, NO_EVENT
175805,74123,74144,41676,652,1, NO_EVENT
175830,74879,74630,43781,756,756, NO_EVENT
175855,77093,75742,672886,2517,2517, NO_EVENT
175880,82266,80123,1781838,5173,5173, NO_EVENT
175905,158044,115968,48750517,74766,74766, TOUCHED
175930,143258,149635,39964550,15466,-14786, TOUCHED
175955,142455,149045,19303029,10994,-803, TOUCHED
175980,86729,104560,117832619,55726,-55726, UNTOUCHED
176005,82770,84080,1627787,3959,-3959, NO_EVENT
176030,82250,82280,64551,836,-520, NO_EVENT
176055,80638,81332,338731,1612,-1612, NO_EVENT
176080,80072,80488,191158,1221,-66, NO_EVENT
176105,78246,79117,393351,1826,-1826, NO_EVENT
176130,77761,78390,242171,1362,-427, NO_EVENT
176155,79050,78240,286478,1289,1289, NO_EVENT
176180,76697,78080,471220,2226,-2226, NO_EVENT
176205,77429,77454,202214,1557,732, NO_EVENT
176230,76685,76893,51719,688,-129, NO_EVENT
176255,77428,76896,186454,1185,743, NO_EVENT
176280,76896,77318,114162,929,-532, NO_EVENT
176305,77264,76822,229899,1459,261, NO_EVENT
176330,76897,77152,8228,373,-367, NO_EVENT
176355,77660,77579,199959,1266,763, NO_EVENT
176380,79361,78515,272970,1701,1701, NO_EVENT
176405,80940,79853,513716,2106,1579, NO_EVENT
176430,108582,85703,72699458,27642,27642, TOUCHED
176455,177653,159401,28027501,78699,69071, TOUCHED
176480,185341,185012,7465401,8651,7688, TOUCHED
176505,83925,124890,146930124,101416,-101416, UNTOUCHED
176530,82390,82894,591258,2081,-1535, NO_EVENT
176555,80904,81303,109510,904,-807, NO_EVENT
176580,79825,80356,427069,1778,-1079, NO_EVENT
176605,77928,79166,259682,2038,-1897, NO_EVENT
176630,78188,78571,221115,1361,260, NO_EVENT
176655,77698,78661,1006176,3162,-490, NO_EVENT
176680,77143,77736,57758,867,-555, NO_EVENT
176705,78426,77721,272080,1398,1283, NO_EVENT
176730,78060,77817,172990,1370,-366, NO_EVENT
176755,77815,77986,722752,2167,1037, NO_EVENT
176780,77051,77570,728169,2691,-764, NO_EVENT
176805,77380,77589,92234,935,-70, NO_EVENT
176830,77856,77459,192930,1144,476, NO_EVENT
176855,77446,77473,173734,970,-410, NO_EVENT
176880,76881,76917,75076,1016,-565, NO_EVENT
176905,79367,77729,792782,2486,2486, NO_EVENT
176930,78647,78043,265123,1565,1565, NO_EVENT
176955,79400,79482,189933,1541,753, NO_EVENT
176980,82304,80927,679401,2350,2350, NO_EVENT
177005,170472,108754,109233277,88168,88168, TOUCHED
177030,153554,156044,48531590,22283,-16918, TOUCHED
177055,91007,118999,143235521,62547,-62547, UNTOUCHED
177080,82474,84557,1479904,4024,-4024, NO_EVENT
177105,80568,81770,360518,1906,-1906, NO_EVENT
177130,77555,79913,1069645,3013,-3013, NO_EVENT
177155,76329,76608,286886,1605,-1392, NO_EVENT
177180,74846,75529,90135,1483,-1483, NO_EVENT
177205,74825,74903,28031,542,-21, NO_EVENT
177230,74380,74801,137153,1167,-445, NO_EVENT
177255,74451,74402,6604,242,143, NO_EVENT
177280,75022,74375,44564,822,571, NO_EVENT
177305,74453,74486,35563,726,-569, NO_EVENT
177330,74560,74521,35877,536,107, NO_EVENT
177355,74713,74579,27304,484,153, NO_EVENT
177380,75533,75012,93914,907,907, NO_EVENT
177405,76089,75630,38464,704,556, NO_EVENT
177430,77107,76734,130266,1032,1018, NO_EVENT
177455,80407,79039,909842,3165,3165, NO_EVENT
177480,82272,81267,268090,1865,1865, NO_EVENT
177505,83846,82927,291561,1574,1574, NO_EVENT
177530,172899,125465,15432010,88045,88045, TOUCHED
177555,172925,171262,2806098,3701,26, TOUCHED
177580,176204,174005,3267106,3857,3279, TOUCHED
177605,87618,133421,21922017,85560,-85560, UNTOUCHED
177630,83590,85192,2458824,4423,-4028, NO_EVENT
177655,82797,83670,453583,1972,-793, NO_EVENT
177680,82326,82373,50420,768,-471, NO_EVENT
177705,80523,81481,247829,1803,-1803, NO_EVENT
177730,79557,80226,101510,1017,-966, NO_EVENT
177755,79711,79485,238643,1440,154, NO_EVENT
177780,77782,78640,687790,2263,-854, NO_EVENT
177805,76553,77434,193746,1275,-1229, NO_EVENT
177830,76418,76822,135929,1101,-135, NO_EVENT
177855,75565,76230,126622,1092,-853, NO_EVENT
177880,75835,76070,41029,759,270, NO_EVENT
177905,76633,76284,165692,1038,798, NO_EVENT
177930,76828,76719,41087,595,195, NO_EVENT
177955,80435,78797,1134980,3607,3607, NO_EVENT
177980,82446,80950,534215,2428,2428, NO_EVENT
178005,172838,118543,21522570,90392,90392, TOUCHED
178030,173216,172441,602993,1709,378, TOUCHED
178055,173547,172407,4628736,4639,3744, TOUCHED
178080,123332,168595,108959789,53241,-50215, TOUCHED
178105,83569,88603,110663824,39763,-39763, UNTOUCHED
178130,82150,82373,209956,1584,-1419, NO_EVENT
178155,79725,81072,440448,2235,-2235, NO_EVENT
178180,77901,79163,527628,2095,-1824, NO_EVENT
178205,75873,76610,305562,1558,-1289, NO_EVENT
178230,75292,75727,140951,1087,-581, NO_EVENT
178255,74831,75070,84944,764,-461, NO_EVENT
178280,74431,74624,59667,658,-154, NO_EVENT
178305,74349,74580,29524,547,-188, NO_EVENT
178330,74507,74553,21357,455,158, NO_EVENT
178355,74151,74599,18161,592,-356, NO_EVENT
178380,74659,74550,62151,613,508, NO_EVENT
178405,75036,74917,20296,402,348, NO_EVENT
178430,76210,75458,159473,1174,1174, NO_EVENT
178455,79207,78007,997210,2997,2997, NO_EVENT
178480,84377,82332,1983533,4137,4137, NO_EVENT
178505,139420,141156,57686397,81587,55043, TOUCHED
178530,147553,157141,81560872,25040,8133, TOUCHED
178555,106566,135514,33962637,40987,-40987, TOUCHED
178580,83900,92279,51063588,22666,-22666, UNTOUCHED
178605,82745,83484,314557,1429,-1155, NO_EVENT
178630,81945,82261,180278,1163,-800, NO_EVENT
178655,81145,81181,155040,1236,-800, NO_EVENT
178680,80569,80770,107281,911,-224, NO_EVENT
178705,80363,80325,147293,1004,-206, NO_EVENT
178730,79220,79712,98367,1239,-1143, NO_EVENT
178755,80020,79765,920035,2805,800, NO_EVENT
178780,79161,79018,602373,1996,-859, NO_EVENT
178805,79131,79699,519682,1948,-30, NO_EVENT
178830,79123,78931,559183,2227,-8, NO_EVENT
178855,78355,78849,385560,1607,-1091, NO_EVENT
178880,80407,79391,541162,2052,2052, NO_EVENT
178905,79489,79307,79985,867,271, NO_EVENT
178930,80873,79901,200578,1384,1384, NO_EVENT
178955,81186,80485,301244,1346,1337, NO_EVENT
178980,83362,82148,387695,2176,2176, NO_EVENT
179005,164727,120677,105863250,81365,81365, TOUCHED
179030,173296,164393,73054181,19077,8569, TOUCHED
179055,91188,141538,126732745,82108,-82108, UNTOUCHED
179080,83428,86221,7775476,7760,-7760, NO_EVENT
179105,81737,82339,318220,1753,-1691, NO_EVENT
179130,81273,81067,228977,1456,-464, NO_EVENT
179155,79004,80321,208798,1637,-1383, NO_EVENT
179180,80692,79741,411476,1688,1688, NO_EVENT
179205,78840,79290,103629,1852,-1852, NO_EVENT
179230,79527,79096,297764,1620,687, NO_EVENT
179255,77316,78557,462131,2211,-2211, NO_EVENT
179280,78391,77964,454541,1877,1075, NO_EVENT
179305,78096,77425,186374,1069,4, NO_EVENT
179330,77694,77553,257692,1436,-402, NO_EVENT
179355,77038,77628,218889,1309,-937, NO_EVENT
179380,76466,77018,137640,1056,-572, NO_EVENT
179405,76773,76877,43900,696,307, NO_EVENT
179430,77254,77528,143872,1005,-435, NO_EVENT
179455,77552,77398,267334,1422,298, NO_EVENT
179480,78634,78556,80021,642,308, NO_EVENT
179505,78930,79200,316186,1602,296, NO_EVENT
179530,82261,81262,160232,1575,1330, NO_EVENT
179555,172957,93240,152373773,90696,90696, TOUCHED
179580,142517,159023,123731329,30440,-30440, TOUCHED
179605,85960,112148,87124001,56557,-56557, UNTOUCHED
179630,82563,83594,751172,3397,-3397, NO_EVENT
179655,80983,81774,95495,1132,-1116, NO_EVENT
179680,78142,79607,805477,2841,-2841, NO_EVENT
179705,76379,77991,527435,3132,-1763, NO_EVENT
179730,75746,76232,77988,845,-633, NO_EVENT
179755,75574,75547,71975,811,205, NO_EVENT
179780,75466,75290,16776,436,-108, NO_EVENT
179805,74968,75257,96172,909,-498, NO_EVENT
179830,74771,74880,21527,366,44, NO_EVENT
179855,74747,74841,56706,714,-69, NO_EVENT
179880,74779,74898,30166,523,32, NO_EVENT
179905,74795,74862,14926,381,16, NO_EVENT
179930,75278,75085,27471,483,483, NO_EVENT
179955,75618,75350,36236,493,475, NO_EVENT
179980,76435,76341,139581,1469,817, NO_EVENT
180005,79447,78277,1240236,3115,3012, NO_EVENT
180030,83240,81781,924114,3793,3793, NO_EVENT
180055,179496,149961,124654811,96256,96256, TOUCHED
180080,180335,178928,1649198,2928,839, TOUCHED
180105,177146,177151,983342,3840,-3189, TOUCHED
180130,84138,129898,114200033,93008,-93008, UNTOUCHED
180155,82326,83174,554262,1885,-1812, NO_EVENT
180180,81798,81901,108946,829,-382, NO_EVENT
180205,80476,81183,216926,1322,-1322, NO_EVENT
180230,79565,79938,154775,1029,-911, NO_EVENT
180255,79671,79605,351215,1879,342, NO_EVENT
180280,79055,79168,384159,1654,-616, NO_EVENT
180305,77953,78412,805374,2716,-1675, NO_EVENT
180330,78852,78244,196607,1202,899, NO_EVENT
180355,77342,79146,839698,3159,-2115, NO_EVENT
180380,79112,78768,319148,1866,1770, NO_EVENT
180405,78974,79546,260721,1415,-717, NO_EVENT
180430,81624,80340,837942,2650,2650, NO_EVENT
180455,82469,81983,141133,964,845, NO_EVENT
180480,114008,88562,123582569,31123,31123, TOUCHED
180505,168924,158197,152806844,58373,54916, TOUCHED
180530,169758,166450,12397992,7602,834, TOUCHED
180555,168782,168728,1133507,2340,-976, TOUCHED
180580,87958,132454,78307461,80824,-80824, UNTOUCHED
180605,83935,84590,1587976,4490,-4023, NO_EVENT
180630,83208,83860,286187,1317,-727, NO_EVENT
180655,82361,82524,21984,342,-320, NO_EVENT
180680,82263,82302,5558,212,-98, NO_EVENT
180705,81948,82094,29183,428,-315, NO_EVENT
180730,81455,81676,40361,493,-493, NO_EVENT
180755,80712,81147,67701,715,-504, NO_EVENT
180780,79981,80539,148815,1203,-731, NO_EVENT
180805,79185,80040,136495,1445,-796, NO_EVENT
180830,79360,79437,591893,2044,175, NO_EVENT
180855,79287,79233,225390,1316,-73, NO_EVENT
180880,77901,78208,233059,1388,-1386, NO_EVENT
180905,77312,77301,361932,1533,-589, NO_EVENT
180930,76919,76860,70186,895,-393, NO_EVENT
180955,76115,76152,69241,822,-231, NO_EVENT
180980,75692,75795,127274,1119,-423, NO_EVENT
181005,75326,75560,44458,543,-366, NO_EVENT
181030,75490,75211,81698,741,463, NO_EVENT
181055,74897,75093,15978,593,-593, NO_EVENT
181080,75384,75187,18991,487,487, NO_EVENT
181105,74767,75120,30880,617,-617, NO_EVENT
181130,75318,75079,40817,605,152, NO_EVENT
181155,75366,75328,23625,461,48, NO_EVENT
181180,75129,75338,56354,739,-237, NO_EVENT
181205,75521,75288,15193,392,392, NO_EVENT
181230,75416,75379,7644,292,189, NO_EVENT
181255,75088,75205,19214,426,-328, NO_EVENT
181280,75647,75415,41635,646,559, NO_EVENT
181305,75432,75545,19836,367,-215, NO_EVENT
181330,75368,75472,45497,618,95, NO_EVENT
181355,75312,75471,29501,486,-56, NO_EVENT
181380,75204,75351,118949,1057,-108, NO_EVENT
181405,75473,75406,3284,174,165, NO_EVENT
181430,75172,75451,69859,829,-301, NO_EVENT
181455,75125,75454,38624,593,-47, NO_EVENT
181480,75245,75256,15671,362,120, NO_EVENT
181505,75043,75039,19167,392,-153, NO_EVENT
181530,74636,74860,24714,445,-407, NO_EVENT
181555,74458,74762,36275,688,-178, NO_EVENT
181580,74286,74534,45618,545,-172, NO_EVENT
181605,74481,74579,18448,379,-83, NO_EVENT
181630,74477,74498,28544,484,-128, NO_EVENT
181655,74278,74327,21820,419,-199, NO_EVENT
181680,74334,74179,14454,374,56, NO_EVENT
181705,74201,74188,12013,325,-133, NO_EVENT
181730,74145,74123,10733,274,-56, NO_EVENT
181755,73883,74086,20313,424,-287, NO_EVENT
181780,74078,74041,14513,402,195, NO_EVENT
181805,73952,74031,18809,450,-126, NO_EVENT
181830,74252,74034,19181,409,300, NO_EVENT
181855,73953,73963,28560,474,-299, NO_EVENT
181880,73899,73900,17008,383,158, NO_EVENT
181905,73779,73936,14580,379,-147, NO_EVENT
181930,73908,73824,19490,451,129, NO_EVENT
181955,73826,73935,3326,187,-82, NO_EVENT
181980,73845,73899,5538,204,19, NO_EVENT
182005,73777,73871,26527,486,-68, NO_EVENT
182030,73822,73859,14057,356,45, NO_EVENT
182055,73835,73887,24723,488,27, NO_EVENT
182080,73791,73858,5005,197,-14, NO_EVENT
182105,73815,73881,9604,269,24, NO_EVENT
182130,73730,73857,7669,299,-85, NO_EVENT
182155,73741,73821,12138,337,11, NO_EVENT
182180,73868,73894,19205,392,127, NO_EVENT
182205,73771,73846,15492,389,-11, NO_EVENT
182230,73974,73928,9879,306,22, NO_EVENT
182255,73716,73915,22896,491,-258, NO_EVENT
182280,73856,73921,16550,398,140, NO_EVENT
182305,73979,73941,15593,350,123, NO_EVENT
182330,74002,74066,7612,220,23, NO_EVENT
182355,74415,74252,13591,328,328, NO_EVENT
182380,74297,74371,39052,607,-215, NO_EVENT
182405,74569,74629,36319,567,272, NO_EVENT
182430,74852,74776,27530,464,283, NO_EVENT
182455,74688,74806,58948,796,-164, NO_EVENT
182480,75221,75053,48009,608,186, NO_EVENT
182505,75446,75144,32509,591,225, NO_EVENT
182530,75164,75158,28476,582,-282, NO_EVENT
182555,75714,75559,51219,675,550, NO_EVENT
182580,75306,75543,44377,592,-352, NO_EVENT
182605,75513,75481,49254,766,207, NO_EVENT
182630,75271,75348,16921,330,-242, NO_EVENT
182655,75231,75296,25718,550,-40, NO_EVENT
182680,75073,75308,37958,510,-395, NO_EVENT
182705,75015,75206,26617,466,-58, NO_EVENT
182730,75319,75246,53004,702,304, NO_EVENT
182755,75478,75148,43272,587,159, NO_EVENT
182780,75266,75017,55396,562,70, NO_EVENT
182805,75235,74985,42838,556,-31, NO_EVENT
182830,74874,74973,38062,484,-361, NO_EVENT
182855,74934,74829,33812,556,60, NO_EVENT
182880,74741,74478,36703,511,511, NO_EVENT
182905,74525,74521,30920,542,-216, NO_EVENT
182930,74351,74547,47275,695,-174, NO_EVENT
182955,74525,74560,37186,522,174, NO_EVENT
182980,74550,74496,28363,528,25, NO_EVENT
183005,74329,74536,66303,777,-67, NO_EVENT
183030,74920,74620,23823,591,591, NO_EVENT
183055,74972,74801,33689,569,52, NO_EVENT
183080,74984,74977,6957,254,12, NO_EVENT
183105,75730,75527,9817,304,230, NO_EVENT
183130,77492,76557,361477,1822,1762, NO_EVENT
183155,78843,78314,394643,1725,1351, NO_EVENT
183180,82297,80917,271672,1879,1879, NO_EVENT
183205,84779,82967,763641,2534,2482, NO_EVENT
183230,219747,126121,129493268,134968,134968, TOUCHED
183255,219938,219561,52651,610,191, TOUCHED
183280,220000,219782,25550,370,62, TOUCHED
183305,220221,219847,49592,595,221, TOUCHED
183330,220118,219612,314193,1146,-103, TOUCHED
183355,84368,99962,73226978,135750,-135750, UNTOUCHED
183380,84598,84416,305652,1496,230, NO_EVENT
183405,82360,82982,287414,2238,-2238, NO_EVENT
183430,81852,82330,31975,733,-609, NO_EVENT
183455,81222,81491,241022,1531,-630, NO_EVENT
183480,81202,81234,168966,1282,-20, NO_EVENT
183505,80550,80678,130563,973,131, NO_EVENT
183530,80129,80291,234831,1319,-421, NO_EVENT
183555,79772,79671,304944,1593,-357, NO_EVENT
183580,80159,79694,350880,1699,387, NO_EVENT
183605,78245,79471,564027,2201,-1914, NO_EVENT
183630,78346,78289,41968,642,83, NO_EVENT
183655,79238,78884,135147,975,892, NO_EVENT
183680,79405,79228,144168,1035,-342, NO_EVENT
183705,78883,78674,129500,1285,-522, NO_EVENT
183730,79902,79757,82785,802,432, NO_EVENT
183755,82122,81517,439618,2220,2220, NO_EVENT
183780,220134,96282,133990299,138012,138012, TOUCHED
183805,221405,220520,148982,1271,1271, TOUCHED
183830,220765,220824,234606,1018,-640, TOUCHED
183855,85010,112926,100290435,136211,-135755, UNTOUCHED
183880,82365,83541,968001,2645,-2645, NO_EVENT
183905,81725,81919,55262,753,-640, NO_EVENT
183930,80626,80845,85185,1211,-1099, NO_EVENT
183955,78324,79467,430033,2302,-2302, NO_EVENT
183980,77514,79076,279622,2428,-810, NO_EVENT
184005,78891,78190,260961,1377,1377, NO_EVENT
184030,79248,78827,192041,1168,357, NO_EVENT
184055,78110,78030,343927,1790,-1138, NO_EVENT
184080,77524,78036,120521,1058,-586, NO_EVENT
184105,78061,77864,197622,1134,537, NO_EVENT
184130,77268,77893,204261,1461,-793, NO_EVENT
184155,76977,77434,107666,1019,-291, NO_EVENT
184180,77000,77309,118864,1074,134, NO_EVENT
184205,77121,77197,44691,523,121, NO_EVENT
184230,76588,77200,65684,844,-533, NO_EVENT
184255,78867,77577,316569,2279,2279, NO_EVENT
184280,78088,78353,306526,1647,-779, NO_EVENT
184305,81874,80475,788173,2974,2974, NO_EVENT
184330,154246,119828,80801920,72372,72372, TOUCHED
184355,220658,221091,8314,474,-429, TOUCHED
184380,86236,177305,50753356,134422,-134422, UNTOUCHED
184405,82103,83724,1627358,4133,-4133, NO_EVENT
184430,80425,81280,256361,1719,-1005, NO_EVENT
184455,79427,79727,661230,2210,-998, NO_EVENT
184480,77601,77764,284351,2272,-1826, NO_EVENT
184505,76000,76621,290846,1601,-1601, NO_EVENT
184530,75778,76084,38727,521,-521, NO_EVENT
184555,76208,75838,31409,592,430, NO_EVENT
184580,76757,76499,23796,549,549, NO_EVENT
184605,76168,76356,66575,755,-524, NO_EVENT
184630,75930,76383,32192,689,-238, NO_EVENT
184655,75590,75866,181694,1245,-340, NO_EVENT
184680,75295,75572,76162,831,-781, NO_EVENT
184705,75009,75130,59699,707,-286, NO_EVENT
184730,75417,75336,29397,575,408, NO_EVENT
184755,75407,75429,17040,433,-10, NO_EVENT
184780,75977,75766,35681,513,377, NO_EVENT
184805,77792,76856,334693,1815,1815, NO_EVENT
184830,82027,79714,2006634,4235,4235, NO_EVENT
184855,154694,111984,14114577,72667,72667, TOUCHED
184880,218174,210894,87219684,64185,63480, TOUCHED
184905,98731,129018,107665758,83755,-83755, TOUCHED
184930,90136,94147,9386010,8595,-8595, UNTOUCHED
184955,83506,84954,2373099,4326,-4326, NO_EVENT
184980,80669,81594,603797,2053,-1961, NO_EVENT
185005,76639,78582,1786134,4030,-4030, NO_EVENT
185030,75407,75947,232658,1280,-1280, NO_EVENT
185055,74563,74957,72471,844,-844, NO_EVENT
185080,74417,74497,24849,418,-146, NO_EVENT
185105,74668,74575,69305,703,251, NO_EVENT
185130,75113,74831,46641,660,660, NO_EVENT
185155,76470,75770,190440,1357,1357, NO_EVENT
185180,77475,77229,267803,1646,1005, NO_EVENT
185205,77467,78300,624331,2160,146, NO_EVENT
185230,77000,78085,611922,2013,-467, NO_EVENT
185255,75188,75904,387182,1812,-1812, NO_EVENT
185280,74477,74788,48413,553,-536, NO_EVENT
185305,74145,74424,58396,752,-332, NO_EVENT
185330,74723,74402,10805,578,578, NO_EVENT
185355,74734,74576,23504,374,11, NO_EVENT
185380,75597,75154,99554,992,992, NO_EVENT
185405,81577,78436,2396702,5980,5980, NO_EVENT
185430,171474,107588,41547292,89897,89897, TOUCHED
185455,220246,210777,42650914,49322,48772, TOUCHED
185480,107994,202416,83073213,112981,-112252, TOUCHED
185505,84825,90022,54732221,23398,-23169, UNTOUCHED
185530,81449,82173,1024088,3703,-3376, NO_EVENT
185555,77941,79285,984967,3508,-3508, NO_EVENT
185580,76085,76739,390830,1901,-1856, NO_EVENT
185605,75478,75706,52564,647,-460, NO_EVENT
185630,74979,75215,66747,740,-499, NO_EVENT
185655,75028,75150,21050,342,49, NO_EVENT
185680,75224,75249,21450,465,196, NO_EVENT
185705,75455,75765,118989,1023,-417, NO_EVENT
185730,75695,75691,109747,978,240, NO_EVENT
185755,76398,76052,78988,708,703, NO_EVENT
185780,77083,76763,68824,815,205, NO_EVENT
185805,80110,77935,579039,3027,3027, NO_EVENT
185830,78626,79143,589027,2207,-1484, NO_EVENT
185855,79626,79818,383840,2137,1000, NO_EVENT
185880,80828,80481,99132,802,581, NO_EVENT
185905,81520,81240,75736,732,692, NO_EVENT
185930,82067,81953,78348,721,547, NO_EVENT
185955,84913,83417,542560,2445,2445, NO_EVENT
185980,89029,86699,4350872,4641,4116, NO_EVENT
186005,221260,214274,141202165,132231,132231, TOUCHED
186030,220777,220235,270487,1041,1041, TOUCHED
186055,221895,221356,267894,1036,1036, TOUCHED
186080,87964,133683,160667764,132198,-132198, UNTOUCHED
186105,84052,85022,1865316,4175,-3912, NO_EVENT
186130,83019,83965,233662,1505,-1033, NO_EVENT
186155,82223,82437,17491,340,-289, NO_EVENT
186180,81971,81981,70633,718,-252, NO_EVENT
186205,80874,81384,105097,1097,-1097, NO_EVENT
186230,80395,80739,513804,1895,-479, NO_EVENT
186255,79652,80264,150090,1014,-743, NO_EVENT
186280,79541,80210,247603,1442,-111, NO_EVENT
186305,79932,79545,371427,1642,-545, NO_EVENT
186330,80572,79744,230530,1572,640, NO_EVENT
186355,80008,78946,284823,1623,1171, NO_EVENT
186380,79818,79648,155201,1105,-190, NO_EVENT
186405,79915,79489,416714,1986,97, NO_EVENT
186430,80946,80195,184458,1090,1031, NO_EVENT
186455,81497,80953,132894,1072,551, NO_EVENT
186480,82335,81900,103539,939,901, NO_EVENT
186505,87929,83846,1997919,5594,5594, NO_EVENT
186530,220307,161707,34378331,132378,132378, TOUCHED
186555,213521,208799,91426058,21146,-6786, TOUCHED
186580,220183,218577,12203031,7759,6662, TOUCHED
186605,92181,152078,104527093,128002,-128002, UNTOUCHED
186630,84980,86719,7317017,7990,-7201, NO_EVENT
186655,82246,83122,683900,2734,-2734, NO_EVENT
186680,80428,81436,264655,1818,-1818, NO_EVENT
186705,79811,80492,73182,1024,-617, NO_EVENT
186730,80309,79507,152533,1190,498, NO_EVENT
186755,79425,79302,465404,2012,-1116, NO_EVENT
186780,78364,78471,316174,1436,-1061, NO_EVENT
186805,78256,78401,205323,1274,-491, NO_EVENT
186830,77794,78278,85727,905,-462, NO_EVENT
186855,76958,77272,139844,1098,-136, NO_EVENT
186880,76500,76831,115450,987,-458, NO_EVENT
186905,76492,76657,87195,856,-8, NO_EVENT
186930,75924,76260,91516,936,-57, NO_EVENT
186955,76255,76083,15474,360,331, NO_EVENT
186980,76192,76322,42288,599,-63, NO_EVENT
187005,78052,76846,351801,2001,2001, NO_EVENT
187030,78302,77648,109148,1128,250, NO_EVENT
187055,81494,80170,1018928,3192,3192, NO_EVENT
187080,163422,111820,123615828,81928,81928, TOUCHED
187105,220734,211705,100471331,57606,57312, TOUCHED
187130,104634,189555,99005733,116139,-116100, TOUCHED
187155,83274,86036,7416292,7557,-7557, UNTOUCHED
187180,82103,82478,211232,1199,-1171, NO_EVENT
187205,80237,81264,267471,1866,-1866, NO_EVENT
187230,80037,80404,124337,900,-200, NO_EVENT
187255,79738,79858,294873,1679,-299, NO_EVENT
187280,79773,79374,175084,1070,35, NO_EVENT
187305,78632,78951,217739,1598,-1103, NO_EVENT
187330,77736,78319,254785,1460,-896, NO_EVENT
187355,77607,77300,252030,1598,245, NO_EVENT
187380,76451,76708,124924,1206,-1156, NO_EVENT
187405,75629,76107,120044,959,-822, NO_EVENT
187430,75542,75804,127224,1018,-758, NO_EVENT
187455,75482,75412,107687,977,-60, NO_EVENT
187480,74602,75099,75416,894,-880, NO_EVENT
187505,74452,74819,67567,752,-150, NO_EVENT
187530,74298,74680,25794,589,-589, NO_EVENT
187555,74960,74733,66621,941,662, NO_EVENT
187580,74694,74743,23406,424,-266, NO_EVENT
187605,75034,75025,33108,558,340, NO_EVENT
187630,76862,76325,447847,1970,1391, NO_EVENT
187655,81337,79939,1766718,4475,4475, NO_EVENT
187680,220803,109743,136627079,138878,138878, TOUCHED
187705,220783,221038,51839,474,-20, TOUCHED
187730,85503,128970,147925269,135280,-135280, UNTOUCHED
187755,82687,83863,855574,2816,-2816, NO_EVENT
187780,80558,81459,482868,1791,-1469, NO_EVENT
187805,77712,79689,1227911,3007,-2846, NO_EVENT
187830,76239,77043,248693,1656,-1473, NO_EVENT
187855,75080,75578,135709,1159,-1159, NO_EVENT
187880,74292,74861,87550,888,-788, NO_EVENT
187905,74347,74542,20173,443,-219, NO_EVENT
187930,74291,74320,33027,541,-56, NO_EVENT
187955,74187,74355,74317,754,-104, NO_EVENT
187980,74494,74235,16526,433,307, NO_EVENT
188005,74284,74327,42110,598,-210, NO_EVENT
188030,74196,74441,22893,490,-125, NO_EVENT
188055,74268,74547,27252,560,72, NO_EVENT
188080,74448,74565,23363,583,180, NO_EVENT
188105,74821,74889,66443,809,373, NO_EVENT
188130,74710,74889,34485,494,-111, NO_EVENT
188155,74793,74841,43825,553,-268, NO_EVENT
188180,74449,74771,34970,606,-344, NO_EVENT
188205,74828,74700,16610,467,379, NO_EVENT
188230,74245,74583,53832,608,-583, NO_EVENT
188255,74503,74527,31859,556,-105, NO_EVENT
188280,74958,74879,112088,863,455, NO_EVENT
188305,78282,76638,844723,3324,3324, NO_EVENT
188330,108943,82382,32070197,30661,30661, TOUCHED
188355,221206,167187,39120555,112263,112263, TOUCHED
188380,149674,206788,128336667,71532,-71532, TOUCHED
188405,84609,91268,79775158,22422,-21977, UNTOUCHED
188430,81133,82114,520556,2060,-2060, NO_EVENT
188455,77336,79391,1501396,3797,-3797, NO_EVENT
188480,75887,77003,360596,2058,-1449, NO_EVENT
188505,75323,75594,87860,841,-564, NO_EVENT
188530,74860,75148,23104,454,-301, NO_EVENT
188555,75037,74907,30949,553,101, NO_EVENT
188580,74677,74841,69031,751,-360, NO_EVENT
188605,74656,74682,30772,554,-21, NO_EVENT
188630,74377,74450,34213,531,-279, NO_EVENT
188655,74477,74510,30877,497,219, NO_EVENT
188680,74305,74539,89172,897,-172, NO_EVENT
188705,74215,74346,13313,311,-90, NO_EVENT
188730,74609,74576,29835,578,394, NO_EVENT
188755,74524,74495,30719,430,-85, NO_EVENT
188780,74359,74512,67446,804,-179, NO_EVENT
188805,74258,74479,20839,438,-101, NO_EVENT
188830,74271,74464,21087,489,13, NO_EVENT
188855,74340,74338,5110,198,69, NO_EVENT
188880,74139,74204,17432,363,-201, NO_EVENT
188905,74055,74354,28348,564,-305, NO_EVENT
188930,74222,74215,8108,296,167, NO_EVENT
188955,74080,74133,40812,604,-142, NO_EVENT
188980,74006,74018,14320,395,-74, NO_EVENT
189005,73965,74023,18121,393,-41, NO_EVENT
189030,74066,73970,19661,473,115, NO_EVENT
189055,74017,74118,11481,350,-104, NO_EVENT
189080,73847,73996,8919,349,-170, NO_EVENT
189105,73821,73853,22126,462,-26, NO_EVENT
189130,73758,73922,9872,279,-63, NO_EVENT
189155,73840,73929,11995,357,82, NO_EVENT
189180,73899,73877,2244,134,62, NO_EVENT
189205,73761,73876,26931,494,-63, NO_EVENT
189230,73669,73791,9961,253,-92, NO_EVENT
189255,73943,73842,20711,445,274, NO_EVENT
189280,73751,73803,13193,354,-192, NO_EVENT
189305,73907,73769,11000,308,156, NO_EVENT
189330,73801,73857,12884,385,-106, NO_EVENT
189355,73718,73804,15334,339,39, NO_EVENT
189380,73751,73811,5820,207,-178, NO_EVENT
189405,73823,73832,14307,349,72, NO_EVENT
189430,73781,73838,10021,328,-42, NO_EVENT
189455,73768,73776,9814,308,-13, NO_EVENT
189480,73689,73806,17892,370,-79, NO_EVENT
189505,73646,73729,8187,236,-202, NO_EVENT
189530,73681,73740,5154,208,-102, NO_EVENT
189555,73755,73749,4943,195,74, NO_EVENT
189580,73854,73735,4208,198,99, NO_EVENT
189605,73719,73740,17974,428,-135, NO_EVENT
189630,73696,73766,18586,424,-23, NO_EVENT
189655,73728,73796,3803,190,32, NO_EVENT
189680,73660,73811,27756,518,-137, NO_EVENT
189705,73728,73736,7859,274,3, NO_EVENT
189730,73686,73740,16978,415,-42, NO_EVENT
189755,73755,73757,15788,394,69, NO_EVENT
189780,73683,73814,3803,229,-72, NO_EVENT
189805,73749,73798,6311,252,66, NO_EVENT
189830,73735,73773,9989,302,-14, NO_EVENT
189855,73797,73816,9021,260,94, NO_EVENT
189880,73870,73773,1614,144,111, NO_EVENT
189905,73782,73739,13754,324,-88, NO_EVENT
189930,73773,73794,21759,485,-9, NO_EVENT
189955,73856,73860,21360,450,83, NO_EVENT
189980,73837,73915,8966,259,-19, NO_EVENT
190005,74022,73916,39018,635,144, NO_EVENT
190030,74066,73980,14740,357,316, NO_EVENT
190055,74026,74131,24217,480,-40, NO_EVENT
190080,74352,74233,20550,390,326, NO_EVENT
190105,74538,74564,60416,761,186, NO_EVENT
190130,75195,75068,65976,803,657, NO_EVENT
190155,75475,75361,4678,221,99, NO_EVENT
190180,75334,75558,62059,636,-141, NO_EVENT
190205,76118,75686,89212,880,784, NO_EVENT
190230,76121,76151,28747,454,83, NO_EVENT
190255,76061,76151,91157,914,-60, NO_EVENT
190280,76833,76464,50121,772,772, NO_EVENT
190305,77238,76764,42531,675,672, NO_EVENT
190330,77013,76829,66709,856,-225, NO_EVENT
190355,76625,76609,121564,985,-388, NO_EVENT
190380,76251,76654,45731,794,-410, NO_EVENT
190405,76173,76434,190935,1116,-78, NO_EVENT
190430,75340,75931,75569,833,-833, NO_EVENT
190455,75870,75793,53809,694,-58, NO_EVENT
190480,75887,75784,44097,609,17, NO_EVENT
190505,75710,75657,36526,547,-177, NO_EVENT
190530,76229,76145,99069,1030,29, NO_EVENT
190555,76621,76633,39891,646,392, NO_EVENT
190580,79978,77863,1169292,3357,3357, NO_EVENT
190605,80390,79605,656024,2250,2063, NO_EVENT
190630,81732,80945,168070,1342,1342, NO_EVENT
190655,82987,82307,125331,1255,1255, NO_EVENT
190680,156232,102247,62027901,72286,71534, TOUCHED
190705,186598,180843,151554514,31162,30366, TOUCHED
190730,187878,185270,3952428,4970,1409, TOUCHED
190755,188340,187594,453478,1541,462, TOUCHED
190780,146024,184117,26283789,43728,-42316, TOUCHED
190805,83596,90404,102205054,62428,-62428, UNTOUCHED
190830,82296,82944,486107,1842,-1300, NO_EVENT
190855,81130,81781,164415,1205,-1205, NO_EVENT
190880,79964,80579,370841,1563,-1166, NO_EVENT
190905,78932,80021,180791,1621,-1032, NO_EVENT
190930,78234,78489,412042,1634,-698, NO_EVENT
190955,77236,77722,501430,2021,-998, NO_EVENT
190980,76643,77101,386950,1740,-593, NO_EVENT
191005,76031,76367,153242,1024,51, NO_EVENT
191030,75926,75944,60515,720,-105, NO_EVENT
191055,75805,75904,51612,624,-121, NO_EVENT
191080,75986,75883,123832,895,-404, NO_EVENT
191105,75590,75502,39099,805,-396, NO_EVENT
191130,75768,75653,99373,931,178, NO_EVENT
191155,75980,76097,108969,900,96, NO_EVENT
191180,77281,76806,334625,1689,1301, NO_EVENT
191205,79965,78976,1044436,2684,2684, NO_EVENT
191230,82529,81009,408296,2564,2564, NO_EVENT
191255,177044,107250,166727380,94515,94515, TOUCHED
191280,149628,150997,139171494,48825,-27416, TOUCHED
191305,93807,137480,149937016,68961,-55821, UNTOUCHED
191330,83983,86892,10792292,9824,-9824, NO_EVENT
191355,81790,82314,323197,2193,-2193, NO_EVENT
191380,78734,80239,744659,2384,-2313, NO_EVENT
191405,76510,77818,699446,2224,-2224, NO_EVENT
191430,76183,76584,72984,829,-829, NO_EVENT
191455,75322,75965,79647,1184,-861, NO_EVENT
191480,75100,75384,40450,514,-222, NO_EVENT
191505,75330,75422,87361,800,-450, NO_EVENT
191530,75057,75104,24743,493,-273, NO_EVENT
191555,75103,75095,30154,465,46, NO_EVENT
191580,74882,75069,31009,483,-221, NO_EVENT
191605,75158,74977,58385,731,178, NO_EVENT
191630,74804,75082,61716,607,-354, NO_EVENT
191655,75037,74949,7601,287,233, NO_EVENT
191680,74901,75128,47989,572,-136, NO_EVENT
191705,75557,75481,112199,1044,314, NO_EVENT
191730,76155,75804,50381,598,598, NO_EVENT
191755,76984,76766,198905,1244,829, NO_EVENT
191780,81421,79486,954895,3688,3688, NO_EVENT
191805,85344,83278,2184325,3923,3923, NO_EVENT
191830,174185,162598,10261327,88841,88841, TOUCHED
191855,109944,150565,157780653,64241,-64241, TOUCHED
191880,83065,86769,14032622,10763,-10763, UNTOUCHED
191905,81108,82226,323401,1957,-1957, NO_EVENT
191930,78066,79770,923539,3042,-3042, NO_EVENT
191955,75905,76826,239099,1676,-1676, NO_EVENT
191980,75021,75633,84916,1086,-884, NO_EVENT
192005,74657,74778,127743,1180,-364, NO_EVENT
192030,74351,74383,24287,502,36, NO_EVENT
192055,74108,74296,23431,439,-439, NO_EVENT
192080,74218,74093,10312,302,110, NO_EVENT
192105,74009,74208,34200,521,-209, NO_EVENT
192130,74178,74146,80865,857,169, NO_EVENT
192155,74280,74239,7078,243,102, NO_EVENT
192180,74002,74138,11192,316,-88, NO_EVENT
192205,74190,74273,12982,463,188, NO_EVENT
192230,74222,74192,26488,539,32, NO_EVENT
192255,74470,74424,11576,386,248, NO_EVENT
192280,74559,74520,19678,384,89, NO_EVENT
192305,74914,74714,17767,373,301, NO_EVENT
192330,75201,74924,29994,500,287, NO_EVENT
192355,76642,75762,107705,1441,1441, NO_EVENT
192380,80975,77833,1639947,4333,4333, NO_EVENT
192405,104833,89517,110649723,23858,23858, TOUCHED
192430,183124,174613,83180197,78291,78291, TOUCHED
192455,180488,182613,1813630,3204,-2636, TOUCHED
192480,85725,134023,150981840,94915,-94763, UNTOUCHED
192505,81485,83015,1094224,2802,-2802, NO_EVENT
192530,79480,80398,878391,2732,-2005, NO_EVENT
192555,75676,76883,1398524,3955,-3804, NO_EVENT
192580,75063,75233,70900,646,-613, NO_EVENT
192605,75009,75085,44375,675,0, NO_EVENT
192630,75307,75177,18747,385,298, NO_EVENT
192655,76690,75737,127069,1383,1383, NO_EVENT
192680,77372,76585,234384,1487,682, NO_EVENT
192705,77990,77528,324427,1733,756, NO_EVENT
192730,77738,78891,639258,2174,-252, NO_EVENT
192755,76752,78267,678364,2571,-1614, NO_EVENT
192780,77601,77771,210325,1528,849, NO_EVENT
192805,75486,76438,198105,1468,-1204, NO_EVENT
192830,75063,75302,264229,1419,-423, NO_EVENT
192855,74050,74783,73494,1096,-1013, NO_EVENT
192880,74229,74254,26676,472,179, NO_EVENT
192905,73976,74193,28073,512,-300, NO_EVENT
192930,73838,74033,13691,336,-318, NO_EVENT
192955,74058,74184,13658,457,220, NO_EVENT
192980,74319,74138,32368,536,261, NO_EVENT
193005,74701,74446,37399,535,382, NO_EVENT
193030,77144,75683,725640,2443,2443, NO_EVENT
193055,127545,93610,105560257,50401,50401, TOUCHED
193080,175842,171838,171640279,49261,48297, TOUCHED
193105,172026,175077,4597274,4958,-3816, TOUCHED
193130,119738,144468,112394022,52288,-52288, TOUCHED
193155,82071,93459,36179779,37667,-37667, UNTOUCHED
193180,79438,80642,1008807,2869,-2633, NO_EVENT
193205,75267,76366,778175,2694,-2694, NO_EVENT
193230,74531,74687,139718,1081,-736, NO_EVENT
193255,73919,74243,62813,693,-612, NO_EVENT
193280,74067,74071,37834,584,148, NO_EVENT
193305,73922,74062,36053,580,-555, NO_EVENT
193330,74000,74085,10208,295,78, NO_EVENT
193355,74001,74127,6928,270,1, NO_EVENT
193380,74154,74140,37630,583,153, NO_EVENT
193405,74187,74175,39289,577,33, NO_EVENT
193430,74144,74108,26939,449,129, NO_EVENT
193455,74250,74337,16231,354,-172, NO_EVENT
193480,74513,74583,30913,485,263, NO_EVENT
193505,74618,74590,18531,431,105, NO_EVENT
193530,75345,75077,54961,727,727, NO_EVENT
193555,75983,75700,115885,862,862, NO_EVENT
193580,80156,77574,929763,4173,4173, NO_EVENT
193605,82445,81193,921000,2527,2289, NO_EVENT
193630,173105,122727,142069591,90660,90660, TOUCHED
193655,147810,150737,128019612,34457,-25295, TOUCHED
193680,84601,109151,114422813,63209,-63209, UNTOUCHED
193705,82398,83535,557069,2203,-2203, NO_EVENT
193730,81260,81870,92829,1138,-1138, NO_EVENT
193755,78408,79486,528790,2360,-2360, NO_EVENT
193780,76084,77065,609416,2324,-2324, NO_EVENT
193805,75807,76139,54775,646,-476, NO_EVENT
193830,75234,75544,83834,811,-573, NO_EVENT
193855,75313,75196,7193,281,79, NO_EVENT
193880,74749,75085,49600,686,-564, NO_EVENT
193905,74918,74899,42450,663,104, NO_EVENT
193930,74916,75107,43067,619,-2, NO_EVENT
193955,75457,75323,33258,669,541, NO_EVENT
193980,75647,75586,33156,508,190, NO_EVENT
194005,77199,76348,137045,1345,1345, NO_EVENT
194030,78937,78478,473581,2172,1738, NO_EVENT
194055,82369,80992,412329,2158,2158, NO_EVENT
194080,84081,83210,622027,1793,1712, NO_EVENT
194105,188667,173973,81189722,106034,104586, TOUCHED
194130,189022,188381,232897,1166,355, TOUCHED
194155,189966,189678,117673,944,944, TOUCHED
194180,188895,188585,123021,1672,-1071, TOUCHED
194205,84150,107890,68301277,105372,-104745, UNTOUCHED
194230,82274,82864,350062,1876,-1876, NO_EVENT
194255,80791,81724,255158,1545,-1483, NO_EVENT
194280,80743,80844,233472,1379,361, NO_EVENT
194305,77738,79327,1296959,3005,-3005, NO_EVENT
194330,76603,76597,177349,1745,-1135, NO_EVENT
194355,75939,75883,101507,1154,-664, NO_EVENT
194380,75599,75696,25194,523,-153, NO_EVENT
194405,75200,75498,36781,691,-399, NO_EVENT
194430,75133,75498,107215,971,-67, NO_EVENT
194455,75201,75477,174547,1131,68, NO_EVENT
194480,75645,75823,62583,645,-22, NO_EVENT
194505,76629,76464,147858,1308,984, NO_EVENT
194530,78115,77292,352736,1674,1486, NO_EVENT
194555,79864,79544,501637,2025,1245, NO_EVENT
194580,82187,81229,351687,2323,2323, NO_EVENT
194605,178665,103538,24375963,96478,96478, TOUCHED
194630,153039,160295,138772357,28647,-25626, TOUCHED
194655,110971,140810,34102013,42068,-42068, TOUCHED
194680,83251,89846,72211615,27720,-27720, UNTOUCHED
194705,80981,81801,375744,2270,-2270, NO_EVENT
194730,77586,79410,899594,2893,-2893, NO_EVENT
194755,75095,76107,594056,2572,-2491, NO_EVENT
194780,74665,74763,60871,638,-430, NO_EVENT
194805,74324,74363,13194,363,-153, NO_EVENT
194830,74159,74045,17008,307,272, NO_EVENT
194855,73987,74046,15256,326,-172, NO_EVENT
194880,73770,73935,25067,404,-217, NO_EVENT
194905,73999,74033,29375,492,229, NO_EVENT
194930,73845,73969,14081,342,-154, NO_EVENT
194955,73862,73959,30996,465,-64, NO_EVENT
194980,73966,74024,8062,250,-150, NO_EVENT
195005,73875,74109,47891,581,-91, NO_EVENT
195030,74150,74167,12713,389,275, NO_EVENT
195055,74091,74246,32040,421,-59, NO_EVENT
195080,74169,74318,28884,456,78, NO_EVENT
195105,74842,74755,39159,661,190, NO_EVENT
195130,77282,75881,377753,2440,2440, NO_EVENT
195155,83424,80984,2785192,6142,6142, NO_EVENT
195180,188740,140680,131385851,107560,105316, TOUCHED
195205,190693,189629,594100,1953,1953, TOUCHED
195230,87728,147896,104182774,102965,-102965, UNTOUCHED
195255,82529,84499,1931961,5199,-5199, NO_EVENT
195280,79969,81483,736648,2560,-2560, NO_EVENT
195305,76727,78564,2382237,3788,-3788, NO_EVENT
195330,75530,75887,185411,1461,-1197, NO_EVENT
195355,74507,75014,142789,1030,-1023, NO_EVENT
195380,74627,74755,43534,573,-136, NO_EVENT
195405,74531,74713,60458,731,-96, NO_EVENT
195430,74580,74863,61388,770,49, NO_EVENT
195455,75269,75096,97007,873,689, NO_EVENT
195480,74999,75259,16467,376,-117, NO_EVENT
195505,75379,75403,52301,714,380, NO_EVENT
195530,75877,75738,42907,636,498, NO_EVENT
195555,76000,75911,10041,291,123, NO_EVENT
195580,76380,76136,22290,398,241, NO_EVENT
195605,77180,76455,211459,1488,800, NO_EVENT
195630,76523,76716,50208,699,-657, NO_EVENT
195655,77747,76961,87784,1224,1224, NO_EVENT
195680,79672,77911,623945,2372,1925, NO_EVENT
195705,79612,79870,499663,1793,656, NO_EVENT
195730,81998,81265,633166,2386,2386, NO_EVENT
195755,85555,83683,1319060,3557,3557, NO_EVENT
195780,203321,167000,12548289,117766,117766, TOUCHED
195805,203131,203823,500882,1487,-190, TOUCHED
195830,127669,190115,56253376,75462,-75462, TOUCHED
195855,83941,88759,71062583,43728,-43728, UNTOUCHED
195880,82362,83702,1443618,2809,-2809, NO_EVENT
195905,81425,82007,129014,1070,-1070, NO_EVENT
195930,79596,80561,444863,1864,-1829, NO_EVENT
195955,78207,79455,366790,1865,-1389, NO_EVENT
195980,76141,77260,510721,2066,-2066, NO_EVENT
196005,75143,75841,133758,1309,-716, NO_EVENT
196030,75141,75411,42320,583,-2, NO_EVENT
196055,74920,75046,72380,791,-221, NO_EVENT
196080,74565,74776,53228,618,-316, NO_EVENT
196105,74058,74423,55944,650,-559, NO_EVENT
196130,73977,74243,39620,633,-81, NO_EVENT
196155,73878,74186,80228,796,-99, NO_EVENT
196180,73806,74016,28731,479,-72, NO_EVENT
196205,73743,73974,65731,784,-63, NO_EVENT
196230,73842,73879,20406,448,-17, NO_EVENT
196255,73716,73804,6801,256,-126, NO_EVENT
196280,73709,73769,20585,445,-7, NO_EVENT
196305,73771,73851,10279,335,62, NO_EVENT
196330,73737,73843,15558,363,-34, NO_EVENT
196355,73570,73789,22870,473,-167, NO_EVENT
196380,73665,73716,3122,142,-115, NO_EVENT
196405,73656,73689,35211,559,34, NO_EVENT
196430,73552,73671,31350,561,-104, NO_EVENT
196455,73571,73656,22991,455,19, NO_EVENT
196480,73669,73728,18954,405,98, NO_EVENT
196505,73706,73653,21315,473,37, NO_EVENT
196530,73506,73740,15411,380,-200, NO_EVENT
196555,73582,73678,7614,225,-177, NO_EVENT
196580,73576,73732,7652,300,-205, NO_EVENT
196605,73699,73715,19191,432,123, NO_EVENT
196630,73627,73798,34023,452,-72, NO_EVENT
196655,73766,73669,16718,362,139, NO_EVENT
196680,73729,73743,16740,415,-37, NO_EVENT
196705,73827,73719,6310,211,98, NO_EVENT
196730,73526,73699,46467,650,-170, NO_EVENT
196755,73529,73653,3324,212,-121, NO_EVENT
196780,73681,73692,44342,655,152, NO_EVENT
196805,73648,73656,6795,278,-33, NO_EVENT
196830,73560,73652,10765,294,-88, NO_EVENT
196855,73586,73581,7520,267,26, NO_EVENT
196880,73508,73587,14840,290,-78, NO_EVENT
196905,73657,73629,9126,255,100, NO_EVENT
196930,73616,73563,3578,182,69, NO_EVENT
196955,73585,73654,23750,475,-31, NO_EVENT
196980,73729,73631,5080,199,144, NO_EVENT
197005,73546,73651,11572,304,-183, NO_EVENT
197030,73463,73589,3712,202,-83, NO_EVENT
197055,73621,73559,4897,212,158, NO_EVENT
197080,73414,73592,13900,401,-180, NO_EVENT
197105,73671,73624,5808,202,3, NO_EVENT
197130,73507,73548,24218,533,-164, NO_EVENT
197155,73624,73561,25153,482,117, NO_EVENT
197180,73618,73632,23370,432,-6, NO_EVENT
197205,73541,73591,9527,296,-77, NO_EVENT
197230,73465,73600,24836,462,-76, NO_EVENT
197255,73568,73647,15027,354,-45, NO_EVENT
197280,73466,73603,17435,414,-161, NO_EVENT
197305,73561,73591,12481,309,95, NO_EVENT
197330,73541,73591,8548,293,-20, NO_EVENT
197355,73609,73648,16690,389,68, NO_EVENT
197380,73600,73595,9421,296,-9, NO_EVENT
197405,73412,73586,20893,432,-188, NO_EVENT
197430,73511,73613,22361,438,-53, NO_EVENT
197455,73477,73609,12871,298,-271, NO_EVENT
197480,73615,73661,11832,386,138, NO_EVENT
197505,73468,73622,20717,434,-147, NO_EVENT
197530,73678,73682,18940,487,210, NO_EVENT
197555,73493,73593,14634,349,-185, NO_EVENT
197580,73597,73629,30288,552,104, NO_EVENT
197605,73471,73649,19959,462,-110, NO_EVENT
197630,73632,73754,13706,354,-93, NO_EVENT
197655,73530,73637,23576,492,-102, NO_EVENT
197680,73484,73680,30510,515,-46, NO_EVENT
197705,73720,73712,14153,467,236, NO_EVENT
197730,73609,73758,8290,303,-111, NO_EVENT
197755,73600,73725,12941,311,-9, NO_EVENT
197780,73594,73746,9844,297,-129, NO_EVENT
197805,73628,73705,2832,174,-24, NO_EVENT
197830,73612,73756,18809,385,-16, NO_EVENT
197855,73757,73698,11238,315,145, NO_EVENT
197880,73798,73737,26404,475,41, NO_EVENT
197905,73843,73745,29687,567,45, NO_EVENT
197930,73722,73739,11474,334,-121, NO_EVENT
197955,73680,73776,13180,335,-154, NO_EVENT
197980,73784,73758,2964,148,-25, NO_EVENT
198005,73616,73765,6651,282,-168, NO_EVENT
198030,73760,73725,8702,311,144, NO_EVENT
198055,73703,73778,12188,363,-57, NO_EVENT
198080,73672,73680,17087,423,-31, NO_EVENT
198105,73566,73668,16303,385,-106, NO_EVENT
198130,73513,73634,25415,469,-62, NO_EVENT
198155,73523,73582,4801,168,-35, NO_EVENT
198180,73634,73709,39231,565,111, NO_EVENT
198205,73528,73687,14967,342,-106, NO_EVENT
198230,73631,73653,22059,470,103, NO_EVENT
198255,73703,73632,31754,615,72, NO_EVENT
198280,73632,73728,6985,272,-71, NO_EVENT
198305,73472,73583,25989,482,-52, NO_EVENT
198330,73565,73588,5378,226,37, NO_EVENT
198355,73567,73653,16439,347,2, NO_EVENT
198380,73553,73671,10001,330,-14, NO_EVENT
198405,73665,73632,15218,351,112, NO_EVENT
198430,73658,73662,9410,332,-7, NO_EVENT
198455,73543,73659,5527,234,-115, NO_EVENT
198480,73516,73676,37561,528,-40, NO_EVENT
198505,73508,73604,2308,158,-158, NO_EVENT
198530,73491,73707,35697,563,-17, NO_EVENT
198555,73593,73646,14059,413,102, NO_EVENT
198580,73542,73614,34199,576,-51, NO_EVENT
198605,73554,73569,3769,198,12, NO_EVENT
198630,73527,73589,5666,234,-27, NO_EVENT
198655,73528,73671,12078,329,-82, NO_EVENT
198680,73404,73552,5809,257,-180, NO_EVENT
198705,73409,73580,26287,515,5, NO_EVENT
198730,73469,73677,17499,486,60, NO_EVENT
198755,73601,73636,6948,303,132, NO_EVENT
198780,73699,73621,3713,200,98, NO_EVENT
198805,73596,73632,2618,151,-103, NO_EVENT
198830,73358,73569,27126,521,-229, NO_EVENT
198855,73547,73618,3840,203,-26, NO_EVENT
198880,73533,73562,14716,393,-14, NO_EVENT
198905,73527,73673,15048,400,-6, NO_EVENT
198930,73638,73663,59148,691,111, NO_EVENT
198955,73618,73635,14878,386,-20, NO_EVENT
198980,73524,73604,13152,327,-94, NO_EVENT
199005,73566,73609,5956,248,40, NO_EVENT
199030,73611,73628,14398,387,-27, NO_EVENT
199055,73487,73628,10944,314,-124, NO_EVENT
199080,73558,73660,14243,424,71, NO_EVENT
199105,73409,73637,35336,585,-149, NO_EVENT
199130,73615,73619,19665,453,206, NO_EVENT
199155,73675,73640,2793,142,60, NO_EVENT
199180,73531,73697,28939,495,-149, NO_EVENT
199205,73698,73601,7828,229,23, NO_EVENT
199230,73694,73638,14133,367,-4, NO_EVENT
199255,73630,73649,8633,320,-64, NO_EVENT
199280,73631,73661,17583,424,1, NO_EVENT
199305,73763,73678,5530,222,132, NO_EVENT
199330,73690,73719,18663,383,-73, NO_EVENT
199355,73690,73667,19330,466,99, NO_EVENT
199380,73729,73681,13092,364,-13, NO_EVENT
199405,73658,73675,27144,545,-71, NO_EVENT
199430,73875,73707,16860,387,217, NO_EVENT
199455,73775,73771,22530,446,-100, NO_EVENT
199480,73683,73708,10189,309,-92, NO_EVENT
199505,73488,73678,13121,401,-195, NO_EVENT
199530,73629,73761,12206,358,-107, NO_EVENT
199555,73656,73731,5784,206,45, NO_EVENT
199580,73744,73778,18205,402,88, NO_EVENT
199605,73577,73772,16535,449,-167, NO_EVENT
199630,73812,73730,22323,453,235, NO_EVENT
199655,73822,73740,9896,306,10, NO_EVENT
199680,73749,73806,6784,276,-73, NO_EVENT
199705,73620,73811,21645,389,-184, NO_EVENT
199730,73869,73804,46976,677,249, NO_EVENT
199755,73581,73714,17458,390,-288, NO_EVENT
199780,73802,73770,31907,477,221, NO_EVENT
199805,73673,73777,26078,502,-129, NO_EVENT
199830,73681,73742,6801,215,8, NO_EVENT
199855,73871,73763,8679,228,172, NO_EVENT
199880,73760,73773,36884,640,-6, NO_EVENT
199905,73655,73755,18963,428,-105, NO_EVENT
199930,73572,73737,22669,465,-83, NO_EVENT
199955,73634,73794,25577,508,62, NO_EVENT
199980,73834,73770,29128,556,200, NO_EVENT
200005,73713,73802,8905,221,-121, NO_EVENT
200030,73897,73787,26047,479,130, NO_EVENT
200055,73621,73706,5079,213,-101, NO_EVENT
200080,73664,73759,15728,351,43, NO_EVENT
200105,73864,73777,29725,471,200, NO_EVENT
200130,73735,73670,43087,586,-129, NO_EVENT
200155,73622,73681,8060,253,-113, NO_EVENT
200180,73679,73767,7413,272,-52, NO_EVENT
200205,73563,73763,21255,453,-143, NO_EVENT
200230,73552,73672,17199,409,-11, NO_EVENT
200255,73594,73727,9448,338,42, NO_EVENT
200280,73582,73728,26666,504,-12, NO_EVENT
200305,73694,73747,19589,413,112, NO_EVENT
200330,73558,73687,44350,578,-136, NO_EVENT
200355,73530,73666,12783,337,-147, NO_EVENT
200380,73557,73685,11439,248,-28, NO_EVENT
200405,73394,73648,21170,506,-163, NO_EVENT
200430,73710,73724,51028,783,316, NO_EVENT
200455,73637,73695,13361,367,-73, NO_EVENT
200480,73623,73725,22514,480,-14, NO_EVENT
200505,73714,73728,6888,262,91, NO_EVENT
200530,73330,73668,41589,612,-473, NO_EVENT
200555,73552,73663,5479,234,-140, NO_EVENT
200580,74007,73753,13439,455,455, NO_EVENT
200605,73650,73664,29794,535,-357, NO_EVENT
200630,73533,73653,12350,353,-117, NO_EVENT
200655,73709,73621,10544,316,176, NO_EVENT
200680,73812,73745,11644,335,103, NO_EVENT
200705,73570,73758,22725,480,-63, NO_EVENT
200730,73535,73733,13146,417,-211, NO_EVENT
200755,73780,73752,29332,502,245, NO_EVENT
200780,73833,73833,2244,139,53, NO_EVENT
200805,73768,73798,25443,471,-65, NO_EVENT
200830,73897,73779,50926,663,129, NO_EVENT
200855,73785,73885,3176,159,-112, NO_EVENT
200880,73833,73969,45856,577,62, NO_EVENT
200905,73996,73939,5527,203,163, NO_EVENT
200930,73909,73965,24473,541,-87, NO_EVENT
200955,73909,73979,24485,474,0, NO_EVENT
200980,74100,74030,29508,501,191, NO_EVENT
201005,73901,74032,14470,351,-199, NO_EVENT
201030,74090,74086,11111,289,148, NO_EVENT
201055,73839,74036,26579,487,-251, NO_EVENT
201080,74219,74172,38613,701,380, NO_EVENT
201105,74269,74368,13105,340,50, NO_EVENT
201130,74804,74545,67400,671,535, NO_EVENT
201155,74839,74762,90204,806,205, NO_EVENT
201180,75281,74919,36153,552,442, NO_EVENT
201205,75948,75873,173261,1231,667, NO_EVENT
201230,76977,77250,1343350,3701,1029, NO_EVENT
201255,78707,79122,1153022,3747,1730, NO_EVENT
201280,80010,79358,312792,1526,1303, NO_EVENT
201305,82034,80774,494600,2024,2024, NO_EVENT
201330,82853,82254,85146,951,917, NO_EVENT
201355,85651,83891,493422,2798,2798, NO_EVENT
201380,154977,128613,29286784,69326,69326, TOUCHED
201405,142466,148763,43792765,13586,-12511, TOUCHED
201430,156371,150663,31958441,14287,13905, TOUCHED
201455,120684,147893,149420268,35687,-35687, TOUCHED
201480,83464,87415,51213610,37220,-37220, UNTOUCHED
201505,82241,83249,176326,1578,-1102, NO_EVENT
201530,81578,82075,87968,853,-663, NO_EVENT
201555,80338,80996,446224,1925,-1240, NO_EVENT
201580,78224,79505,476323,2218,-2114, NO_EVENT
201605,78633,78668,113068,817,409, NO_EVENT
201630,77032,77925,678022,2291,-1601, NO_EVENT
201655,75700,76750,583001,1924,-1332, NO_EVENT
201680,74664,75402,181382,1250,-1220, NO_EVENT
201705,74661,74750,40804,623,-3, NO_EVENT
201730,74080,74283,41433,581,-581, NO_EVENT
201755,74131,74140,7269,285,51, NO_EVENT
201780,74091,74108,33864,599,-40, NO_EVENT
201805,73811,74141,58192,654,-294, NO_EVENT
201830,74253,74095,22766,494,442, NO_EVENT
201855,73913,74082,43829,592,-340, NO_EVENT
201880,74048,74224,32087,581,135, NO_EVENT
201905,74927,74496,87020,879,879, NO_EVENT
201930,80617,76630,3448703,5445,5445, NO_EVENT
201955,83359,81255,1424986,3475,2742, NO_EVENT
201980,150942,128811,130642477,67583,67583, TOUCHED
202005,147166,147916,17085909,9884,-3776, TOUCHED
202030,83789,97497,106696909,42826,-42826, UNTOUCHED
202055,82043,82987,253700,1534,-1133, NO_EVENT
202080,78953,81049,741439,3090,-3090, NO_EVENT
202105,79857,78990,341848,1626,904, NO_EVENT
202130,77802,77557,799740,2844,525, NO_EVENT
202155,76262,77140,95649,1540,-1540, NO_EVENT
202180,77653,77188,1000005,2954,1391, NO_EVENT
202205,77211,77572,480193,1987,718, NO_EVENT
202230,79394,77976,1396538,2935,2183, NO_EVENT
202255,77257,77509,393677,1884,246, NO_EVENT
202280,76297,77155,440234,1885,-960, NO_EVENT
202305,76668,76471,176957,1267,371, NO_EVENT
202330,76214,77386,1089182,2741,-585, NO_EVENT
202355,75311,76057,87817,1004,-903, NO_EVENT
202380,75414,75572,133466,1083,103, NO_EVENT
202405,74839,74996,23587,416,-335, NO_EVENT
202430,74334,74797,49728,756,-505, NO_EVENT
202455,74202,74527,37570,669,-132, NO_EVENT
202480,74709,74538,48872,665,507, NO_EVENT
202505,74579,74704,37472,571,68, NO_EVENT
202530,76092,75183,154666,1513,1513, NO_EVENT
202555,81745,78940,2802460,5653,5653, NO_EVENT
202580,150468,124949,165711861,64254,64254, TOUCHED
202605,143154,147389,13886334,9230,-3562, TOUCHED
202630,83518,125812,95384813,66247,-66247, UNTOUCHED
202655,81041,82499,426207,2477,-2477, NO_EVENT
202680,79512,79918,349207,1582,-1529, NO_EVENT
202705,76443,78535,780674,2943,-2943, NO_EVENT
202730,75660,76534,280719,1656,-783, NO_EVENT
202755,74834,75600,249966,1272,-1272, NO_EVENT
202780,74692,74744,39794,515,-142, NO_EVENT
202805,74576,74611,67978,758,-116, NO_EVENT
202830,74128,74349,22577,452,-448, NO_EVENT
202855,74143,74288,53382,674,15, NO_EVENT
202880,74454,74227,17673,390,165, NO_EVENT
202905,74185,74170,40270,664,-269, NO_EVENT
202930,73960,74088,16137,393,-225, NO_EVENT
202955,73838,74190,64133,705,-122, NO_EVENT
202980,73949,74077,46959,684,111, NO_EVENT
203005,74203,74130,26352,474,172, NO_EVENT
203030,74239,74133,14074,340,93, NO_EVENT
203055,75307,74750,130878,1147,1068, NO_EVENT
203080,79028,77121,2029217,3721,3721, NO_EVENT
203105,117300,90891,159228172,37714,37714, TOUCHED
203130,121140,122273,21165678,11774,3840, TOUCHED
203155,99305,112833,33124329,21835,-21835, TOUCHED
203180,89852,93682,11678060,9453,-9453, UNTOUCHED
203205,83191,85583,4999885,5253,-5248, NO_EVENT
203230,79115,81460,1258940,3667,-3667, NO_EVENT
203255,76294,78773,1888281,4712,-2821, NO_EVENT
203280,74613,75342,306788,1709,-714, NO_EVENT
203305,74074,74514,74333,992,-539, NO_EVENT
203330,74665,74182,41802,686,591, NO_EVENT
203355,74080,74193,101738,809,-585, NO_EVENT
203380,74275,74312,26431,554,195, NO_EVENT
203405,74215,74218,11579,325,-106, NO_EVENT
203430,73853,73970,18639,420,-362, NO_EVENT
203455,73817,73862,29653,524,-36, NO_EVENT
203480,73670,73930,24158,500,-147, NO_EVENT
203505,73717,73870,14073,409,47, NO_EVENT
203530,73836,73854,24704,485,119, NO_EVENT
203555,73938,73972,21539,393,157, NO_EVENT
203580,73904,73821,15241,364,100, NO_EVENT
203605,73948,74128,70259,743,44, NO_EVENT
203630,75032,74580,89585,1084,1084, NO_EVENT
203655,79733,76794,2570802,4701,4701, NO_EVENT
203680,152018,87994,33255506,71908,71829, TOUCHED
203705,143532,148296,30853906,12148,-8486, TOUCHED
203730,158155,148949,20594627,14623,14623, TOUCHED
203755,101542,147817,135667577,56613,-56613, TOUCHED
203780,81749,86047,36246741,19793,-19793, UNTOUCHED
203805,76930,80434,1466397,4943,-4819, NO_EVENT
203830,74282,75513,675490,2648,-2648, NO_EVENT
203855,74252,74453,80564,874,-324, NO_EVENT
203880,74047,74266,40912,470,-205, NO_EVENT
203905,73837,74036,63332,780,-210, NO_EVENT
203930,74064,73998,48859,674,227, NO_EVENT
203955,73852,73970,50841,617,-212, NO_EVENT
203980,73905,73874,8155,256,-68, NO_EVENT
204005,73724,73833,12821,327,-50, NO_EVENT
204030,74050,74016,34758,576,326, NO_EVENT
204055,74098,74162,29923,550,48, NO_EVENT
204080,74011,74240,41454,606,-87, NO_EVENT
204105,74689,74581,102271,1068,678, NO_EVENT
204130,76374,75158,308088,1734,1734, NO_EVENT
204155,76891,76433,204187,1305,517, NO_EVENT
204180,79635,78331,852114,2744,2744, NO_EVENT
204205,82666,81885,413133,3031,3031, NO_EVENT
204230,157804,125678,15408107,74165,74165, TOUCHED
204255,157082,154548,14976830,8401,-722, TOUCHED
204280,158942,157065,3508364,4330,883, TOUCHED
204305,91413,144644,43208888,68769,-67529, UNTOUCHED
204330,83654,86380,8082759,8037,-7759, NO_EVENT
204355,82182,82918,261597,1473,-1472, NO_EVENT
204380,80732,81757,381571,1825,-1450, NO_EVENT
204405,79747,80034,406310,2162,-1473, NO_EVENT
204430,78406,78928,412564,1622,-1341, NO_EVENT
204455,76756,77349,1214668,3297,-844, NO_EVENT
204480,76027,75827,418359,1886,-729, NO_EVENT
204505,74845,75202,117193,1182,-1182, NO_EVENT
204530,74639,74586,30570,458,79, NO_EVENT
204555,74263,74373,17009,398,-83, NO_EVENT
204580,74034,74351,143939,1194,-229, NO_EVENT
204605,73892,74259,31393,667,-142, NO_EVENT
204630,74210,74237,28505,557,318, NO_EVENT
204655,74451,74312,22313,454,337, NO_EVENT
204680,74731,74843,47444,637,-111, NO_EVENT
204705,77673,75511,377554,2942,2942, NO_EVENT
204730,80789,78697,1731074,3607,3116, NO_EVENT
204755,129997,107121,63329771,61327,49208, TOUCHED
204780,151321,139822,79398433,21324,21324, TOUCHED
204805,128927,138618,106016313,22394,-22394, TOUCHED
204830,84284,91264,90406760,25588,-25084, UNTOUCHED
204855,81228,82184,598946,2228,-2228, NO_EVENT
204880,76309,79381,2963356,4919,-4919, NO_EVENT
204905,74455,75204,247665,1340,-1340, NO_EVENT
204930,74284,74429,38230,575,-171, NO_EVENT
204955,73760,74023,65630,743,-524, NO_EVENT
204980,73933,73899,5513,247,173, NO_EVENT
205005,73847,73945,26280,427,-54, NO_EVENT
205030,73651,73847,18990,469,-105, NO_EVENT
205055,73779,73847,14167,347,128, NO_EVENT
205080,73873,73878,8048,270,94, NO_EVENT
205105,73572,73889,25579,527,-301, NO_EVENT
205130,73614,73830,52948,705,42, NO_EVENT
205155,73735,73833,21802,496,121, NO_EVENT
205180,73776,73862,37560,574,34, NO_EVENT
205205,73742,73736,11223,310,-16, NO_EVENT
205230,73827,73854,36889,569,85, NO_EVENT
205255,73775,73842,14136,380,-52, NO_EVENT
205280,73934,73792,20961,437,159, NO_EVENT
205305,73734,73842,28317,454,-200, NO_EVENT
205330,73942,73914,70316,860,386, NO_EVENT
205355,73908,73885,11747,321,77, NO_EVENT
205380,73788,73829,35284,595,-120, NO_EVENT
205405,73959,73844,31056,561,171, NO_EVENT
205430,73638,73836,26275,521,-321, NO_EVENT
205455,73736,73752,24669,497,98, NO_EVENT
205480,73848,73947,17317,414,-84, NO_EVENT
205505,74652,74226,91964,806,789, NO_EVENT
205530,76628,75754,1295734,3367,1976, NO_EVENT
205555,82672,80102,4293625,6044,6044, NO_EVENT
205580,156157,152063,56582234,16954,14996, TOUCHED
205605,153407,157099,4929011,5754,-2750, TOUCHED
205630,160692,156924,15392659,8031,7285, TOUCHED
205655,144803,155787,34294619,16431,-15889, TOUCHED
205680,82588,112413,18709178,68005,-62215, UNTOUCHED
205705,79142,80205,1603440,3117,-2609, NO_EVENT
205730,74770,76014,1608333,4372,-4372, NO_EVENT
205755,74174,74395,106994,878,-596, NO_EVENT
205780,73697,73969,37663,610,-384, NO_EVENT
205805,73749,73827,11584,249,-27, NO_EVENT
205830,74089,73839,17735,401,340, NO_EVENT
205855,73549,73826,25279,540,-540, NO_EVENT
205880,73660,73892,41200,679,111, NO_EVENT
205905,73770,73796,10007,280,110, NO_EVENT
205930,73851,73879,3176,180,31, NO_EVENT
205955,73791,73855,40278,646,174, NO_EVENT
205980,73815,73882,15651,374,24, NO_EVENT
206005,73655,73879,26418,481,-160, NO_EVENT
206030,73735,73852,33646,560,80, NO_EVENT
206055,74153,73943,46810,579,418, NO_EVENT
206080,76257,75272,512289,2104,2104, NO_EVENT
206105,82859,79924,2323498,6602,6602, NO_EVENT
206130,158957,125071,47888856,76098,76098, TOUCHED
206155,160398,157001,13925661,8313,1441, TOUCHED
206180,156591,158866,5218609,5270,-1050, TOUCHED
206205,85236,133124,92050875,72806,-71355, UNTOUCHED
206230,82238,83140,428772,1658,-1538, NO_EVENT
206255,79133,81096,901077,3105,-3105, NO_EVENT
206280,77492,78784,605886,2351,-1641, NO_EVENT
206305,75153,75833,256633,1290,-1253, NO_EVENT
206330,74486,74830,120697,1044,-667, NO_EVENT
206355,73905,74285,54772,781,-581, NO_EVENT
206380,73794,74126,32027,601,-111, NO_EVENT
206405,73837,73925,16916,328,43, NO_EVENT
206430,73810,73917,30335,516,50, NO_EVENT
206455,73806,73799,5220,205,4, NO_EVENT
206480,73543,73798,28940,538,-263, NO_EVENT
206505,73702,73797,25146,566,159, NO_EVENT
206530,73627,73913,29145,545,-75, NO_EVENT
206555,73947,73853,14940,340,320, NO_EVENT
206580,73879,73889,4343,190,-68, NO_EVENT
206605,73870,73943,43102,627,13, NO_EVENT
206630,74062,74053,29316,460,192, NO_EVENT
206655,75039,74343,72414,977,977, NO_EVENT
206680,80274,77158,2476730,5235,5235, NO_EVENT
206705,129435,105412,60183971,49267,47657, TOUCHED
206730,149413,140300,51491428,19978,19978, TOUCHED
206755,140908,144246,5906720,8505,-8505, TOUCHED
206780,82998,103774,65671575,57910,-57910, UNTOUCHED
206805,80939,82128,992059,2901,-2059, NO_EVENT
206830,75471,78093,1821481,4454,-3369, NO_EVENT
206855,74177,74854,230352,1310,-1294, NO_EVENT
206880,74036,74059,29126,529,-141, NO_EVENT
206905,73958,73997,28485,548,-78, NO_EVENT
206930,73915,73901,17796,458,-2, NO_EVENT
206955,73699,73906,12462,346,-162, NO_EVENT
206980,74056,73998,9545,414,357, NO_EVENT
207005,73853,73965,5036,239,-203, NO_EVENT
207030,74205,73999,14973,364,352, NO_EVENT
207055,74330,74238,19025,391,125, NO_EVENT
207080,74312,74234,45943,623,434, NO_EVENT
207105,74385,74118,20770,412,302, NO_EVENT
207130,74365,74216,38404,455,-20, NO_EVENT
207155,74325,74239,27350,410,-40, NO_EVENT
207180,74092,74143,29814,472,-233, NO_EVENT
207205,74126,74104,20975,483,66, NO_EVENT
207230,73783,74033,41433,683,-261, NO_EVENT
207255,74048,73953,19380,394,265, NO_EVENT
207280,74362,74073,19788,531,314, NO_EVENT
207305,76467,74999,378205,2105,2105, NO_EVENT
207330,153577,89344,56211407,77110,77110, TOUCHED
207355,156766,157019,13415560,8255,3189, TOUCHED
207380,158069,158631,3226735,4365,1303, TOUCHED
207405,153786,156779,6455427,6189,-6189, TOUCHED
207430,81598,97822,112243029,52817,-52817, UNTOUCHED
207455,76146,78866,1770811,4353,-3984, NO_EVENT
207480,74383,75127,799734,2573,-1763, NO_EVENT
207505,74145,74080,48418,540,-238, NO_EVENT
207530,73823,73984,68021,777,-322, NO_EVENT
207555,73780,73854,22007,480,-48, NO_EVENT
207580,73731,73789,1921,141,-86, NO_EVENT
207605,73619,73934,23461,464,-112, NO_EVENT
207630,73760,73838,32041,514,141, NO_EVENT
207655,73840,73955,17651,359,80, NO_EVENT
207680,73927,73928,24735,493,87, NO_EVENT
207705,73861,73868,41935,681,-95, NO_EVENT
207730,73954,73861,19264,421,75, NO_EVENT
207755,74029,73935,7922,274,75, NO_EVENT
207780,74012,73881,9053,278,-17, NO_EVENT
207805,73794,73960,32876,569,-218, NO_EVENT
207830,73760,73795,25225,476,-34, NO_EVENT
207855,73818,73871,24979,510,-169, NO_EVENT
207880,73707,73853,45261,684,-181, NO_EVENT
207905,73770,73803,13135,342,63, NO_EVENT
207930,73840,73918,17177,399,70, NO_EVENT
207955,73849,73938,10155,254,9, NO_EVENT
207980,74799,74317,94822,950,950, NO_EVENT
208005,80449,76842,3623411,5847,5847, NO_EVENT
208030,146388,114520,26626201,65939,65939, TOUCHED
208055,154627,151379,10824789,7544,1662, TOUCHED
208080,106389,137886,139914132,45245,-43842, TOUCHED
208105,82375,87038,41017101,24014,-24014, UNTOUCHED
208130,79393,81295,694762,2982,-2982, NO_EVENT
208155,79156,79339,880406,2935,-237, NO_EVENT
208180,75276,76672,987130,3880,-3880, NO_EVENT
208205,75036,75294,79505,871,-240, NO_EVENT
208230,74939,74955,65144,715,-358, NO_EVENT
208255,74737,74859,17450,396,-202, NO_EVENT
208280,74720,74712,82511,751,-17, NO_EVENT
208305,74495,74622,73641,845,-225, NO_EVENT
208330,74599,74569,48982,746,104, NO_EVENT
208355,74614,74680,19422,353,-292, NO_EVENT
208380,74839,74697,65211,722,225, NO_EVENT
208405,75681,75010,67861,1073,842, NO_EVENT
208430,76937,76048,243640,1502,1256, NO_EVENT
208455,79585,77867,720187,2691,1362, NO_EVENT
208480,81882,80288,1205730,3126,2297, NO_EVENT
208505,158758,100742,167201099,76876,76876, TOUCHED
208530,161084,156933,15136797,9262,2326, TOUCHED
208555,152065,159300,5121113,9019,-9019, TOUCHED
208580,126026,150744,103694858,34261,-26039, TOUCHED
208605,84392,92871,157618567,41634,-41634, UNTOUCHED
208630,83580,83502,91583,1186,-812, NO_EVENT
208655,82236,82379,86298,1406,-1344, NO_EVENT
208680,80077,80951,231618,1627,-1627, NO_EVENT
208705,79213,79787,233375,1240,-864, NO_EVENT
208730,79292,78932,376215,1689,79, NO_EVENT
208755,76807,77743,432666,2485,-2485, NO_EVENT
208780,75596,75986,320290,1534,-1498, NO_EVENT
208805,75204,75279,80846,852,-392, NO_EVENT
208830,74651,74703,101123,817,-553, NO_EVENT
208855,74385,74476,27679,483,-266, NO_EVENT
208880,74208,74198,29926,595,45, NO_EVENT
208905,74310,74218,3344,174,102, NO_EVENT
208930,73957,74166,19720,358,-353, NO_EVENT
208955,74219,74170,41036,581,262, NO_EVENT
208980,74247,74372,84130,729,28, NO_EVENT
209005,74574,74615,45842,622,42, NO_EVENT
209030,76819,75456,385730,2245,2245, NO_EVENT
209055,82047,78930,3254853,5228,5228, NO_EVENT
209080,148905,116133,8142840,66498,66498, TOUCHED
209105,126424,142169,63277712,22481,-22481, TOUCHED
209130,89466,120281,75786371,49694,-36958, UNTOUCHED
209155,82281,84129,4379269,7185,-7185, NO_EVENT
209180,76995,79890,2159904,5286,-5286, NO_EVENT
209205,75305,75959,578520,2138,-1690, NO_EVENT
209230,73949,74299,105283,910,-585, NO_EVENT
209255,73816,73781,3897,222,-133, NO_EVENT
209280,73663,73799,18077,340,-153, NO_EVENT
209305,73652,73779,9750,333,-11, NO_EVENT
209330,73597,73843,19186,473,-55, NO_EVENT
209355,73748,73705,32026,562,151, NO_EVENT
209380,73752,73764,21453,482,82, NO_EVENT
209405,73638,73664,17503,433,-38, NO_EVENT
209430,73632,73634,3914,206,-6, NO_EVENT
209455,73606,73669,24183,513,-26, NO_EVENT
209480,73537,73602,21896,436,-69, NO_EVENT
209505,73452,73637,20657,465,-85, NO_EVENT
209530,73532,73624,21117,428,80, NO_EVENT
209555,73654,73669,9681,323,8, NO_EVENT
209580,73643,73625,24200,475,134, NO_EVENT
209605,73562,73683,13099,368,-81, NO_EVENT
209630,73779,73634,36238,578,217, NO_EVENT
209655,73569,73597,18081,396,-210, NO_EVENT
209680,73552,73597,14846,361,-17, NO_EVENT
209705,73563,73699,44588,570,11, NO_EVENT
209730,73590,73634,10557,323,-17, NO_EVENT
209755,73802,73667,8819,240,216, NO_EVENT
209780,73497,73665,11051,325,-305, NO_EVENT
209805,73548,73634,22905,466,51, NO_EVENT
209830,73537,73702,11641,379,-11, NO_EVENT
209855,73401,73650,26057,567,-136, NO_EVENT
209880,73679,73617,20249,458,278, NO_EVENT
209905,73606,73626,38757,695,-21, NO_EVENT
209930,73666,73667,35762,586,-102, NO_EVENT
209955,73549,73680,12697,376,-117, NO_EVENT
209980,73490,73604,17281,409,-59, NO_EVENT
210005,73622,73619,10602,347,132, NO_EVENT
210030,73647,73636,18242,474,25, NO_EVENT
210055,73786,73703,4196,153,139, NO_EVENT
210080,73633,73630,17341,461,14, NO_EVENT
210105,73549,73613,19665,457,-75, NO_EVENT
210130,73609,73610,19679,387,60, NO_EVENT
210155,73461,73626,16083,439,-148, NO_EVENT
210180,73611,73701,15440,482,150, NO_EVENT
210205,73603,73700,13256,321,-8, NO_EVENT
210230,73577,73630,10503,290,-26, NO_EVENT
210255,73526,73602,13209,363,60, NO_EVENT
210280,73674,73720,19607,436,14, NO_EVENT
210305,73615,73626,7706,280,-59, NO_EVENT
210330,73640,73637,13821,370,25, NO_EVENT
210355,73559,73660,14702,372,-81, NO_EVENT
210380,73228,73637,28457,741,-331, NO_EVENT
210405,73562,73565,22690,545,334, NO_EVENT
210430,73536,73655,13425,374,-80, NO_EVENT
210455,73616,73627,19810,429,24, NO_EVENT
210480,73571,73669,19277,415,-45, NO_EVENT
210505,73386,73616,11429,424,-185, NO_EVENT
210530,73605,73552,29687,527,219, NO_EVENT
210555,73462,73695,21345,543,-143, NO_EVENT
210580,73547,73539,14266,354,85, NO_EVENT
210605,73570,73597,14813,358,56, NO_EVENT
210630,73607,73618,19810,423,150, NO_EVENT
210655,73537,73629,11759,330,-70, NO_EVENT
210680,73586,73631,2400,175,49, NO_EVENT
210705,73505,73605,8247,279,-81, NO_EVENT
210730,73565,73622,8199,309,60, NO_EVENT
210755,73526,73582,15221,419,-39, NO_EVENT
210780,73554,73604,6882,224,28, NO_EVENT
210805,73523,73668,27653,470,-98, NO_EVENT
210830,73654,73480,30177,460,421, NO_EVENT
210855,73395,73621,8708,322,-259, NO_EVENT
210880,73578,73602,15682,462,183, NO_EVENT
210905,73456,73609,12193,354,-122, NO_EVENT
210930,73454,73583,13923,349,-2, NO_EVENT
210955,73584,73634,23594,486,130, NO_EVENT
210980,73682,73644,15762,347,126, NO_EVENT
211005,73586,73600,5796,233,8, NO_EVENT
211030,73520,73601,9483,299,-66, NO_EVENT
211055,73634,73634,9466,314,114, NO_EVENT
211080,73529,73599,5367,224,-105, NO_EVENT
211105,73461,73565,25965,516,-68, NO_EVENT
211130,73555,73602,8159,285,94, NO_EVENT
211155,73689,73641,17391,442,257, NO_EVENT
211180,73651,73576,1297,127,81, NO_EVENT
211205,73548,73625,7550,228,-103, NO_EVENT
211230,73440,73571,30930,581,-108, NO_EVENT
211255,73503,73569,14142,335,63, NO_EVENT
211280,73417,73635,11525,427,-86, NO_EVENT
211305,73658,73616,17481,413,241, NO_EVENT
211330,73632,73614,20426,432,135, NO_EVENT
211355,73568,73608,20685,422,96, NO_EVENT
211380,73638,73628,14256,391,70, NO_EVENT
211405,73620,73652,303,58,-18, NO_EVENT
211430,73576,73665,16495,383,-44, NO_EVENT
211455,73645,73625,8047,290,69, NO_EVENT
211480,73615,73649,31841,511,-30, NO_EVENT
211505,73575,73651,6469,241,-3, NO_EVENT
211530,73654,73591,11036,301,132, NO_EVENT
211555,73720,73621,2899,178,66, NO_EVENT
211580,73546,73635,17485,388,-174, NO_EVENT
211605,73379,73546,13440,286,-167, NO_EVENT
211630,73693,73607,16267,468,314, NO_EVENT
211655,73561,73627,11516,310,-132, NO_EVENT
211680,73550,73645,7665,279,-114, NO_EVENT
211705,73577,73629,13160,377,-98, NO_EVENT
211730,73624,73636,5888,213,47, NO_EVENT
211755,73389,73581,21697,468,-235, NO_EVENT
211780,73581,73618,13075,409,192, NO_EVENT
211805,73644,73632,22659,455,63, NO_EVENT
211830,73608,73669,12231,339,-36, NO_EVENT
211855,73569,73602,18547,453,32, NO_EVENT
211880,73601,73595,28890,552,236, NO_EVENT
211905,73616,73584,7264,268,15, NO_EVENT
211930,73617,73638,3034,143,1, NO_EVENT
211955,73425,73587,12552,379,-192, NO_EVENT
211980,73551,73673,17334,448,126, NO_EVENT
212005,73696,73660,13891,356,145, NO_EVENT
212030,73596,73623,7945,238,32, NO_EVENT
212055,73555,73639,12945,307,-139, NO_EVENT
212080,73559,73574,926,88,4, NO_EVENT
212105,73572,73553,9369,316,13, NO_EVENT
212130,73436,73637,14452,433,-136, NO_EVENT
212155,73473,73578,27357,509,37, NO_EVENT
212180,73324,73547,9660,416,-149, NO_EVENT
212205,73718,73590,26197,518,394, NO_EVENT
212230,73577,73628,16156,391,115, NO_EVENT
212255,73577,73593,3885,198,93, NO_EVENT
212280,73525,73598,10479,307,-52, NO_EVENT
212305,73556,73623,5669,254,31, NO_EVENT
212330,73480,73576,18924,414,-76, NO_EVENT
212355,73590,73598,14299,379,110, NO_EVENT
212380,73565,73604,11109,322,-25, NO_EVENT
212405,73658,73652,12691,340,-34, NO_EVENT
212430,73568,73593,19895,459,155, NO_EVENT
212455,73568,73560,5494,238,0, NO_EVENT
212480,73550,73543,1118,111,-18, NO_EVENT
212505,73688,73575,14483,395,138, NO_EVENT
212530,73355,73583,25058,527,-333, NO_EVENT
212555,73590,73561,17684,435,235, NO_EVENT
212580,73586,73587,10640,328,64, NO_EVENT
212605,73612,73511,22345,430,179, NO_EVENT
212630,73625,73572,6738,273,13, NO_EVENT
212655,73678,73592,6209,236,53, NO_EVENT
212680,73613,73600,5370,242,-65, NO_EVENT
212705,73415,73617,17617,483,-198, NO_EVENT
212730,73565,73534,15537,382,150, NO_EVENT
212755,73522,73561,11869,348,-48, NO_EVENT
212780,73629,73593,11454,333,118, NO_EVENT
212805,73595,73573,7934,271,-99, NO_EVENT
212830,73615,73590,2747,142,20, NO_EVENT
212855,73562,73593,9494,295,-53, NO_EVENT
212880,73365,73588,16742,460,-197, NO_EVENT
212905,73446,73575,9972,348,81, NO_EVENT
212930,73613,73600,27350,473,167, NO_EVENT
212955,73524,73604,23759,503,89, NO_EVENT
212980,73594,73609,1390,115,-42, NO_EVENT
213005,73538,73609,15419,410,-56, NO_EVENT
213030,73586,73595,21211,463,48, NO_EVENT
213055,73599,73556,20875,458,13, NO_EVENT
213080,73484,73590,20375,455,-115, NO_EVENT
213105,73603,73599,7957,298,119, NO_EVENT
213130,73518,73533,11939,359,-27, NO_EVENT
213155,73629,73568,25232,529,70, NO_EVENT
213180,73503,73537,11386,343,-126, NO_EVENT
213205,73609,73573,10686,303,106, NO_EVENT
213230,73526,73558,1789,119,-83, NO_EVENT
213255,73552,73635,11873,344,26, NO_EVENT
213280,73539,73580,9528,313,-13, NO_EVENT
213305,73531,73573,21690,501,176, NO_EVENT
213330,73571,73635,13689,320,24, NO_EVENT
213355,73559,73523,11300,339,-12, NO_EVENT
213380,73590,73626,5908,222,31, NO_EVENT
213405,73551,73578,7181,271,-39, NO_EVENT
213430,73477,73587,16639,399,-74, NO_EVENT
213455,73515,73554,19367,408,38, NO_EVENT
213480,73632,73602,32971,612,117, NO_EVENT
213505,73709,73581,29254,503,358, NO_EVENT
213530,73506,73513,12571,291,111, NO_EVENT
213555,73601,73577,21737,428,95, NO_EVENT
213580,73583,73591,22472,490,-18, NO_EVENT
213605,73389,73581,11890,359,-194, NO_EVENT
213630,73651,73570,13732,400,262, NO_EVENT
213655,73601,73592,19786,442,-50, NO_EVENT
213680,73530,73578,8052,298,113, NO_EVENT
213705,73580,73600,16169,394,126, NO_EVENT
213730,73550,73579,7543,291,-30, NO_EVENT
213755,73567,73589,11367,325,17, NO_EVENT
213780,73660,73608,5848,216,93, NO_EVENT
213805,73438,73621,7992,326,-222, NO_EVENT
213830,73517,73586,8276,288,79, NO_EVENT
213855,73513,73572,11167,299,-15, NO_EVENT
213880,73630,73595,17567,412,161, NO_EVENT
213905,73635,73610,8031,307,5, NO_EVENT
213930,73660,73596,10775,329,25, NO_EVENT
213955,73581,73656,5814,241,-79, NO_EVENT
213980,73647,73643,13453,344,66, NO_EVENT
214005,73550,73607,9596,308,-97, NO_EVENT
214030,73618,73617,15282,354,105, NO_EVENT
214055,73558,73547,8907,303,123, NO_EVENT
214080,73518,73563,4502,188,-40, NO_EVENT
214105,73783,73638,4400,265,265, NO_EVENT
214130,73631,73637,15481,360,-152, NO_EVENT
214155,73583,73586,11581,349,-48, NO_EVENT
214180,73630,73619,15392,404,47, NO_EVENT
214205,73620,73630,20837,442,-56, NO_EVENT
214230,73581,73584,11763,320,127, NO_EVENT
214255,73697,73587,12511,314,116, NO_EVENT
214280,73555,73560,6268,248,-142, NO_EVENT
214305,73673,73622,3817,180,118, NO_EVENT
214330,73550,73583,6885,232,-123, NO_EVENT
214355,73590,73586,18774,436,40, NO_EVENT
214380,73570,73570,4415,211,-20, NO_EVENT
214405,73563,73628,7501,251,-35, NO_EVENT
214430,73645,73649,5245,189,46, NO_EVENT
214455,73645,73659,7402,239,0, NO_EVENT
214480,73558,73588,11946,325,-87, NO_EVENT
214505,73453,73593,11267,321,-105, NO_EVENT
214530,73565,73590,9811,295,112, NO_EVENT
214555,73632,73544,28242,533,67, NO_EVENT
214580,73598,73594,10079,301,96, NO_EVENT
214605,73549,73635,10258,277,-44, NO_EVENT
214630,73529,73584,5159,230,-20, NO_EVENT
214655,73478,73539,1460,104,-51, NO_EVENT
214680,73547,73531,11456,321,69, NO_EVENT
214705,73422,73593,5479,320,-125, NO_EVENT
214730,73593,73565,11633,325,171, NO_EVENT
214755,73566,73575,18817,406,-56, NO_EVENT
214780,73603,73571,9424,297,122, NO_EVENT
214805,73560,73573,13527,327,-43, NO_EVENT
214830,73602,73640,11834,324,42, NO_EVENT
214855,73501,73601,10760,317,-101, NO_EVENT
214880,73516,73553,22476,515,15, NO_EVENT
214905,73669,73671,5519,248,153, NO_EVENT
214930,73613,73564,11428,339,103, NO_EVENT
214955,73616,73580,19695,363,207, NO_EVENT
214980,73560,73553,4167,192,-56, NO_EVENT
215005,73618,73632,5108,216,58, NO_EVENT
215030,73579,73602,5747,251,-39, NO_EVENT
215055,73504,73630,11829,366,-75, NO_EVENT
215080,73643,73659,6109,248,139, NO_EVENT
215105,73628,73633,10539,319,50, NO_EVENT
215130,73602,73558,12832,296,175, NO_EVENT
215155,73683,73621,5966,212,81, NO_EVENT
215180,73611,73601,6803,246,-72, NO_EVENT
215205,73515,73608,4627,212,-96, NO_EVENT
215230,73645,73587,5131,184,130, NO_EVENT
215255,73602,73591,5644,233,-43, NO_EVENT
215280,73673,73651,3815,175,71, NO_EVENT
215305,73553,73579,18448,443,32, NO_EVENT
215330,73575,73572,3993,163,104, NO_EVENT
215355,73576,73611,1763,102,1, NO_EVENT
215380,73692,73642,14559,350,116, NO_EVENT
215405,73636,73610,5739,183,-56, NO_EVENT
215430,73628,73650,9564,322,-8, NO_EVENT
215455,73571,73630,7131,249,-57, NO_EVENT
215480,73591,73599,10532,310,-7, NO_EVENT
215505,73583,73564,2908,178,24, NO_EVENT
215530,73660,73604,12698,377,77, NO_EVENT
215555,73620,73566,20755,475,-40, NO_EVENT
215580,73594,73623,12444,317,-26, NO_EVENT
215605,73593,73622,5509,181,-1, NO_EVENT
215630,73536,73614,16841,372,-57, NO_EVENT
215655,73650,73575,12418,339,136, NO_EVENT
215680,73639,73592,15256,363,269, NO_EVENT
215705,73575,73631,18941,403,-64, NO_EVENT
215730,73628,73631,7701,284,53, NO_EVENT
215755,73605,73631,10377,285,-23, NO_EVENT
215780,73479,73627,15543,397,-126, NO_EVENT
215805,73642,73696,13635,376,163, NO_EVENT
215830,73854,73774,10988,295,51, NO_EVENT
215855,73646,73763,8929,256,-256, NO_EVENT
215880,73955,73900,8299,353,309, NO_EVENT
215905,74791,74357,40478,836,836, NO_EVENT
215930,76218,75488,277256,1427,1427, NO_EVENT
215955,79752,77578,1086304,3526,3526, NO_EVENT
215980,82064,81055,793129,2374,2312, NO_EVENT
216005,85890,84139,2167098,3548,3548, NO_EVENT
216030,218901,203472,22478445,133011,133011, TOUCHED
216055,219027,218701,108755,668,126, TOUCHED
216080,89719,169707,5714373,127453,-127453, UNTOUCHED
216105,83588,84678,3658709,6897,-6131, NO_EVENT
216130,82229,82648,147649,1359,-1359, NO_EVENT
216155,82129,82141,47913,633,356, NO_EVENT
216180,81999,82013,12771,345,-130, NO_EVENT
216205,82599,82240,35217,607,600, NO_EVENT
216230,84171,83203,312397,1730,1730, NO_EVENT
216255,208750,130799,155360610,124579,124579, TOUCHED
216280,218324,217751,11309754,10682,9574, TOUCHED
216305,138461,211780,124160239,80418,-79863, TOUCHED
216330,84100,95022,99116673,54361,-54361, UNTOUCHED
216355,83231,83453,222674,1431,-869, NO_EVENT
216380,82670,82807,181463,1133,-561, NO_EVENT
216405,82144,82349,8683,295,-130, NO_EVENT
216430,82555,82319,19551,411,411, NO_EVENT
216455,83254,83054,272661,1392,699, NO_EVENT
216480,88832,85607,5716111,5614,5578, NO_EVENT
216505,219105,193199,39093878,130273,130273, TOUCHED
216530,219131,219047,6923,170,26, TOUCHED
216555,89648,177114,89938967,129483,-129483, UNTOUCHED
216580,83169,86238,3715125,6479,-6479, NO_EVENT
216605,82407,83061,117297,1070,-762, NO_EVENT
216630,81955,82243,28180,508,-452, NO_EVENT
216655,82143,81876,29938,531,264, NO_EVENT
216680,82100,81989,17189,354,-43, NO_EVENT
216705,83114,82522,149285,1014,1014, NO_EVENT
216730,219443,103785,115832939,136485,136458, TOUCHED
216755,219333,219354,6198,161,-110, TOUCHED
216780,218140,218909,158858,1193,-1193, TOUCHED
216805,83184,111991,2378346,134956,-134956, UNTOUCHED
216830,80200,82221,573788,2984,-2984, NO_EVENT
216855,76645,78481,1819017,3555,-3555, NO_EVENT
216880,76141,76844,1108047,2991,-1479, NO_EVENT
216905,75425,75409,226630,1417,-716, NO_EVENT
216930,76245,75694,305332,1592,820, NO_EVENT
216955,78163,76713,358953,2001,1918, NO_EVENT
216980,83117,81241,2021851,4954,4954, NO_EVENT
217005,216114,127205,113377003,132867,132867, TOUCHED
217030,218349,219009,2523753,4357,2235, TOUCHED
217055,88900,117638,23207180,129449,-129449, UNTOUCHED
217080,82900,85238,2750467,6000,-6000, NO_EVENT
217105,83100,83231,40604,568,200, NO_EVENT
217130,82296,82515,35541,546,-312, NO_EVENT
217155,82558,82314,12718,406,262, NO_EVENT
217180,82542,82454,13091,315,-16, NO_EVENT
217205,83179,82970,88236,866,637, NO_EVENT
217230,83944,83520,91880,810,637, NO_EVENT
217255,124740,98691,148947739,40796,40796, TOUCHED
217280,218199,203832,161050933,94681,93459, TOUCHED
217305,88500,179054,99160036,130602,-129699, UNTOUCHED
217330,82759,84605,3810981,5741,-5741, NO_EVENT
217355,81702,81961,197793,1427,-1057, NO_EVENT
217380,79082,80364,568012,2620,-2620, NO_EVENT
217405,79344,79036,362281,1669,262, NO_EVENT
217430,78629,79201,243900,1383,-715, NO_EVENT
217455,81587,80162,656018,2958,2958, NO_EVENT
217480,83768,82486,421233,2181,2181, NO_EVENT
217505,217496,134647,19124453,133728,133728, TOUCHED
217530,169658,205478,61943502,47838,-47838, TOUCHED
217555,86746,97079,26266274,35187,-35187, UNTOUCHED
217580,83567,83876,863484,3756,-3179, NO_EVENT
217605,82135,82567,281141,1463,-1396, NO_EVENT
217630,80796,81508,184529,1339,-1339, NO_EVENT
217655,80346,80534,196661,1401,-450, NO_EVENT
217680,80303,80556,372991,1457,-808, NO_EVENT
217705,81548,81062,229611,1286,1245, NO_EVENT
217730,83362,82426,258387,1814,1814, NO_EVENT
217755,219163,107533,37013758,135936,135936, TOUCHED
217780,220025,219051,115121,1239,862, TOUCHED
217805,90629,127558,85383877,129396,-129396, UNTOUCHED
217830,83712,86841,4521082,6917,-6917, NO_EVENT
217855,83207,83300,68224,685,-505, NO_EVENT
217880,81640,82241,57722,811,-811, NO_EVENT
217905,81054,81193,458040,1938,-586, NO_EVENT
217930,79889,80070,280913,1638,-1165, NO_EVENT
217955,79709,79643,316252,1427,758, NO_EVENT
217980,78618,79416,377263,1744,-1091, NO_EVENT
218005,81442,79826,432063,2245,2199, NO_EVENT
218030,82319,81559,344953,1718,877, NO_EVENT
218055,86097,83552,1391440,3778,3778, NO_EVENT
218080,219262,153135,86572255,133165,133165, TOUCHED
218105,219157,218728,169884,825,825, TOUCHED
218130,87164,173205,32987294,130515,-130515, UNTOUCHED
218155,82890,83514,839869,4289,-4274, NO_EVENT
218180,82349,82495,35078,501,-198, NO_EVENT
218205,82261,82150,17994,357,-88, NO_EVENT
218230,82373,82084,25350,428,112, NO_EVENT
218255,83127,82624,147827,931,754, NO_EVENT
218280,89291,85094,6300299,6408,6408, NO_EVENT
218305,217769,176705,88183488,128478,128478, TOUCHED
218330,217320,218679,1551679,2646,-449, TOUCHED
218355,218203,217957,85341,883,883, TOUCHED
218380,100004,197262,110868460,119778,-118199, TOUCHED
218405,84938,87452,9618937,15066,-15066, UNTOUCHED
218430,83482,83396,316196,2014,-1456, NO_EVENT
218455,83401,83235,39026,528,-88, NO_EVENT
218480,88391,85818,3665180,4990,4990, NO_EVENT
218505,219700,167135,145275350,101085,101085, TOUCHED
218530,220061,218235,997054,2847,956, TOUCHED
218555,219717,218852,1288615,2297,-344, TOUCHED
218580,218229,219613,166873,1520,-1488, TOUCHED
218605,84647,132723,103862276,133582,-133582, UNTOUCHED
218630,82705,83260,291223,1942,-1942, NO_EVENT
218655,82137,82204,90055,870,-450, NO_EVENT
218680,81823,81761,55156,707,-314, NO_EVENT
218705,82111,81959,16579,334,288, NO_EVENT
218730,83538,82481,113791,1445,1445, NO_EVENT
218755,110833,94813,171416891,27308,27295, TOUCHED
218780,218726,205651,23399612,107893,107893, TOUCHED
218805,148610,213578,23933044,71528,-70116, TOUCHED
218830,85368,96801,29961906,63242,-63242, UNTOUCHED
218855,83165,83699,442243,2203,-2203, NO_EVENT
218880,82522,82882,150760,886,-643, NO_EVENT
218905,81852,82227,44153,670,-670, NO_EVENT
218930,83306,82525,69322,1097,1097, NO_EVENT
218955,87310,83709,1172500,4141,4004, NO_EVENT
218980,202440,138908,79365846,115130,115130, TOUCHED
219005,219202,218328,10554557,16762,16762, TOUCHED
219030,93833,175098,1417814,124549,-124549, UNTOUCHED
219055,84799,88140,7230874,9034,-9034, NO_EVENT
219080,83383,83444,373816,2138,-1416, NO_EVENT
219105,82422,82685,109276,961,-961, NO_EVENT
219130,82756,82384,17672,489,489, NO_EVENT
219155,83723,83099,127490,1029,967, NO_EVENT
219180,92171,86619,5954496,8448,8448, NO_EVENT
219205,218503,158147,158570877,126332,126332, TOUCHED
219230,218732,219051,236449,1048,229, TOUCHED
219255,199934,214268,64885389,18906,-18798, TOUCHED
219280,87876,94322,42112144,18349,-18349, UNTOUCHED
219305,83486,84486,1123227,2467,-2418, NO_EVENT
219330,83784,83459,97320,849,677, NO_EVENT
219355,83070,83487,117539,905,-714, NO_EVENT
219380,86633,84071,1366045,3563,3563, NO_EVENT
219405,204337,117036,4380322,117704,117704, TOUCHED
219430,217830,215384,39020902,15144,13493, TOUCHED
219455,218208,218985,824027,2019,378, TOUCHED
219480,87828,110517,60082497,130380,-130380, UNTOUCHED
219505,83349,85209,2271025,4479,-4479, NO_EVENT
219530,83217,83362,128177,1015,-132, NO_EVENT
219555,82501,82808,48454,673,-673, NO_EVENT
219580,83085,82730,28439,584,584, NO_EVENT
219605,84001,83379,69819,916,916, NO_EVENT
219630,130444,105521,144858311,46443,46443, TOUCHED
219655,220043,215759,131914060,89599,89599, TOUCHED
219680,88139,119570,85240792,113360,-113360, UNTOUCHED
219705,82959,84955,2583903,5180,-5180, NO_EVENT
219730,82792,83159,303157,1570,37, NO_EVENT
219755,82319,82352,78796,833,-473, NO_EVENT
219780,82305,82218,23856,485,-14, NO_EVENT
219805,82554,82561,47643,673,249, NO_EVENT
219830,84134,83529,232400,1342,1342, NO_EVENT
219855,201477,128663,62596722,115571,115571, TOUCHED
219880,154953,214077,5092072,64168,-46524, TOUCHED
219905,86249,103462,161195490,68704,-68704, UNTOUCHED
219930,83088,84036,745934,2633,-2633, NO_EVENT
219955,82377,82418,96914,1009,-711, NO_EVENT
219980,82477,82338,21281,391,100, NO_EVENT
220005,85247,83724,645022,2770,2770, NO_EVENT
220030,218669,137696,91230139,130486,130486, TOUCHED
220055,217505,218667,382028,1645,-1164, TOUCHED
220080,86494,105549,158458764,131011,-131011, UNTOUCHED
220105,82560,83677,937372,3934,-3934, NO_EVENT
220130,81023,81912,310726,1537,-1537, NO_EVENT
220155,78537,79439,924225,2679,-939, NO_EVENT
220180,75480,77481,1336588,3639,-3057, NO_EVENT
220205,74706,75066,118949,870,-774, NO_EVENT
220230,74063,74357,64526,701,-524, NO_EVENT
220255,73712,73895,20764,426,-351, NO_EVENT
220280,73766,73816,25032,460,54, NO_EVENT
220305,73729,73707,29073,553,-37, NO_EVENT
220330,73729,73701,26345,484,0, NO_EVENT
220355,73387,73566,24406,418,-342, NO_EVENT
220380,73649,73683,26667,439,81, NO_EVENT
220405,73547,73542,1375,94,-46, NO_EVENT
220430,73503,73596,31146,497,-44, NO_EVENT
220455,73583,73679,22718,486,80, NO_EVENT
220480,73607,73584,10799,331,24, NO_EVENT
220505,73633,73646,6472,227,26, NO_EVENT
220530,73509,73601,3924,169,-124, NO_EVENT
220555,73557,73604,6628,237,-79, NO_EVENT
220580,73486,73539,7557,224,63, NO_EVENT
220605,73534,73567,23062,468,48, NO_EVENT
220630,73638,73549,16880,423,104, NO_EVENT
220655,73506,73599,14050,360,-132, NO_EVENT
220680,73627,73568,12677,336,121, NO_EVENT
220705,73599,73587,6571,249,-28, NO_EVENT
220730,73452,73559,12919,355,-75, NO_EVENT
220755,73652,73664,15566,428,-25, NO_EVENT
220780,73622,73605,10180,311,-30, NO_EVENT
220805,73607,73617,29005,542,-15, NO_EVENT
220830,73524,73595,13077,299,-83, NO_EVENT
220855,73594,73610,6881,246,70, NO_EVENT
220880,73551,73665,11474,268,-43, NO_EVENT
220905,73626,73621,2449,168,16, NO_EVENT
220930,73645,73658,8624,297,25, NO_EVENT
220955,73559,73572,15905,410,-86, NO_EVENT
220980,73554,73615,4967,167,-5, NO_EVENT
221005,73556,73614,5420,186,2, NO_EVENT
221030,73640,73620,5698,230,84, NO_EVENT
221055,73505,73577,2012,135,-135, NO_EVENT
221080,73382,73621,11924,328,-316, NO_EVENT
221105,73720,73657,4289,179,131, NO_EVENT
221130,73565,73647,14013,367,-155, NO_EVENT
221155,73484,73604,6293,269,-81, NO_EVENT
221180,73579,73597,14794,354,95, NO_EVENT
221205,73601,73569,14630,368,22, NO_EVENT
221230,73590,73665,9502,266,-11, NO_EVENT
221255,73410,73600,11472,319,-301, NO_EVENT
221280,73707,73637,14764,366,126, NO_EVENT
221305,73657,73544,11074,320,-50, NO_EVENT
221330,73593,73648,12205,327,-64, NO_EVENT
221355,73544,73605,11160,364,-49, NO_EVENT
221380,73645,73619,16495,373,101, NO_EVENT
221405,73603,73620,11607,334,-42, NO_EVENT
221430,73457,73586,9996,331,-100, NO_EVENT
221455,73638,73648,6186,235,-29, NO_EVENT
221480,73623,73580,2707,165,-15, NO_EVENT
221505,73641,73603,12207,314,18, NO_EVENT
221530,73605,73709,17285,435,-36, NO_EVENT
221555,73617,73600,11837,343,12, NO_EVENT
221580,73460,73608,13939,392,-157, NO_EVENT
221605,73411,73565,31492,531,-49, NO_EVENT
221630,73616,73641,21491,397,57, NO_EVENT
221655,73586,73543,3738,177,57, NO_EVENT
221680,73602,73610,29296,525,16, NO_EVENT
221705,73590,73588,5933,221,-12, NO_EVENT
221730,73593,73624,14766,347,3, NO_EVENT
221755,73613,73615,2190,137,20, NO_EVENT
221780,73648,73647,7537,259,35, NO_EVENT
221805,73570,73645,10373,316,-72, NO_EVENT
221830,73506,73573,3470,153,-9, NO_EVENT
221855,73548,73603,2021,185,42, NO_EVENT
221880,73577,73598,3299,157,29, NO_EVENT
221905,73572,73688,8331,273,-5, NO_EVENT
221930,73625,73560,3065,180,53, NO_EVENT
221955,73649,73599,18761,459,24, NO_EVENT
221980,73509,73557,7644,255,-34, NO_EVENT
222005,73611,73632,25512,531,76, NO_EVENT
222030,73574,73610,12457,333,-37, NO_EVENT
222055,73583,73587,7036,275,9, NO_EVENT
222080,73694,73636,15788,373,111, NO_EVENT
222105,73606,73575,30662,552,-88, NO_EVENT
222130,73470,73589,19041,409,-136, NO_EVENT
222155,73495,73581,4654,199,-106, NO_EVENT
222180,73479,73638,29762,555,-182, NO_EVENT
222205,73625,73588,17735,394,146, NO_EVENT
222230,73659,73571,8303,209,34, NO_EVENT
222255,73496,73664,10401,345,-163, NO_EVENT
222280,73606,73572,10155,294,110, NO_EVENT
222305,73633,73677,22004,430,27, NO_EVENT
222330,73537,73606,11819,338,-53, NO_EVENT
222355,73803,73653,4554,242,121, NO_EVENT
222380,73569,73691,16082,387,-234, NO_EVENT
222405,73460,73578,21946,470,-109, NO_EVENT
222430,73602,73594,24429,499,142, NO_EVENT
222455,73578,73585,12788,337,-24, NO_EVENT
222480,73686,73641,16472,383,108, NO_EVENT
222505,73621,73658,20476,401,64, NO_EVENT
222530,73568,73587,1407,118,-33, NO_EVENT
222555,73604,73603,4913,181,46, NO_EVENT
222580,73604,73668,16841,342,0, NO_EVENT
222605,73644,73646,7740,283,40, NO_EVENT
222630,73544,73584,9635,286,-100, NO_EVENT
222655,73559,73673,12698,354,15, NO_EVENT
222680,73621,73634,10337,305,62, NO_EVENT
222705,73612,73566,12126,351,91, NO_EVENT
222730,73464,73515,4434,208,-51, NO_EVENT
222755,73647,73655,9731,349,183, NO_EVENT
222780,73689,73599,6778,244,42, NO_EVENT
222805,73511,73640,21142,432,-178, NO_EVENT
222830,73573,73627,21672,448,62, NO_EVENT
222855,73330,73618,29210,584,-243, NO_EVENT
222880,73481,73579,6592,238,-138, NO_EVENT
222905,73543,73601,3178,148,-120, NO_EVENT
222930,73516,73576,9280,287,-27, NO_EVENT
222955,73483,73592,7590,222,-33, NO_EVENT
222980,73652,73611,47229,647,169, NO_EVENT
223005,73538,73664,12208,350,-114, NO_EVENT
223030,73505,73571,9281,274,-33, NO_EVENT
223055,73259,73531,17340,430,-232, NO_EVENT
223080,73587,73585,17743,400,-111, NO_EVENT
223105,73538,73587,27271,521,-49, NO_EVENT
223130,73584,73625,12218,322,46, NO_EVENT
223155,73584,73634,9412,237,0, NO_EVENT
223180,73579,73593,3540,193,-5, NO_EVENT
223205,73416,73584,14878,366,-163, NO_EVENT
223230,73457,73632,25490,485,-156, NO_EVENT
223255,73592,73631,16533,426,20, NO_EVENT
223280,73676,73633,6848,264,84, NO_EVENT
223305,73505,73543,8610,279,-171, NO_EVENT
223330,73608,73608,7819,276,103, NO_EVENT
223355,73646,73642,11632,330,38, NO_EVENT
223380,73493,73587,3062,153,-153, NO_EVENT
223405,73616,73658,6271,244,14, NO_EVENT
223430,73556,73609,11162,264,-178, NO_EVENT
223455,73482,73603,21400,443,-74, NO_EVENT
223480,73622,73629,14129,360,140, NO_EVENT
223505,73609,73629,8410,315,-13, NO_EVENT
223530,73684,73638,8761,293,75, NO_EVENT
223555,73613,73694,11059,288,-71, NO_EVENT
223580,73571,73648,5308,219,13, NO_EVENT
223605,73529,73640,19072,376,-45, NO_EVENT
223630,73456,73576,5643,226,-73, NO_EVENT
223655,73580,73616,12701,380,124, NO_EVENT
 ,,,,,,
